OrderID,OrderDate,CustomerID,ProductID,StoreID,EmployeeID,Quantity,UnitPrice,DiscountPct,GrossSales,DiscountAmount,NetSales,TotalCost,GrossProfit,SalesChannel,PaymentMethod
ORD000001,2025-02-14,CUST0240,P0025,S024,E005,2,112531.49,0.0,225062.98,0.0,225062.98,123646.06,101416.92,Online,Cash
ORD000002,2025-08-02,CUST0244,P0040,S008,E024,10,115428.01,0.05,1154280.1,57714.0,1096566.1,765435.8,331130.3,Online,Bank Transfer
ORD000003,2025-02-28,CUST0435,P0008,S023,E022,3,110635.8,0.1,331907.4,33190.74,298716.66,245766.69,52949.97,Online,Credit Card
ORD000004,2026-10-06,CUST0113,P0051,S024,E005,3,96915.4,0.2,290746.2,58149.24,232596.96,157304.64,75292.32,In-Store,Bank Transfer
ORD000005,2026-09-08,CUST0002,P0076,S024,E041,1,56346.29,0.1,56346.29,5634.63,50711.66,28124.25,22587.41,In-Store,UPI
ORD000006,2025-07-14,CUST0485,P0029,S002,E018,4,16955.58,0.1,67822.32,6782.23,61040.09,44793.92,16246.17,Online,Bank Transfer
ORD000007,2026-05-04,CUST0443,P0054,S008,E060,3,70490.55,0.0,211471.65,0.0,211471.65,125155.77,86315.88,In-Store,UPI
ORD000008,2025-06-06,CUST0498,P0057,S004,E037,2,43154.87,0.05,86309.74,4315.49,81994.25,62737.68,19256.57,Online,UPI
ORD000009,2026-09-02,CUST0053,P0043,S004,E037,2,25257.94,0.05,50515.88,2525.79,47990.09,36994.06,10996.03,In-Store,Cash
ORD000010,2025-08-14,CUST0010,P0005,S013,E056,2,67346.24,0.15,134692.48,20203.87,114488.61,64146.0,50342.61,Corporate,Bank Transfer
ORD000011,2026-02-16,CUST0451,P0019,S008,E060,5,41399.92,0.0,206999.6,0.0,206999.6,106088.7,100910.9,Corporate,Bank Transfer
ORD000012,2025-07-24,CUST0490,P0063,S017,E006,3,36363.95,0.1,109091.85,10909.18,98182.67,60800.37,37382.3,In-Store,Bank Transfer
ORD000013,2025-03-20,CUST0400,P0061,S023,E052,4,7145.56,0.05,28582.24,1429.11,27153.13,13099.8,14053.33,In-Store,UPI
ORD000014,2025-05-04,CUST0010,P0042,S007,E050,1,55044.5,0.05,55044.5,2752.23,52292.27,36290.68,16001.59,In-Store,Cash
ORD000015,2026-04-16,CUST0229,P0023,S003,E038,2,66664.36,0.0,133328.72,0.0,133328.72,96976.88,36351.84,In-Store,UPI
ORD000016,2025-08-06,CUST0136,P0002,S023,E022,5,16505.73,0.15,82528.65,12379.3,70149.35,41144.65,29004.7,Corporate,Cash
ORD000017,2026-05-31,CUST0496,P0043,S001,E021,1,23838.4,0.15,23838.4,3575.76,20262.64,18497.03,1765.61,Online,UPI
ORD000018,2026-08-25,CUST0225,P0053,S023,E044,1,53481.43,0.05,53481.43,2674.07,50807.36,45037.35,5770.01,Online,Credit Card
ORD000019,2025-04-14,CUST0040,P0069,S019,E009,2,24978.95,0.2,49957.9,9991.58,39966.32,40644.78,-678.46,In-Store,Credit Card
ORD000020,2026-01-28,CUST0214,P0007,S016,E013,10,57477.01,0.15,574770.1,86215.52,488554.58,385421.3,103133.28,Corporate,Bank Transfer
ORD000021,2026-09-23,CUST0368,P0061,S005,E017,2,7355.8,0.0,14711.6,0.0,14711.6,6549.9,8161.7,Online,UPI
ORD000022,2026-10-07,CUST0203,P0037,S015,E045,1,97055.64,0.1,97055.64,9705.56,87350.08,61038.4,26311.68,Online,Credit Card
ORD000023,2026-08-31,CUST0381,P0049,S014,E014,1,40583.4,0.2,40583.4,8116.68,32466.72,26357.61,6109.11,Corporate,UPI
ORD000024,2026-03-10,CUST0059,P0039,S016,E013,2,6787.56,0.2,13575.12,2715.02,10860.1,8188.5,2671.6,In-Store,Bank Transfer
ORD000025,2025-11-27,CUST0333,P0045,S017,E006,1,97543.4,0.1,97543.4,9754.34,87789.06,58982.89,28806.17,In-Store,Cash
ORD000026,2025-05-23,CUST0397,P0005,S010,E034,4,61108.4,0.05,244433.6,12221.68,232211.92,128292.0,103919.92,Online,UPI
ORD000027,2026-06-24,CUST0128,P0028,S006,E043,2,18997.63,0.05,37995.26,1899.76,36095.5,17782.68,18312.82,Online,UPI
ORD000028,2025-10-05,CUST0216,P0080,S018,E025,2,36208.02,0.0,72416.04,0.0,72416.04,34610.84,37805.2,In-Store,Credit Card
ORD000029,2025-08-21,CUST0419,P0061,S013,E004,3,7224.72,0.1,21674.16,2167.42,19506.74,9824.85,9681.89,Corporate,Cash
ORD000030,2026-06-13,CUST0348,P0009,S017,E006,2,39500.95,0.05,79001.9,3950.1,75051.8,59441.2,15610.6,Online,Bank Transfer
ORD000031,2026-07-25,CUST0243,P0059,S012,E046,1,69757.45,0.1,69757.45,6975.74,62781.71,48450.19,14331.52,In-Store,Cash
ORD000032,2025-03-31,CUST0229,P0078,S014,E014,1,78359.33,0.1,78359.33,7835.93,70523.4,50097.94,20425.46,In-Store,UPI
ORD000033,2026-05-07,CUST0181,P0039,S022,E032,3,7036.6,0.05,21109.8,1055.49,20054.31,12282.75,7771.56,In-Store,Cash
ORD000034,2025-07-18,CUST0411,P0021,S015,E045,3,41562.13,0.2,124686.39,24937.28,99749.11,58998.84,40750.27,In-Store,Credit Card
ORD000035,2025-12-28,CUST0127,P0056,S014,E014,2,46160.23,0.0,92320.46,0.0,92320.46,59490.4,32830.06,In-Store,UPI
ORD000036,2026-03-17,CUST0089,P0060,S010,E002,1,116862.58,0.05,116862.58,5843.13,111019.45,59660.77,51358.68,Corporate,UPI
ORD000037,2025-01-26,CUST0311,P0027,S024,E041,5,4841.37,0.1,24206.85,2420.68,21786.17,11094.45,10691.72,In-Store,UPI
ORD000038,2025-01-25,CUST0106,P0071,S010,E010,3,102733.0,0.15,308199.0,46229.85,261969.15,167062.65,94906.5,Online,Cash
ORD000039,2026-01-29,CUST0216,P0065,S007,E050,3,91381.66,0.1,274144.98,27414.5,246730.48,192990.39,53740.09,In-Store,UPI
ORD000040,2026-05-22,CUST0079,P0070,S017,E006,1,117019.56,0.1,117019.56,11701.96,105317.6,61810.81,43506.79,In-Store,Bank Transfer
ORD000041,2025-10-28,CUST0008,P0002,S003,E038,1,16053.36,0.2,16053.36,3210.67,12842.69,8228.93,4613.76,Corporate,Cash
ORD000042,2025-12-05,CUST0134,P0048,S012,E033,2,119265.55,0.05,238531.1,11926.56,226604.54,182788.4,43816.14,In-Store,Credit Card
ORD000043,2025-09-24,CUST0149,P0008,S014,E014,2,111837.29,0.0,223674.58,0.0,223674.58,163844.46,59830.12,Online,Cash
ORD000044,2026-04-06,CUST0110,P0057,S024,E041,5,44732.35,0.0,223661.75,0.0,223661.75,156844.2,66817.55,In-Store,Credit Card
ORD000045,2026-11-24,CUST0177,P0013,S019,E009,5,53126.61,0.0,265633.05,0.0,265633.05,201200.15,64432.9,In-Store,Cash
ORD000046,2026-04-01,CUST0197,P0076,S004,E037,2,56311.69,0.0,112623.38,0.0,112623.38,56248.5,56374.88,In-Store,Credit Card
ORD000047,2025-12-26,CUST0391,P0005,S012,E046,1,61275.36,0.0,61275.36,0.0,61275.36,32073.0,29202.36,In-Store,Cash
ORD000048,2025-03-09,CUST0484,P0028,S007,E050,1,20129.21,0.0,20129.21,0.0,20129.21,8891.34,11237.87,Corporate,Bank Transfer
ORD000049,2026-02-16,CUST0420,P0042,S020,E053,3,53728.35,0.0,161185.05,0.0,161185.05,108872.04,52313.01,Online,Cash
ORD000050,2026-05-06,CUST0407,P0063,S024,E005,1,37667.64,0.1,37667.64,3766.76,33900.88,20266.79,13634.09,In-Store,UPI
ORD000051,2025-02-18,CUST0279,P0002,S012,E054,4,15990.65,0.05,63962.6,3198.13,60764.47,32915.72,27848.75,In-Store,Cash
ORD000052,2026-11-18,CUST0223,P0039,S011,E058,2,6836.32,0.2,13672.64,2734.53,10938.11,8188.5,2749.61,In-Store,UPI
ORD000053,2026-07-18,CUST0358,P0013,S024,E005,1,52737.72,0.05,52737.72,2636.89,50100.83,40240.03,9860.8,Online,Cash
ORD000054,2025-04-12,CUST0050,P0057,S018,E025,3,41499.05,0.05,124497.15,6224.86,118272.29,94106.52,24165.77,Corporate,Cash
ORD000055,2025-08-04,CUST0073,P0016,S011,E058,3,44871.4,0.1,134614.2,13461.42,121152.78,61411.05,59741.73,Corporate,Credit Card
ORD000056,2026-03-14,CUST0376,P0041,S006,E026,2,19496.34,0.0,38992.68,0.0,38992.68,26738.7,12253.98,In-Store,Bank Transfer
ORD000057,2026-12-01,CUST0472,P0061,S011,E055,3,7588.68,0.15,22766.04,3414.91,19351.13,9824.85,9526.28,In-Store,Cash
ORD000058,2026-07-23,CUST0465,P0066,S002,E036,1,78692.72,0.05,78692.72,3934.64,74758.08,59452.91,15305.17,In-Store,Cash
ORD000059,2026-07-13,CUST0358,P0027,S021,E051,3,4980.03,0.05,14940.09,747.0,14193.09,6656.67,7536.42,In-Store,Credit Card
ORD000060,2025-06-08,CUST0183,P0044,S021,E008,3,102031.68,0.0,306095.04,0.0,306095.04,215537.67,90557.37,In-Store,Credit Card
ORD000061,2026-05-04,CUST0295,P0079,S001,E021,4,868.79,0.0,3475.16,0.0,3475.16,1724.28,1750.88,In-Store,Credit Card
ORD000062,2026-11-17,CUST0062,P0036,S015,E048,5,62284.77,0.05,311423.85,15571.19,295852.66,163049.75,132802.91,Online,UPI
ORD000063,2025-08-30,CUST0117,P0069,S007,E050,3,24797.11,0.1,74391.33,7439.13,66952.2,60967.17,5985.03,In-Store,Bank Transfer
ORD000064,2025-01-05,CUST0301,P0059,S025,E042,4,75105.42,0.1,300421.68,30042.17,270379.51,193800.76,76578.75,Online,UPI
ORD000065,2026-08-19,CUST0369,P0067,S023,E044,3,64918.42,0.05,194755.26,9737.76,185017.5,129209.64,55807.86,Corporate,Credit Card
ORD000066,2025-12-27,CUST0010,P0019,S008,E024,1,43231.18,0.1,43231.18,4323.12,38908.06,21217.74,17690.32,In-Store,UPI
ORD000067,2026-04-04,CUST0109,P0037,S017,E006,2,101742.0,0.1,203484.0,20348.4,183135.6,122076.8,61058.8,In-Store,UPI
ORD000068,2025-09-05,CUST0316,P0015,S025,E007,3,50751.11,0.0,152253.33,0.0,152253.33,88584.12,63669.21,In-Store,UPI
ORD000069,2026-07-20,CUST0241,P0069,S009,E012,2,25274.17,0.0,50548.34,0.0,50548.34,40644.78,9903.56,In-Store,UPI
ORD000070,2026-11-04,CUST0112,P0051,S001,E021,1,99368.0,0.05,99368.0,4968.4,94399.6,52434.88,41964.72,Corporate,Credit Card
ORD000071,2026-02-26,CUST0152,P0014,S014,E014,10,53239.96,0.0,532399.6,0.0,532399.6,357042.0,175357.6,Online,Bank Transfer
ORD000072,2025-01-15,CUST0315,P0014,S011,E058,4,56000.95,0.05,224003.8,11200.19,212803.61,142816.8,69986.81,Corporate,Cash
ORD000073,2026-07-27,CUST0483,P0071,S021,E003,2,102701.69,0.1,205403.38,20540.34,184863.04,111375.1,73487.94,In-Store,Cash
ORD000074,2025-05-02,CUST0441,P0046,S012,E033,2,46872.92,0.05,93745.84,4687.29,89058.55,43706.68,45351.87,In-Store,Cash
ORD000075,2025-10-04,CUST0356,P0007,S017,E006,1,56932.25,0.05,56932.25,2846.61,54085.64,38542.13,15543.51,Online,Cash
ORD000076,2026-07-12,CUST0125,P0063,S004,E037,1,39377.25,0.0,39377.25,0.0,39377.25,20266.79,19110.46,In-Store,Bank Transfer
ORD000077,2026-03-29,CUST0317,P0051,S010,E002,5,97032.63,0.05,485163.15,24258.16,460904.99,262174.4,198730.59,In-Store,Cash
ORD000078,2026-01-25,CUST0437,P0057,S010,E010,1,44073.97,0.05,44073.97,2203.7,41870.27,31368.84,10501.43,Online,UPI
ORD000079,2025-10-21,CUST0242,P0069,S014,E014,5,26571.44,0.05,132857.2,6642.86,126214.34,101611.95,24602.39,Online,UPI
ORD000080,2026-07-28,CUST0172,P0030,S020,E053,5,103536.69,0.05,517683.45,25884.17,491799.28,264661.2,227138.08,Online,UPI
ORD000081,2026-08-21,CUST0273,P0063,S023,E059,1,36914.8,0.1,36914.8,3691.48,33223.32,20266.79,12956.53,In-Store,Credit Card
ORD000082,2026-03-22,CUST0383,P0002,S001,E021,3,17178.29,0.0,51534.87,0.0,51534.87,24686.79,26848.08,In-Store,Cash
ORD000083,2025-07-29,CUST0303,P0002,S015,E045,3,16370.34,0.15,49111.02,7366.65,41744.37,24686.79,17057.58,Corporate,Cash
ORD000084,2026-08-13,CUST0463,P0061,S007,E050,3,7423.59,0.2,22270.77,4454.15,17816.62,9824.85,7991.77,Online,Cash
ORD000085,2026-12-15,CUST0177,P0041,S005,E035,2,20580.77,0.05,41161.54,2058.08,39103.46,26738.7,12364.76,Corporate,Cash
ORD000086,2025-10-29,CUST0028,P0025,S001,E021,4,120010.8,0.0,480043.2,0.0,480043.2,247292.12,232751.08,In-Store,Credit Card
ORD000087,2025-08-11,CUST0473,P0031,S023,E059,1,43308.96,0.1,43308.96,4330.9,38978.06,28394.23,10583.83,Corporate,Cash
ORD000088,2025-01-03,CUST0494,P0074,S003,E038,5,101620.14,0.0,508100.7,0.0,508100.7,369967.15,138133.55,Online,UPI
ORD000089,2026-06-02,CUST0168,P0078,S018,E025,2,76732.51,0.1,153465.02,15346.5,138118.52,100195.88,37922.64,Online,Bank Transfer
ORD000090,2025-04-03,CUST0028,P0021,S005,E017,4,42750.68,0.0,171002.72,0.0,171002.72,78665.12,92337.6,In-Store,Bank Transfer
ORD000091,2026-06-04,CUST0269,P0025,S019,E009,1,119777.97,0.0,119777.97,0.0,119777.97,61823.03,57954.94,Online,Credit Card
ORD000092,2026-03-04,CUST0232,P0005,S023,E052,1,64429.85,0.05,64429.85,3221.49,61208.36,32073.0,29135.36,Corporate,Bank Transfer
ORD000093,2026-05-08,CUST0359,P0002,S007,E050,4,17577.89,0.15,70311.56,10546.73,59764.83,32915.72,26849.11,In-Store,Credit Card
ORD000094,2025-08-23,CUST0035,P0066,S007,E050,1,79404.32,0.05,79404.32,3970.22,75434.1,59452.91,15981.19,In-Store,UPI
ORD000095,2026-09-12,CUST0343,P0040,S023,E052,2,120457.66,0.2,240915.32,48183.06,192732.26,153087.16,39645.1,Online,UPI
ORD000096,2025-06-10,CUST0280,P0023,S023,E052,1,66063.16,0.2,66063.16,13212.63,52850.53,48488.44,4362.09,In-Store,Credit Card
ORD000097,2026-12-22,CUST0024,P0028,S019,E009,3,19893.91,0.1,59681.73,5968.17,53713.56,26674.02,27039.54,Online,UPI
ORD000098,2025-11-27,CUST0429,P0019,S007,E050,3,39533.72,0.0,118601.16,0.0,118601.16,63653.22,54947.94,Online,Cash
ORD000099,2025-11-29,CUST0190,P0061,S024,E005,4,6932.41,0.0,27729.64,0.0,27729.64,13099.8,14629.84,In-Store,Credit Card
ORD000100,2025-02-19,CUST0313,P0016,S006,E026,10,42578.86,0.1,425788.6,42578.86,383209.74,204703.5,178506.24,In-Store,UPI
ORD000101,2026-06-07,CUST0349,P0080,S003,E038,2,35862.56,0.0,71725.12,0.0,71725.12,34610.84,37114.28,Online,Bank Transfer
ORD000102,2026-10-30,CUST0343,P0064,S012,E040,1,60252.69,0.2,60252.69,12050.54,48202.15,41701.22,6500.93,In-Store,Credit Card
ORD000103,2026-05-07,CUST0142,P0019,S008,E060,1,39559.19,0.0,39559.19,0.0,39559.19,21217.74,18341.45,Online,Credit Card
ORD000104,2026-08-05,CUST0176,P0008,S019,E009,4,110331.33,0.0,441325.32,0.0,441325.32,327688.92,113636.4,In-Store,UPI
ORD000105,2026-11-12,CUST0225,P0032,S004,E029,4,73364.92,0.0,293459.68,0.0,293459.68,220134.6,73325.08,Online,Cash
ORD000106,2025-09-29,CUST0261,P0060,S004,E029,3,116103.63,0.05,348310.89,17415.54,330895.35,178982.31,151913.04,In-Store,Bank Transfer
ORD000107,2026-08-03,CUST0097,P0049,S017,E006,2,43801.65,0.1,87603.3,8760.33,78842.97,52715.22,26127.75,Corporate,Cash
ORD000108,2025-09-09,CUST0265,P0073,S004,E037,3,90321.97,0.05,270965.91,13548.3,257417.61,133344.09,124073.52,Corporate,Cash
ORD000109,2026-07-14,CUST0299,P0058,S002,E018,10,114869.79,0.0,1148697.9,0.0,1148697.9,706149.7,442548.2,Corporate,Credit Card
ORD000110,2026-11-27,CUST0219,P0024,S004,E029,2,52584.41,0.0,105168.82,0.0,105168.82,76386.92,28781.9,In-Store,UPI
ORD000111,2026-11-30,CUST0174,P0057,S011,E058,2,44664.95,0.05,89329.9,4466.5,84863.4,62737.68,22125.72,In-Store,UPI
ORD000112,2025-03-31,CUST0062,P0077,S021,E051,1,3083.81,0.0,3083.81,0.0,3083.81,1728.24,1355.57,In-Store,Cash
ORD000113,2026-03-22,CUST0080,P0076,S005,E035,2,60827.51,0.05,121655.02,6082.75,115572.27,56248.5,59323.77,Corporate,Credit Card
ORD000114,2025-11-28,CUST0454,P0025,S004,E029,3,120517.83,0.0,361553.49,0.0,361553.49,185469.09,176084.4,Online,Bank Transfer
ORD000115,2025-05-19,CUST0156,P0051,S005,E035,5,93759.87,0.05,468799.35,23439.97,445359.38,262174.4,183184.98,In-Store,Cash
ORD000116,2025-12-23,CUST0495,P0018,S016,E013,2,78626.93,0.1,157253.86,15725.39,141528.47,72889.48,68638.99,Online,Cash
ORD000117,2026-08-24,CUST0209,P0009,S018,E025,3,40831.34,0.05,122494.02,6124.7,116369.32,89161.8,27207.52,Corporate,Credit Card
ORD000118,2025-10-01,CUST0064,P0008,S009,E015,3,113352.23,0.1,340056.69,34005.67,306051.02,245766.69,60284.33,Online,UPI
ORD000119,2025-01-19,CUST0016,P0075,S002,E036,1,104305.68,0.2,104305.68,20861.14,83444.54,69042.9,14401.64,Corporate,Cash
ORD000120,2025-11-07,CUST0167,P0052,S024,E041,5,4201.11,0.05,21005.55,1050.28,19955.27,17334.75,2620.52,Online,Bank Transfer
ORD000121,2025-06-03,CUST0479,P0056,S012,E040,4,46591.0,0.0,186364.0,0.0,186364.0,118980.8,67383.2,In-Store,Bank Transfer
ORD000122,2026-01-25,CUST0026,P0059,S014,E014,2,75290.61,0.2,150581.22,30116.24,120464.98,96900.38,23564.6,Online,Cash
ORD000123,2025-09-17,CUST0353,P0021,S017,E006,1,42203.84,0.1,42203.84,4220.38,37983.46,19666.28,18317.18,In-Store,Credit Card
ORD000124,2026-09-12,CUST0268,P0068,S021,E003,2,43747.27,0.15,87494.54,13124.18,74370.36,64713.08,9657.28,Online,Credit Card
ORD000125,2026-07-25,CUST0475,P0038,S014,E014,2,94905.78,0.05,189811.56,9490.58,180320.98,140926.16,39394.82,In-Store,Cash
ORD000126,2025-05-05,CUST0248,P0059,S019,E009,2,70534.23,0.0,141068.46,0.0,141068.46,96900.38,44168.08,In-Store,Bank Transfer
ORD000127,2025-12-20,CUST0225,P0016,S007,E050,3,46441.86,0.15,139325.58,20898.84,118426.74,61411.05,57015.69,Corporate,Bank Transfer
ORD000128,2025-09-30,CUST0167,P0046,S006,E043,4,48574.85,0.0,194299.4,0.0,194299.4,87413.36,106886.04,In-Store,Cash
ORD000129,2026-09-11,CUST0194,P0032,S010,E002,3,74219.56,0.0,222658.68,0.0,222658.68,165100.95,57557.73,Corporate,Credit Card
ORD000130,2025-09-02,CUST0341,P0062,S023,E059,1,99166.17,0.15,99166.17,14874.93,84291.24,79294.19,4997.05,Corporate,Credit Card
ORD000131,2026-03-26,CUST0024,P0074,S011,E030,4,97349.59,0.0,389398.36,0.0,389398.36,295973.72,93424.64,In-Store,Bank Transfer
ORD000132,2025-09-04,CUST0179,P0051,S020,E053,1,97662.29,0.2,97662.29,19532.46,78129.83,52434.88,25694.95,In-Store,Credit Card
ORD000133,2026-06-04,CUST0430,P0029,S001,E021,2,17576.55,0.1,35153.1,3515.31,31637.79,22396.96,9240.83,In-Store,Credit Card
ORD000134,2025-05-21,CUST0014,P0039,S015,E045,2,7397.3,0.05,14794.6,739.73,14054.87,8188.5,5866.37,In-Store,Credit Card
ORD000135,2025-12-28,CUST0371,P0080,S019,E009,5,36357.51,0.05,181787.55,9089.38,172698.17,86527.1,86171.07,In-Store,UPI
ORD000136,2025-01-08,CUST0342,P0075,S013,E056,1,101044.91,0.1,101044.91,10104.49,90940.42,69042.9,21897.52,In-Store,Credit Card
ORD000137,2026-04-23,CUST0463,P0032,S009,E012,10,75478.08,0.1,754780.8,75478.08,679302.72,550336.5,128966.22,In-Store,Credit Card
ORD000138,2025-12-18,CUST0432,P0032,S017,E006,2,72262.01,0.2,144524.02,28904.8,115619.22,110067.3,5551.92,In-Store,Credit Card
ORD000139,2026-05-10,CUST0454,P0053,S006,E043,3,56860.21,0.1,170580.63,17058.06,153522.57,135112.05,18410.52,In-Store,Bank Transfer
ORD000140,2026-08-29,CUST0479,P0053,S009,E015,2,57196.77,0.05,114393.54,5719.68,108673.86,90074.7,18599.16,Corporate,UPI
ORD000141,2026-03-03,CUST0373,P0075,S005,E017,10,98163.16,0.05,981631.6000000001,49081.58,932550.02,690429.0,242121.02,Corporate,UPI
ORD000142,2025-02-08,CUST0421,P0037,S011,E030,1,104602.16,0.1,104602.16,10460.22,94141.94,61038.4,33103.54,Corporate,Cash
ORD000143,2026-08-16,CUST0388,P0033,S024,E041,5,10999.38,0.2,54996.89999999999,10999.38,43997.52,35915.25,8082.27,In-Store,Credit Card
ORD000144,2025-07-06,CUST0390,P0050,S012,E054,10,16459.89,0.05,164598.9,8229.94,156368.96,116984.2,39384.76,Online,Credit Card
ORD000145,2026-08-19,CUST0229,P0051,S018,E025,2,92535.42,0.05,185070.84,9253.54,175817.3,104869.76,70947.54,Online,Bank Transfer
ORD000146,2026-08-23,CUST0497,P0058,S006,E026,2,114822.45,0.0,229644.9,0.0,229644.9,141229.94,88414.96,In-Store,Bank Transfer
ORD000147,2025-04-03,CUST0123,P0058,S018,E025,3,123149.58,0.1,369448.74,36944.87,332503.87,211844.91,120658.96,Corporate,Bank Transfer
ORD000148,2025-03-27,CUST0341,P0012,S009,E019,5,64519.27,0.05,322596.35,16129.82,306466.53,250915.05,55551.48,In-Store,UPI
ORD000149,2025-02-13,CUST0247,P0053,S013,E056,2,57021.54,0.15,114043.08,17106.46,96936.62,90074.7,6861.92,In-Store,UPI
ORD000150,2025-05-17,CUST0045,P0042,S018,E025,1,54363.57,0.0,54363.57,0.0,54363.57,36290.68,18072.89,In-Store,Bank Transfer
ORD000151,2026-02-25,CUST0133,P0077,S020,E053,4,3105.2,0.05,12420.8,621.04,11799.76,6912.96,4886.8,Online,Bank Transfer
ORD000152,2025-03-15,CUST0228,P0047,S015,E057,3,86985.61,0.0,260956.83,0.0,260956.83,202278.39,58678.44,Corporate,UPI
ORD000153,2026-07-02,CUST0084,P0075,S019,E009,2,106042.17,0.15,212084.34,31812.65,180271.69,138085.8,42185.89,Corporate,Credit Card
ORD000154,2026-09-05,CUST0121,P0059,S003,E038,2,68926.33,0.1,137852.66,13785.27,124067.39,96900.38,27167.01,In-Store,UPI
ORD000155,2026-05-27,CUST0461,P0051,S014,E014,1,92931.6,0.0,92931.6,0.0,92931.6,52434.88,40496.72,Online,Bank Transfer
ORD000156,2025-06-05,CUST0042,P0020,S004,E037,4,63254.87,0.0,253019.48,0.0,253019.48,146653.08,106366.4,In-Store,Bank Transfer
ORD000157,2025-09-12,CUST0347,P0018,S004,E029,1,75711.08,0.0,75711.08,0.0,75711.08,36444.74,39266.34,In-Store,Credit Card
ORD000158,2025-06-20,CUST0090,P0017,S005,E035,1,60934.85,0.15,60934.85,9140.23,51794.62,40427.93,11366.69,Online,Bank Transfer
ORD000159,2026-12-29,CUST0320,P0028,S015,E057,1,18518.66,0.2,18518.66,3703.73,14814.93,8891.34,5923.59,Online,UPI
ORD000160,2025-06-19,CUST0337,P0008,S023,E059,2,113274.59,0.1,226549.18,22654.92,203894.26,163844.46,40049.8,Corporate,UPI
ORD000161,2025-11-18,CUST0107,P0076,S002,E023,3,57024.98,0.1,171074.94,17107.49,153967.45,84372.75,69594.7,Online,UPI
ORD000162,2026-07-21,CUST0393,P0011,S020,E053,3,53072.7,0.15,159218.1,23882.71,135335.39,108522.21,26813.18,Online,Bank Transfer
ORD000163,2026-04-01,CUST0230,P0062,S005,E017,4,102448.99,0.05,409795.96,20489.8,389306.16,317176.76,72129.4,Online,Cash
ORD000164,2026-08-26,CUST0134,P0031,S012,E046,2,43726.03,0.2,87452.06,17490.41,69961.65,56788.46,13173.19,In-Store,Cash
ORD000165,2026-09-05,CUST0426,P0067,S022,E011,3,62649.42,0.2,187948.26,37589.65,150358.61,129209.64,21148.97,In-Store,UPI
ORD000166,2025-06-04,CUST0185,P0018,S022,E020,2,80897.04,0.0,161794.08,0.0,161794.08,72889.48,88904.6,In-Store,Bank Transfer
ORD000167,2025-12-15,CUST0102,P0028,S012,E054,1,18960.38,0.2,18960.38,3792.08,15168.3,8891.34,6276.96,In-Store,Cash
ORD000168,2026-03-27,CUST0086,P0006,S022,E028,3,84424.16,0.05,253272.48,12663.62,240608.86,162691.71,77917.15,In-Store,Credit Card
ORD000169,2026-10-15,CUST0224,P0066,S012,E054,2,82991.08,0.15,165982.16,24897.32,141084.84,118905.82,22179.02,In-Store,Cash
ORD000170,2025-06-22,CUST0463,P0026,S017,E006,2,65684.96,0.0,131369.92,0.0,131369.92,63899.74,67470.18,Corporate,Bank Transfer
ORD000171,2025-01-10,CUST0454,P0020,S014,E014,4,62028.6,0.05,248114.4,12405.72,235708.68,146653.08,89055.6,Corporate,Cash
ORD000172,2025-09-22,CUST0280,P0060,S020,E053,2,110514.57,0.15,221029.14,33154.37,187874.77,119321.54,68553.23,In-Store,Bank Transfer
ORD000173,2026-03-14,CUST0082,P0058,S007,E050,2,112615.28,0.1,225230.56,22523.06,202707.5,141229.94,61477.56,In-Store,Cash
ORD000174,2025-09-04,CUST0189,P0015,S008,E060,1,51769.42,0.0,51769.42,0.0,51769.42,29528.04,22241.38,In-Store,Cash
ORD000175,2026-10-29,CUST0208,P0037,S016,E013,1,104348.88,0.1,104348.88,10434.89,93913.99,61038.4,32875.59,Online,Cash
ORD000176,2026-06-30,CUST0126,P0022,S022,E032,2,70137.59,0.2,140275.18,28055.04,112220.14,70147.68,42072.46,In-Store,Bank Transfer
ORD000177,2026-05-14,CUST0262,P0035,S009,E015,2,64732.0,0.2,129464.0,25892.8,103571.2,66338.46,37232.74,In-Store,Bank Transfer
ORD000178,2025-05-09,CUST0418,P0076,S009,E019,2,60480.54,0.0,120961.08,0.0,120961.08,56248.5,64712.58,Online,UPI
ORD000179,2026-11-03,CUST0325,P0020,S019,E009,3,62860.44,0.0,188581.32,0.0,188581.32,109989.81,78591.51,Online,Bank Transfer
ORD000180,2026-08-24,CUST0055,P0028,S013,E004,5,18769.51,0.05,93847.54999999999,4692.38,89155.17,44456.7,44698.47,Online,UPI
ORD000181,2026-08-28,CUST0439,P0027,S017,E006,1,4727.78,0.0,4727.78,0.0,4727.78,2218.89,2508.89,In-Store,Cash
ORD000182,2025-11-23,CUST0111,P0014,S005,E035,1,53414.67,0.0,53414.67,0.0,53414.67,35704.2,17710.47,Corporate,Cash
ORD000183,2026-02-08,CUST0136,P0001,S004,E029,1,67848.43,0.1,67848.43,6784.84,61063.59,32085.11,28978.48,Corporate,Bank Transfer
ORD000184,2026-09-21,CUST0067,P0039,S012,E046,1,7298.54,0.1,7298.54,729.85,6568.69,4094.25,2474.44,Online,Credit Card
ORD000185,2026-08-29,CUST0269,P0023,S021,E047,2,64142.7,0.0,128285.4,0.0,128285.4,96976.88,31308.52,Online,Cash
ORD000186,2026-11-06,CUST0256,P0021,S013,E004,2,40171.42,0.0,80342.84,0.0,80342.84,39332.56,41010.28,Corporate,Cash
ORD000187,2026-09-03,CUST0137,P0023,S021,E027,4,66252.28,0.0,265009.12,0.0,265009.12,193953.76,71055.36,In-Store,Bank Transfer
ORD000188,2026-09-17,CUST0040,P0044,S003,E038,1,106514.68,0.05,106514.68,5325.73,101188.95,71845.89,29343.06,In-Store,Cash
ORD000189,2025-12-25,CUST0482,P0015,S014,E014,1,50025.04,0.05,50025.04,2501.25,47523.79,29528.04,17995.75,In-Store,Credit Card
ORD000190,2026-08-26,CUST0487,P0014,S024,E041,1,56072.47,0.1,56072.47,5607.25,50465.22,35704.2,14761.02,In-Store,Cash
ORD000191,2026-12-19,CUST0329,P0005,S009,E012,4,67105.47,0.15,268421.88,40263.28,228158.6,128292.0,99866.6,In-Store,Bank Transfer
ORD000192,2025-01-17,CUST0201,P0076,S022,E032,4,57283.15,0.1,229132.6,22913.26,206219.34,112497.0,93722.34,In-Store,Credit Card
ORD000193,2025-10-01,CUST0337,P0018,S011,E055,3,76470.31,0.1,229410.93,22941.09,206469.84,109334.22,97135.62,In-Store,Credit Card
ORD000194,2026-11-16,CUST0124,P0027,S006,E043,5,4834.37,0.15,24171.85,3625.78,20546.07,11094.45,9451.62,Online,Credit Card
ORD000195,2025-04-26,CUST0491,P0031,S009,E019,1,46105.25,0.0,46105.25,0.0,46105.25,28394.23,17711.02,In-Store,UPI
ORD000196,2026-11-24,CUST0300,P0037,S023,E022,2,100648.52,0.15,201297.04,30194.56,171102.48,122076.8,49025.68,Online,Credit Card
ORD000197,2025-04-01,CUST0410,P0064,S022,E020,3,59110.26,0.05,177330.78,8866.54,168464.24,125103.66,43360.58,In-Store,Credit Card
ORD000198,2025-03-23,CUST0230,P0033,S016,E013,3,10394.24,0.05,31182.72,1559.14,29623.58,21549.15,8074.43,Online,Bank Transfer
ORD000199,2025-11-20,CUST0197,P0042,S015,E048,1,51299.39,0.0,51299.39,0.0,51299.39,36290.68,15008.71,Corporate,Credit Card
ORD000200,2025-04-24,CUST0177,P0006,S002,E036,3,80845.06,0.1,242535.18,24253.52,218281.66,162691.71,55589.95,Corporate,Credit Card
ORD000201,2025-02-27,CUST0170,P0077,S015,E057,1,3163.36,0.0,3163.36,0.0,3163.36,1728.24,1435.12,In-Store,UPI
ORD000202,2025-06-03,CUST0043,P0067,S007,E050,2,63987.93,0.2,127975.86,25595.17,102380.69,86139.76,16240.93,Corporate,Cash
ORD000203,2026-02-08,CUST0112,P0041,S001,E021,3,20772.4,0.2,62317.2,12463.44,49853.76,40108.05,9745.71,Corporate,Credit Card
ORD000204,2026-09-20,CUST0221,P0058,S024,E005,2,119869.15,0.05,239738.3,11986.92,227751.38,141229.94,86521.44,In-Store,UPI
ORD000205,2025-09-23,CUST0049,P0038,S024,E041,3,97887.96,0.1,293663.88,29366.39,264297.49,211389.24,52908.25,Online,UPI
ORD000206,2025-11-11,CUST0371,P0067,S001,E021,1,60385.93,0.0,60385.93,0.0,60385.93,43069.88,17316.05,Online,Bank Transfer
ORD000207,2026-12-16,CUST0162,P0006,S010,E034,10,86478.5,0.1,864785.0,86478.5,778306.5,542305.7,236000.8,Corporate,Cash
ORD000208,2025-02-10,CUST0204,P0025,S003,E038,2,113545.43,0.1,227090.86,22709.09,204381.77,123646.06,80735.71,Corporate,Bank Transfer
ORD000209,2025-04-15,CUST0343,P0046,S006,E043,1,46496.21,0.05,46496.21,2324.81,44171.4,21853.34,22318.06,Online,Cash
ORD000210,2025-07-12,CUST0271,P0023,S012,E054,1,66183.46,0.0,66183.46,0.0,66183.46,48488.44,17695.02,In-Store,UPI
ORD000211,2026-02-05,CUST0379,P0011,S018,E025,10,50480.55,0.1,504805.5,50480.55,454324.95,361740.7,92584.25,In-Store,Cash
ORD000212,2025-10-05,CUST0200,P0069,S015,E057,2,26381.45,0.15,52762.9,7914.44,44848.46,40644.78,4203.68,In-Store,UPI
ORD000213,2025-12-20,CUST0379,P0001,S014,E014,3,69098.13,0.0,207294.39,0.0,207294.39,96255.33,111039.06,In-Store,Bank Transfer
ORD000214,2026-08-03,CUST0155,P0060,S014,E014,1,111236.67,0.0,111236.67,0.0,111236.67,59660.77,51575.9,In-Store,Cash
ORD000215,2026-12-10,CUST0387,P0050,S012,E046,1,15110.46,0.05,15110.46,755.52,14354.94,11698.42,2656.52,Online,Bank Transfer
ORD000216,2025-09-13,CUST0164,P0026,S014,E014,5,67065.45,0.2,335327.25,67065.45,268261.8,159749.35,108512.45,In-Store,Cash
ORD000217,2026-10-13,CUST0236,P0069,S021,E008,2,25745.36,0.1,51490.72,5149.07,46341.65,40644.78,5696.87,Online,Bank Transfer
ORD000218,2026-10-23,CUST0254,P0038,S008,E024,10,100804.99,0.0,1008049.9,0.0,1008049.9,704630.8,303419.1,In-Store,Cash
ORD000219,2025-04-09,CUST0283,P0066,S017,E006,2,81621.63,0.05,163243.26,8162.16,155081.1,118905.82,36175.28,In-Store,UPI
ORD000220,2026-08-11,CUST0450,P0026,S002,E049,10,63232.66,0.05,632326.6000000001,31616.33,600710.27,319498.7,281211.57,Corporate,UPI
ORD000221,2025-10-09,CUST0451,P0029,S009,E012,1,17118.76,0.0,17118.76,0.0,17118.76,11198.48,5920.28,In-Store,UPI
ORD000222,2026-02-07,CUST0388,P0035,S021,E047,4,61875.08,0.0,247500.32,0.0,247500.32,132676.92,114823.4,Online,UPI
ORD000223,2025-04-19,CUST0330,P0012,S002,E036,2,63044.16,0.1,126088.32,12608.83,113479.49,100366.02,13113.47,In-Store,UPI
ORD000224,2026-12-01,CUST0148,P0006,S010,E034,10,81675.54,0.2,816755.3999999999,163351.08,653404.32,542305.7,111098.62,Corporate,Cash
ORD000225,2025-07-18,CUST0176,P0008,S013,E004,1,109997.47,0.05,109997.47,5499.87,104497.6,81922.23,22575.37,In-Store,UPI
ORD000226,2025-10-30,CUST0294,P0030,S017,E006,3,108814.21,0.0,326442.63,0.0,326442.63,158796.72,167645.91,In-Store,Bank Transfer
ORD000227,2025-11-23,CUST0414,P0064,S019,E009,5,60799.97,0.0,303999.85,0.0,303999.85,208506.1,95493.75,Online,Cash
ORD000228,2025-06-03,CUST0132,P0025,S009,E012,4,118708.27,0.1,474833.08,47483.31,427349.77,247292.12,180057.65,In-Store,UPI
ORD000229,2026-07-06,CUST0240,P0045,S019,E009,3,94289.32,0.0,282867.96,0.0,282867.96,176948.67,105919.29,In-Store,Bank Transfer
ORD000230,2026-10-07,CUST0466,P0001,S013,E004,10,70401.44,0.15,704014.4,105602.16,598412.24,320851.1,277561.14,In-Store,Cash
ORD000231,2026-02-09,CUST0234,P0024,S005,E017,2,56003.54,0.1,112007.08,11200.71,100806.37,76386.92,24419.45,In-Store,Bank Transfer
ORD000232,2026-04-07,CUST0430,P0038,S007,E050,3,99116.92,0.15,297350.76,44602.61,252748.15,211389.24,41358.91,In-Store,Cash
ORD000233,2025-05-12,CUST0119,P0014,S003,E038,3,55529.18,0.0,166587.54,0.0,166587.54,107112.6,59474.94,In-Store,Cash
ORD000234,2025-03-25,CUST0292,P0043,S024,E041,2,25733.94,0.05,51467.88,2573.39,48894.49,36994.06,11900.43,In-Store,Cash
ORD000235,2026-02-03,CUST0154,P0014,S012,E054,10,54631.51,0.0,546315.1,0.0,546315.1,357042.0,189273.1,Online,UPI
ORD000236,2026-09-20,CUST0308,P0011,S004,E029,1,51161.05,0.05,51161.05,2558.05,48603.0,36174.07,12428.93,In-Store,Cash
ORD000237,2025-04-19,CUST0302,P0022,S009,E019,4,71066.08,0.05,284264.32,14213.22,270051.1,140295.36,129755.74,In-Store,Bank Transfer
ORD000238,2025-08-09,CUST0365,P0019,S007,E050,3,42371.61,0.0,127114.83,0.0,127114.83,63653.22,63461.61,Online,Bank Transfer
ORD000239,2026-07-07,CUST0047,P0056,S019,E009,4,46280.44,0.0,185121.76,0.0,185121.76,118980.8,66140.96,In-Store,Bank Transfer
ORD000240,2026-01-03,CUST0317,P0039,S010,E034,1,6974.5,0.05,6974.5,348.72,6625.78,4094.25,2531.53,In-Store,Credit Card
ORD000241,2025-05-27,CUST0200,P0068,S001,E021,2,42858.43,0.1,85716.86,8571.69,77145.17,64713.08,12432.09,In-Store,UPI
ORD000242,2025-04-22,CUST0189,P0007,S014,E014,10,60901.31,0.0,609013.1,0.0,609013.1,385421.3,223591.8,In-Store,Bank Transfer
ORD000243,2026-09-07,CUST0470,P0046,S020,E053,4,46214.01,0.05,184856.04,9242.8,175613.24,87413.36,88199.88,In-Store,Cash
ORD000244,2026-07-12,CUST0238,P0051,S008,E024,1,95676.57,0.15,95676.57,14351.49,81325.08,52434.88,28890.2,Online,Cash
ORD000245,2026-05-09,CUST0047,P0054,S003,E038,1,71545.39,0.0,71545.39,0.0,71545.39,41718.59,29826.8,In-Store,Cash
ORD000246,2026-05-20,CUST0415,P0053,S006,E043,1,56710.01,0.05,56710.01,2835.5,53874.51,45037.35,8837.16,In-Store,UPI
ORD000247,2026-04-20,CUST0045,P0032,S024,E005,2,74058.02,0.0,148116.04,0.0,148116.04,110067.3,38048.74,In-Store,Cash
ORD000248,2025-09-28,CUST0336,P0056,S022,E028,2,48178.38,0.0,96356.76,0.0,96356.76,59490.4,36866.36,Online,UPI
ORD000249,2026-02-25,CUST0332,P0071,S007,E050,3,103121.4,0.0,309364.2,0.0,309364.2,167062.65,142301.55,In-Store,Bank Transfer
ORD000250,2026-12-08,CUST0363,P0022,S024,E041,2,70460.39,0.0,140920.78,0.0,140920.78,70147.68,70773.1,Corporate,Bank Transfer
ORD000251,2026-01-02,CUST0234,P0056,S022,E028,1,48796.45,0.0,48796.45,0.0,48796.45,29745.2,19051.25,In-Store,Cash
ORD000252,2025-10-07,CUST0475,P0022,S013,E004,2,69091.87,0.1,138183.74,13818.37,124365.37,70147.68,54217.69,In-Store,Credit Card
ORD000253,2025-10-10,CUST0026,P0013,S004,E029,1,55495.11,0.0,55495.11,0.0,55495.11,40240.03,15255.08,Online,Cash
ORD000254,2025-02-09,CUST0047,P0066,S013,E004,3,81426.83,0.0,244280.49,0.0,244280.49,178358.73,65921.76,In-Store,Cash
ORD000255,2025-07-08,CUST0335,P0078,S023,E044,1,75518.83,0.1,75518.83,7551.88,67966.95,50097.94,17869.01,In-Store,UPI
ORD000256,2025-06-13,CUST0067,P0074,S014,E014,3,98017.69,0.1,294053.07,29405.31,264647.76,221980.29,42667.47,In-Store,Bank Transfer
ORD000257,2026-06-20,CUST0023,P0068,S004,E029,4,40988.38,0.05,163953.52,8197.68,155755.84,129426.16,26329.68,Online,Credit Card
ORD000258,2026-06-20,CUST0073,P0008,S012,E033,2,113117.9,0.1,226235.8,22623.58,203612.22,163844.46,39767.76,In-Store,Cash
ORD000259,2025-01-04,CUST0210,P0052,S018,E025,3,4116.83,0.0,12350.49,0.0,12350.49,10400.85,1949.64,Online,Credit Card
ORD000260,2025-10-17,CUST0393,P0043,S022,E028,2,24911.09,0.0,49822.18,0.0,49822.18,36994.06,12828.12,Online,Credit Card
ORD000261,2026-03-09,CUST0407,P0042,S009,E019,2,50902.86,0.0,101805.72,0.0,101805.72,72581.36,29224.36,Online,Bank Transfer
ORD000262,2026-04-16,CUST0030,P0057,S007,E050,10,43131.96,0.1,431319.6,43131.96,388187.64,313688.4,74499.24,In-Store,Credit Card
ORD000263,2025-06-30,CUST0477,P0060,S005,E017,2,119052.25,0.0,238104.5,0.0,238104.5,119321.54,118782.96,In-Store,UPI
ORD000264,2025-09-05,CUST0123,P0038,S012,E040,2,98316.77,0.05,196633.54,9831.68,186801.86,140926.16,45875.7,In-Store,UPI
ORD000265,2026-09-20,CUST0265,P0070,S018,E025,2,120346.38,0.2,240692.76,48138.55,192554.21,123621.62,68932.59,Online,UPI
ORD000266,2025-10-06,CUST0457,P0049,S003,E038,2,42716.73,0.0,85433.46,0.0,85433.46,52715.22,32718.24,In-Store,Bank Transfer
ORD000267,2026-08-04,CUST0258,P0019,S013,E056,10,41216.57,0.0,412165.7,0.0,412165.7,212177.4,199988.3,In-Store,Cash
ORD000268,2025-09-11,CUST0363,P0061,S015,E045,5,6959.52,0.1,34797.60000000001,3479.76,31317.84,16374.75,14943.09,Corporate,Bank Transfer
ORD000269,2025-06-30,CUST0373,P0001,S005,E017,1,72362.83,0.1,72362.83,7236.28,65126.55,32085.11,33041.44,Online,Credit Card
ORD000270,2026-11-12,CUST0489,P0029,S007,E050,1,17883.27,0.05,17883.27,894.16,16989.11,11198.48,5790.63,Corporate,Credit Card
ORD000271,2026-05-24,CUST0214,P0013,S022,E028,2,52435.24,0.0,104870.48,0.0,104870.48,80480.06,24390.42,Corporate,Bank Transfer
ORD000272,2026-12-01,CUST0125,P0010,S018,E025,2,8289.95,0.1,16579.9,1657.99,14921.91,9706.72,5215.19,In-Store,Cash
ORD000273,2026-07-20,CUST0113,P0066,S025,E001,1,85508.56,0.0,85508.56,0.0,85508.56,59452.91,26055.65,In-Store,UPI
ORD000274,2025-11-22,CUST0415,P0012,S014,E014,3,63010.51,0.0,189031.53,0.0,189031.53,150549.03,38482.5,Online,Cash
ORD000275,2025-12-23,CUST0368,P0046,S021,E008,1,47555.1,0.1,47555.1,4755.51,42799.59,21853.34,20946.25,Online,UPI
ORD000276,2026-10-12,CUST0196,P0006,S006,E026,2,80545.74,0.05,161091.48,8054.57,153036.91,108461.14,44575.77,In-Store,Credit Card
ORD000277,2026-11-11,CUST0099,P0031,S005,E017,2,45327.99,0.0,90655.98,0.0,90655.98,56788.46,33867.52,Online,Credit Card
ORD000278,2026-01-26,CUST0279,P0007,S020,E053,4,60451.92,0.1,241807.68,24180.77,217626.91,154168.52,63458.39,In-Store,Bank Transfer
ORD000279,2026-09-07,CUST0211,P0054,S006,E043,2,69882.84,0.0,139765.68,0.0,139765.68,83437.18,56328.5,In-Store,Cash
ORD000280,2025-03-26,CUST0497,P0069,S016,E013,2,25366.23,0.1,50732.46,5073.25,45659.21,40644.78,5014.43,Corporate,Credit Card
ORD000281,2025-11-13,CUST0139,P0053,S024,E005,4,55248.66,0.1,220994.64,22099.46,198895.18,180149.4,18745.78,Online,Cash
ORD000282,2025-07-31,CUST0218,P0075,S015,E039,3,101725.07,0.0,305175.21,0.0,305175.21,207128.7,98046.51,Online,UPI
ORD000283,2026-05-30,CUST0068,P0047,S014,E014,1,84143.04,0.0,84143.04,0.0,84143.04,67426.13,16716.91,Corporate,Bank Transfer
ORD000284,2026-01-19,CUST0360,P0062,S012,E033,1,97027.37,0.2,97027.37,19405.47,77621.9,79294.19,-1672.29,In-Store,Credit Card
ORD000285,2026-11-22,CUST0007,P0046,S013,E004,2,47702.66,0.05,95405.32,4770.27,90635.05,43706.68,46928.37,Corporate,UPI
ORD000286,2025-12-08,CUST0478,P0071,S014,E014,3,100029.37,0.1,300088.11,30008.81,270079.3,167062.65,103016.65,Online,UPI
ORD000287,2025-02-07,CUST0338,P0037,S022,E011,4,99183.95,0.05,396735.8,19836.79,376899.01,244153.6,132745.41,In-Store,Bank Transfer
ORD000288,2026-05-26,CUST0038,P0019,S014,E014,1,42085.04,0.05,42085.04,2104.25,39980.79,21217.74,18763.05,Online,Bank Transfer
ORD000289,2026-02-24,CUST0290,P0001,S001,E021,3,68088.84,0.1,204266.52,20426.65,183839.87,96255.33,87584.54,In-Store,Bank Transfer
ORD000290,2025-06-18,CUST0363,P0057,S010,E034,2,43983.56,0.1,87967.12,8796.71,79170.41,62737.68,16432.73,In-Store,Cash
ORD000291,2025-12-09,CUST0093,P0025,S007,E050,2,117594.43,0.1,235188.86,23518.89,211669.97,123646.06,88023.91,Online,Cash
ORD000292,2025-11-02,CUST0021,P0072,S014,E014,1,5277.29,0.0,5277.29,0.0,5277.29,3156.83,2120.46,In-Store,UPI
ORD000293,2026-06-26,CUST0242,P0039,S008,E024,3,7376.59,0.2,22129.77,4425.95,17703.82,12282.75,5421.07,In-Store,Credit Card
ORD000294,2026-12-03,CUST0167,P0075,S019,E009,5,105976.5,0.0,529882.5,0.0,529882.5,345214.5,184668.0,In-Store,Bank Transfer
ORD000295,2026-06-21,CUST0439,P0044,S019,E009,2,110381.69,0.2,220763.38,44152.68,176610.7,143691.78,32918.92,In-Store,UPI
ORD000296,2025-04-22,CUST0035,P0069,S004,E037,2,25924.59,0.15,51849.18,7777.38,44071.8,40644.78,3427.02,In-Store,Credit Card
ORD000297,2026-02-15,CUST0050,P0020,S015,E057,2,61508.73,0.05,123017.46,6150.87,116866.59,73326.54,43540.05,In-Store,Cash
ORD000298,2025-07-25,CUST0427,P0037,S024,E005,1,104077.71,0.15,104077.71,15611.66,88466.05,61038.4,27427.65,Online,Credit Card
ORD000299,2025-07-04,CUST0349,P0070,S011,E055,1,123164.08,0.0,123164.08,0.0,123164.08,61810.81,61353.27,In-Store,Cash
ORD000300,2026-01-17,CUST0023,P0006,S007,E050,3,86755.27,0.0,260265.81,0.0,260265.81,162691.71,97574.1,In-Store,Credit Card
ORD000301,2026-05-11,CUST0311,P0041,S009,E019,4,20643.85,0.15,82575.4,12386.31,70189.09,53477.4,16711.69,Online,Bank Transfer
ORD000302,2026-01-14,CUST0416,P0067,S022,E032,3,65511.2,0.05,196533.6,9826.68,186706.92,129209.64,57497.28,In-Store,Cash
ORD000303,2025-02-16,CUST0315,P0020,S024,E005,5,64801.86,0.05,324009.3,16200.46,307808.84,183316.35,124492.49,In-Store,Bank Transfer
ORD000304,2026-07-05,CUST0268,P0009,S019,E009,2,41217.27,0.1,82434.54,8243.45,74191.09,59441.2,14749.89,Corporate,Cash
ORD000305,2026-06-12,CUST0154,P0064,S022,E032,1,63797.6,0.15,63797.6,9569.64,54227.96,41701.22,12526.74,In-Store,Credit Card
ORD000306,2026-05-19,CUST0231,P0051,S018,E025,5,90979.47,0.0,454897.35,0.0,454897.35,262174.4,192722.95,Online,Credit Card
ORD000307,2025-01-22,CUST0473,P0015,S006,E026,5,50175.6,0.0,250878.0,0.0,250878.0,147640.2,103237.8,In-Store,UPI
ORD000308,2025-08-01,CUST0337,P0071,S006,E043,1,100241.14,0.15,100241.14,15036.17,85204.97,55687.55,29517.42,Online,Bank Transfer
ORD000309,2025-11-06,CUST0104,P0043,S025,E007,4,26038.15,0.1,104152.6,10415.26,93737.34,73988.12,19749.22,In-Store,Cash
ORD000310,2026-10-23,CUST0200,P0062,S016,E013,2,100221.63,0.0,200443.26,0.0,200443.26,158588.38,41854.88,In-Store,Cash
ORD000311,2025-09-29,CUST0472,P0077,S023,E022,1,2958.18,0.05,2958.18,147.91,2810.27,1728.24,1082.03,In-Store,Cash
ORD000312,2026-07-25,CUST0482,P0044,S023,E052,4,102055.4,0.1,408221.6,40822.16,367399.44,287383.56,80015.88,In-Store,Cash
ORD000313,2025-07-21,CUST0026,P0006,S009,E015,3,86137.61,0.0,258412.83,0.0,258412.83,162691.71,95721.12,In-Store,Cash
ORD000314,2025-02-01,CUST0454,P0069,S018,E025,3,25258.09,0.15,75774.27,11366.14,64408.13,60967.17,3440.96,Corporate,UPI
ORD000315,2026-03-19,CUST0042,P0003,S010,E010,4,104755.85,0.05,419023.4,20951.17,398072.23,302004.8,96067.43,Online,UPI
ORD000316,2025-06-11,CUST0423,P0046,S008,E060,1,47570.76,0.0,47570.76,0.0,47570.76,21853.34,25717.42,In-Store,Cash
ORD000317,2025-09-11,CUST0302,P0031,S011,E058,2,44622.87,0.0,89245.74,0.0,89245.74,56788.46,32457.28,In-Store,Cash
ORD000318,2026-06-05,CUST0059,P0037,S025,E001,1,96559.95,0.0,96559.95,0.0,96559.95,61038.4,35521.55,In-Store,Cash
ORD000319,2026-10-13,CUST0324,P0061,S017,E006,2,6944.51,0.1,13889.02,1388.9,12500.12,6549.9,5950.22,In-Store,UPI
ORD000320,2026-04-25,CUST0237,P0069,S009,E015,3,24333.1,0.05,72999.29999999999,3649.96,69349.34,60967.17,8382.17,In-Store,UPI
ORD000321,2025-01-10,CUST0285,P0062,S025,E007,4,99307.57,0.15,397230.28,59584.54,337645.74,317176.76,20468.98,In-Store,Credit Card
ORD000322,2026-12-27,CUST0443,P0034,S018,E025,1,45073.79,0.0,45073.79,0.0,45073.79,27629.35,17444.44,Corporate,UPI
ORD000323,2026-05-20,CUST0416,P0024,S022,E011,2,57156.34,0.0,114312.68,0.0,114312.68,76386.92,37925.76,In-Store,Cash
ORD000324,2026-07-14,CUST0192,P0053,S011,E055,2,54723.83,0.2,109447.66,21889.53,87558.13,90074.7,-2516.57,Corporate,Cash
ORD000325,2026-03-12,CUST0295,P0053,S021,E003,5,56991.57,0.15,284957.85,42743.68,242214.17,225186.75,17027.42,In-Store,Credit Card
ORD000326,2025-04-21,CUST0205,P0056,S004,E037,2,46761.61,0.1,93523.22,9352.32,84170.9,59490.4,24680.5,In-Store,Credit Card
ORD000327,2025-06-02,CUST0257,P0030,S021,E027,2,106346.27,0.05,212692.54,10634.63,202057.91,105864.48,96193.43,In-Store,Cash
ORD000328,2026-09-27,CUST0449,P0072,S004,E029,3,5178.64,0.0,15535.92,0.0,15535.92,9470.49,6065.43,Online,Bank Transfer
ORD000329,2025-04-12,CUST0130,P0027,S004,E037,4,4812.93,0.15,19251.72,2887.76,16363.96,8875.56,7488.4,Online,Credit Card
ORD000330,2025-07-10,CUST0485,P0016,S001,E021,4,44820.01,0.0,179280.04,0.0,179280.04,81881.4,97398.64,In-Store,UPI
ORD000331,2026-12-30,CUST0459,P0073,S013,E004,1,88607.04,0.0,88607.04,0.0,88607.04,44448.03,44159.01,Corporate,Bank Transfer
ORD000332,2026-07-17,CUST0381,P0005,S020,E053,3,65409.11,0.0,196227.33,0.0,196227.33,96219.0,100008.33,In-Store,Bank Transfer
ORD000333,2025-03-22,CUST0358,P0057,S010,E002,4,43916.05,0.0,175664.2,0.0,175664.2,125475.36,50188.84,Corporate,Bank Transfer
ORD000334,2026-05-04,CUST0252,P0018,S002,E036,2,73676.59,0.05,147353.18,7367.66,139985.52,72889.48,67096.04,Online,Credit Card
ORD000335,2025-03-29,CUST0281,P0038,S023,E044,2,99911.74,0.05,199823.48,9991.17,189832.31,140926.16,48906.15,Corporate,Bank Transfer
ORD000336,2025-07-13,CUST0013,P0013,S017,E006,10,54716.42,0.0,547164.2,0.0,547164.2,402400.3,144763.9,Online,Credit Card
ORD000337,2025-04-14,CUST0431,P0020,S001,E021,3,61262.01,0.1,183786.03,18378.6,165407.43,109989.81,55417.62,Online,UPI
ORD000338,2025-04-06,CUST0420,P0035,S008,E060,2,64000.95,0.0,128001.9,0.0,128001.9,66338.46,61663.44,In-Store,Bank Transfer
ORD000339,2026-02-27,CUST0008,P0021,S007,E050,1,40826.08,0.0,40826.08,0.0,40826.08,19666.28,21159.8,In-Store,Cash
ORD000340,2025-07-17,CUST0358,P0021,S011,E030,2,40731.38,0.05,81462.76,4073.14,77389.62,39332.56,38057.06,Online,Credit Card
ORD000341,2025-01-01,CUST0413,P0074,S011,E030,5,98483.98,0.1,492419.9,49241.99,443177.91,369967.15,73210.76,In-Store,Bank Transfer
ORD000342,2026-02-11,CUST0073,P0018,S003,E038,2,74948.17,0.05,149896.34,7494.82,142401.52,72889.48,69512.04,In-Store,UPI
ORD000343,2026-01-13,CUST0234,P0033,S015,E048,2,10296.54,0.1,20593.08,2059.31,18533.77,14366.1,4167.67,In-Store,Cash
ORD000344,2025-06-16,CUST0057,P0065,S014,E014,2,89258.33,0.05,178516.66,8925.83,169590.83,128660.26,40930.57,Online,UPI
ORD000345,2026-05-24,CUST0013,P0048,S011,E055,2,114287.02,0.0,228574.04,0.0,228574.04,182788.4,45785.64,In-Store,Cash
ORD000346,2026-09-30,CUST0445,P0043,S017,E006,3,26213.4,0.15,78640.20000000001,11796.03,66844.17,55491.09,11353.08,In-Store,Credit Card
ORD000347,2025-11-09,CUST0281,P0049,S002,E023,2,42666.89,0.1,85333.78,8533.38,76800.4,52715.22,24085.18,Corporate,Credit Card
ORD000348,2026-08-16,CUST0121,P0054,S002,E049,2,67941.36,0.05,135882.72,6794.14,129088.58,83437.18,45651.4,Online,Cash
ORD000349,2026-02-22,CUST0412,P0072,S006,E026,10,5699.67,0.05,56996.7,2849.84,54146.86,31568.3,22578.56,Online,UPI
ORD000350,2026-11-12,CUST0428,P0047,S020,E053,2,83139.27,0.0,166278.54,0.0,166278.54,134852.26,31426.28,In-Store,UPI
ORD000351,2026-04-22,CUST0220,P0001,S007,E050,2,71205.53,0.0,142411.06,0.0,142411.06,64170.22,78240.84,In-Store,Cash
ORD000352,2025-03-14,CUST0008,P0017,S020,E053,10,66029.26,0.2,660292.6,132058.52,528234.08,404279.3,123954.78,Online,Cash
ORD000353,2025-05-21,CUST0274,P0053,S022,E032,3,53076.42,0.1,159229.26,15922.93,143306.33,135112.05,8194.28,Corporate,Cash
ORD000354,2026-08-05,CUST0157,P0080,S010,E034,2,36802.66,0.05,73605.32,3680.27,69925.05,34610.84,35314.21,Online,Credit Card
ORD000355,2025-09-19,CUST0287,P0035,S018,E025,3,65366.69,0.2,196100.07,39220.01,156880.06,99507.69,57372.37,In-Store,Cash
ORD000356,2025-12-06,CUST0017,P0059,S025,E001,2,71979.39,0.0,143958.78,0.0,143958.78,96900.38,47058.4,Online,Bank Transfer
ORD000357,2025-11-04,CUST0271,P0058,S019,E009,1,119180.62,0.1,119180.62,11918.06,107262.56,70614.97,36647.59,In-Store,Bank Transfer
ORD000358,2025-09-02,CUST0187,P0023,S002,E036,1,62257.36,0.0,62257.36,0.0,62257.36,48488.44,13768.92,In-Store,Credit Card
ORD000359,2026-05-30,CUST0294,P0030,S004,E029,2,109566.02,0.1,219132.04,21913.2,197218.84,105864.48,91354.36,Online,Credit Card
ORD000360,2025-12-03,CUST0184,P0060,S019,E009,10,114848.21,0.05,1148482.1,57424.11,1091057.99,596607.7,494450.29,Online,Credit Card
ORD000361,2026-07-29,CUST0374,P0051,S019,E009,2,93928.86,0.05,187857.72,9392.89,178464.83,104869.76,73595.07,In-Store,Cash
ORD000362,2026-07-15,CUST0015,P0037,S017,E006,1,98648.29,0.0,98648.29,0.0,98648.29,61038.4,37609.89,In-Store,Credit Card
ORD000363,2025-03-17,CUST0426,P0027,S022,E032,2,4722.64,0.15,9445.28,1416.79,8028.49,4437.78,3590.71,In-Store,Bank Transfer
ORD000364,2025-06-24,CUST0124,P0038,S007,E050,4,94746.42,0.0,378985.68,0.0,378985.68,281852.32,97133.36,Corporate,Bank Transfer
ORD000365,2025-04-19,CUST0336,P0049,S012,E040,2,43801.51,0.0,87603.02,0.0,87603.02,52715.22,34887.8,In-Store,Credit Card
ORD000366,2025-07-02,CUST0373,P0059,S001,E021,3,74629.7,0.1,223889.1,22388.91,201500.19,145350.57,56149.62,Online,Credit Card
ORD000367,2025-07-11,CUST0082,P0013,S023,E059,10,52346.81,0.05,523468.1,26173.4,497294.7,402400.3,94894.4,In-Store,Credit Card
ORD000368,2025-03-06,CUST0005,P0027,S022,E020,3,4839.47,0.1,14518.41,1451.84,13066.57,6656.67,6409.9,In-Store,UPI
ORD000369,2026-04-19,CUST0018,P0021,S024,E005,3,40830.56,0.05,122491.68,6124.58,116367.1,58998.84,57368.26,Online,UPI
ORD000370,2025-04-10,CUST0275,P0013,S004,E037,1,52672.53,0.0,52672.53,0.0,52672.53,40240.03,12432.5,In-Store,Bank Transfer
ORD000371,2026-06-28,CUST0243,P0038,S004,E029,2,99289.32,0.05,198578.64,9928.93,188649.71,140926.16,47723.55,In-Store,Cash
ORD000372,2025-05-08,CUST0310,P0003,S009,E012,2,107540.67,0.2,215081.34,43016.27,172065.07,151002.4,21062.67,Corporate,Bank Transfer
ORD000373,2026-03-28,CUST0295,P0059,S006,E026,2,73703.23,0.0,147406.46,0.0,147406.46,96900.38,50506.08,Online,Bank Transfer
ORD000374,2026-01-04,CUST0124,P0026,S002,E023,2,62673.11,0.15,125346.22,18801.93,106544.29,63899.74,42644.55,Online,UPI
ORD000375,2025-02-12,CUST0354,P0054,S025,E001,4,69472.72,0.1,277890.88,27789.09,250101.79,166874.36,83227.43,In-Store,Bank Transfer
ORD000376,2026-02-23,CUST0075,P0074,S015,E057,2,95468.4,0.0,190936.8,0.0,190936.8,147986.86,42949.94,In-Store,Cash
ORD000377,2026-05-03,CUST0067,P0050,S018,E025,1,16581.44,0.0,16581.44,0.0,16581.44,11698.42,4883.02,Online,Bank Transfer
ORD000378,2025-03-19,CUST0107,P0076,S003,E038,1,56692.9,0.15,56692.9,8503.94,48188.96,28124.25,20064.71,In-Store,Credit Card
ORD000379,2025-09-27,CUST0426,P0014,S010,E034,2,54034.23,0.1,108068.46,10806.85,97261.61,71408.4,25853.21,In-Store,UPI
ORD000380,2026-11-05,CUST0438,P0005,S025,E042,2,61343.32,0.0,122686.64,0.0,122686.64,64146.0,58540.64,Online,Bank Transfer
ORD000381,2026-12-02,CUST0347,P0053,S019,E009,2,55577.03,0.0,111154.06,0.0,111154.06,90074.7,21079.36,In-Store,Credit Card
ORD000382,2026-12-29,CUST0254,P0009,S011,E055,3,40672.76,0.05,122018.28,6100.91,115917.37,89161.8,26755.57,Corporate,UPI
ORD000383,2025-11-11,CUST0104,P0029,S019,E009,2,17499.76,0.0,34999.52,0.0,34999.52,22396.96,12602.56,In-Store,Credit Card
ORD000384,2025-06-17,CUST0047,P0030,S004,E037,3,106806.79,0.0,320420.37,0.0,320420.37,158796.72,161623.65,In-Store,UPI
ORD000385,2025-12-05,CUST0115,P0063,S002,E036,2,39201.91,0.2,78403.82,15680.76,62723.06,40533.58,22189.48,In-Store,Cash
ORD000386,2025-07-12,CUST0497,P0020,S003,E038,1,64502.89,0.0,64502.89,0.0,64502.89,36663.27,27839.62,In-Store,Cash
ORD000387,2026-03-29,CUST0010,P0049,S014,E014,3,43396.16,0.0,130188.48,0.0,130188.48,79072.83,51115.65,Corporate,UPI
ORD000388,2025-10-10,CUST0469,P0042,S017,E006,2,52918.33,0.05,105836.66,5291.83,100544.83,72581.36,27963.47,Corporate,Cash
ORD000389,2025-12-02,CUST0207,P0029,S001,E021,10,17961.54,0.1,179615.4,17961.54,161653.86,111984.8,49669.06,In-Store,UPI
ORD000390,2026-01-25,CUST0351,P0046,S025,E031,3,45216.09,0.05,135648.27,6782.41,128865.86,65560.02,63305.84,Corporate,UPI
ORD000391,2026-06-09,CUST0158,P0009,S006,E026,2,41592.03,0.1,83184.06,8318.41,74865.65,59441.2,15424.45,In-Store,UPI
ORD000392,2025-08-28,CUST0404,P0074,S014,E014,1,103105.62,0.1,103105.62,10310.56,92795.06,73993.43,18801.63,In-Store,Credit Card
ORD000393,2026-04-28,CUST0277,P0068,S018,E025,2,42493.3,0.05,84986.6,4249.33,80737.27,64713.08,16024.19,Online,UPI
ORD000394,2026-10-21,CUST0491,P0031,S003,E038,2,45237.11,0.1,90474.22,9047.42,81426.8,56788.46,24638.34,Online,Cash
ORD000395,2026-12-17,CUST0442,P0061,S005,E035,2,7586.28,0.15,15172.56,2275.88,12896.68,6549.9,6346.78,Online,UPI
ORD000396,2026-08-15,CUST0363,P0038,S009,E012,2,97688.76,0.1,195377.52,19537.75,175839.77,140926.16,34913.61,Online,Bank Transfer
ORD000397,2026-07-09,CUST0118,P0025,S024,E041,3,119273.85,0.0,357821.55,0.0,357821.55,185469.09,172352.46,In-Store,Bank Transfer
ORD000398,2026-04-03,CUST0311,P0033,S017,E006,3,11158.65,0.1,33475.95,3347.6,30128.35,21549.15,8579.2,Online,Bank Transfer
ORD000399,2025-03-30,CUST0396,P0080,S008,E060,1,37272.49,0.0,37272.49,0.0,37272.49,17305.42,19967.07,Online,Bank Transfer
ORD000400,2026-10-22,CUST0176,P0076,S011,E058,2,58932.76,0.1,117865.52,11786.55,106078.97,56248.5,49830.47,In-Store,Credit Card
ORD000401,2025-04-05,CUST0015,P0058,S007,E050,2,113768.77,0.0,227537.54,0.0,227537.54,141229.94,86307.6,Online,Credit Card
ORD000402,2026-03-28,CUST0045,P0026,S021,E003,3,63986.64,0.0,191959.92,0.0,191959.92,95849.61,96110.31,In-Store,Credit Card
ORD000403,2026-03-04,CUST0149,P0073,S006,E043,4,92051.53,0.1,368206.12,36820.61,331385.51,177792.12,153593.39,Online,UPI
ORD000404,2025-05-31,CUST0092,P0012,S023,E052,1,63345.92,0.05,63345.92,3167.3,60178.62,50183.01,9995.61,Online,UPI
ORD000405,2026-05-29,CUST0316,P0054,S011,E055,2,74154.22,0.1,148308.44,14830.84,133477.6,83437.18,50040.42,Online,Bank Transfer
ORD000406,2026-01-11,CUST0182,P0046,S024,E005,1,48359.65,0.0,48359.65,0.0,48359.65,21853.34,26506.31,In-Store,Bank Transfer
ORD000407,2025-01-22,CUST0160,P0038,S005,E035,4,97051.16,0.1,388204.64,38820.46,349384.18,281852.32,67531.86,Online,Credit Card
ORD000408,2025-11-09,CUST0050,P0022,S007,E050,5,72689.8,0.05,363449.0,18172.45,345276.55,175369.2,169907.35,In-Store,Credit Card
ORD000409,2026-06-03,CUST0281,P0062,S024,E041,2,102880.74,0.1,205761.48,20576.15,185185.33,158588.38,26596.95,Online,Credit Card
ORD000410,2025-07-25,CUST0222,P0031,S010,E034,2,44457.15,0.0,88914.3,0.0,88914.3,56788.46,32125.84,Online,Bank Transfer
ORD000411,2026-01-10,CUST0080,P0018,S020,E053,2,76340.12,0.2,152680.24,30536.05,122144.19,72889.48,49254.71,In-Store,Cash
ORD000412,2026-03-27,CUST0074,P0057,S014,E014,10,41652.08,0.0,416520.8,0.0,416520.8,313688.4,102832.4,In-Store,Cash
ORD000413,2026-09-18,CUST0180,P0033,S019,E009,1,10616.09,0.1,10616.09,1061.61,9554.48,7183.05,2371.43,Online,Credit Card
ORD000414,2026-08-18,CUST0023,P0060,S011,E058,3,117583.77,0.0,352751.31,0.0,352751.31,178982.31,173769.0,Online,UPI
ORD000415,2025-06-28,CUST0459,P0043,S025,E007,1,25155.9,0.05,25155.9,1257.8,23898.1,18497.03,5401.07,Online,UPI
ORD000416,2025-07-29,CUST0227,P0037,S020,E053,1,101575.08,0.0,101575.08,0.0,101575.08,61038.4,40536.68,Online,UPI
ORD000417,2026-05-15,CUST0147,P0001,S001,E021,2,69442.65,0.0,138885.3,0.0,138885.3,64170.22,74715.08,Online,Bank Transfer
ORD000418,2026-04-09,CUST0260,P0022,S013,E056,1,69166.45,0.1,69166.45,6916.64,62249.81,35073.84,27175.97,Corporate,Bank Transfer
ORD000419,2025-05-04,CUST0035,P0031,S014,E014,3,45344.74,0.0,136034.22,0.0,136034.22,85182.69,50851.53,Online,Credit Card
ORD000420,2025-04-23,CUST0396,P0033,S018,E025,1,10450.81,0.1,10450.81,1045.08,9405.73,7183.05,2222.68,In-Store,Credit Card
ORD000421,2025-01-12,CUST0476,P0022,S007,E050,5,70775.69,0.0,353878.45,0.0,353878.45,175369.2,178509.25,In-Store,Bank Transfer
ORD000422,2025-05-06,CUST0283,P0001,S008,E060,2,73579.8,0.0,147159.6,0.0,147159.6,64170.22,82989.38,In-Store,UPI
ORD000423,2026-07-19,CUST0070,P0039,S003,E038,2,7208.65,0.0,14417.3,0.0,14417.3,8188.5,6228.8,In-Store,UPI
ORD000424,2025-11-27,CUST0366,P0031,S018,E025,3,43358.28,0.0,130074.84,0.0,130074.84,85182.69,44892.15,In-Store,Credit Card
ORD000425,2025-10-10,CUST0049,P0037,S015,E048,4,97982.93,0.0,391931.72,0.0,391931.72,244153.6,147778.12,In-Store,Cash
ORD000426,2025-05-20,CUST0067,P0025,S010,E010,5,120932.49,0.1,604662.4500000001,60466.25,544196.2,309115.15,235081.05,In-Store,Credit Card
ORD000427,2026-02-05,CUST0174,P0047,S012,E054,2,87195.38,0.15,174390.76,26158.61,148232.15,134852.26,13379.89,In-Store,UPI
ORD000428,2025-04-07,CUST0454,P0066,S017,E006,1,80654.61,0.0,80654.61,0.0,80654.61,59452.91,21201.7,In-Store,Bank Transfer
ORD000429,2026-06-01,CUST0218,P0043,S004,E029,4,25828.92,0.1,103315.68,10331.57,92984.11,73988.12,18995.99,Corporate,Cash
ORD000430,2026-07-23,CUST0463,P0048,S019,E009,3,113484.58,0.0,340453.74,0.0,340453.74,274182.6,66271.14,Online,Bank Transfer
ORD000431,2025-03-10,CUST0361,P0038,S024,E041,5,99323.6,0.0,496618.0,0.0,496618.0,352315.4,144302.6,Corporate,UPI
ORD000432,2025-04-28,CUST0467,P0021,S025,E007,2,42624.92,0.0,85249.84,0.0,85249.84,39332.56,45917.28,Online,Cash
ORD000433,2025-02-28,CUST0284,P0010,S004,E029,2,8399.99,0.1,16799.98,1680.0,15119.98,9706.72,5413.26,In-Store,Bank Transfer
ORD000434,2025-02-02,CUST0344,P0073,S003,E038,2,89317.52,0.1,178635.04,17863.5,160771.54,88896.06,71875.48,In-Store,UPI
ORD000435,2025-11-14,CUST0158,P0042,S017,E006,5,54855.29,0.1,274276.45,27427.65,246848.8,181453.4,65395.4,Online,Bank Transfer
ORD000436,2025-02-19,CUST0421,P0012,S021,E027,4,63931.28,0.2,255725.12,51145.02,204580.1,200732.04,3848.06,Online,Credit Card
ORD000437,2026-05-04,CUST0171,P0029,S014,E014,2,18464.37,0.1,36928.74,3692.87,33235.87,22396.96,10838.91,Online,Cash
ORD000438,2025-01-19,CUST0079,P0075,S012,E046,1,96580.83,0.1,96580.83,9658.08,86922.75,69042.9,17879.85,In-Store,Cash
ORD000439,2026-12-27,CUST0058,P0035,S005,E035,3,67385.64,0.0,202156.92,0.0,202156.92,99507.69,102649.23,Online,Cash
ORD000440,2025-07-16,CUST0482,P0013,S021,E003,1,51979.5,0.05,51979.5,2598.98,49380.52,40240.03,9140.49,In-Store,Cash
ORD000441,2026-03-26,CUST0452,P0038,S022,E028,3,95437.2,0.1,286311.6,28631.16,257680.44,211389.24,46291.2,In-Store,UPI
ORD000442,2026-07-13,CUST0095,P0067,S023,E059,2,64322.07,0.1,128644.14,12864.41,115779.73,86139.76,29639.97,In-Store,Credit Card
ORD000443,2026-11-10,CUST0280,P0054,S020,E053,1,68034.69,0.0,68034.69,0.0,68034.69,41718.59,26316.1,Online,UPI
ORD000444,2026-03-28,CUST0039,P0075,S015,E045,4,106327.24,0.05,425308.96,21265.45,404043.51,276171.6,127871.91,Corporate,Credit Card
ORD000445,2025-10-16,CUST0101,P0002,S007,E050,3,16411.5,0.05,49234.5,2461.73,46772.77,24686.79,22085.98,Online,Bank Transfer
ORD000446,2025-05-21,CUST0477,P0030,S010,E034,3,112461.58,0.05,337384.74,16869.24,320515.5,158796.72,161718.78,Corporate,Credit Card
ORD000447,2025-03-25,CUST0192,P0051,S015,E048,3,99019.09,0.0,297057.27,0.0,297057.27,157304.64,139752.63,In-Store,Bank Transfer
ORD000448,2026-11-25,CUST0261,P0023,S006,E026,3,66598.75,0.1,199796.25,19979.62,179816.63,145465.32,34351.31,Online,UPI
ORD000449,2026-01-26,CUST0396,P0012,S020,E053,1,64212.8,0.05,64212.8,3210.64,61002.16,50183.01,10819.15,In-Store,UPI
ORD000450,2026-08-14,CUST0303,P0004,S015,E039,1,93260.8,0.0,93260.8,0.0,93260.8,57821.79,35439.01,Online,Credit Card
ORD000451,2025-08-03,CUST0246,P0025,S013,E004,2,112547.81,0.2,225095.62,45019.12,180076.5,123646.06,56430.44,In-Store,Cash
ORD000452,2026-06-10,CUST0202,P0001,S006,E043,4,70294.92,0.05,281179.68,14058.98,267120.7,128340.44,138780.26,Corporate,UPI
ORD000453,2025-08-03,CUST0333,P0002,S002,E049,1,16180.24,0.0,16180.24,0.0,16180.24,8228.93,7951.31,Online,Credit Card
ORD000454,2026-02-07,CUST0142,P0055,S014,E014,2,64512.08,0.05,129024.16,6451.21,122572.95,82849.7,39723.25,Online,Bank Transfer
ORD000455,2025-05-08,CUST0213,P0046,S001,E021,5,48707.02,0.1,243535.1,24353.51,219181.59,109266.7,109914.89,In-Store,UPI
ORD000456,2026-04-22,CUST0416,P0055,S023,E022,2,62001.65,0.1,124003.3,12400.33,111602.97,82849.7,28753.27,In-Store,UPI
ORD000457,2026-02-08,CUST0315,P0067,S002,E018,2,62982.66,0.0,125965.32,0.0,125965.32,86139.76,39825.56,Online,Cash
ORD000458,2025-01-29,CUST0209,P0022,S018,E025,2,71218.06,0.0,142436.12,0.0,142436.12,70147.68,72288.44,In-Store,Bank Transfer
ORD000459,2025-12-04,CUST0494,P0007,S004,E037,2,60095.04,0.1,120190.08,12019.01,108171.07,77084.26,31086.81,Online,Credit Card
ORD000460,2026-12-15,CUST0064,P0009,S004,E029,2,43277.02,0.1,86554.04,8655.4,77898.64,59441.2,18457.44,Online,UPI
ORD000461,2025-12-27,CUST0433,P0067,S019,E009,3,64520.16,0.15,193560.48,29034.07,164526.41,129209.64,35316.77,In-Store,Bank Transfer
ORD000462,2026-07-23,CUST0260,P0017,S019,E009,2,64716.63,0.05,129433.26,6471.66,122961.6,80855.86,42105.74,In-Store,UPI
ORD000463,2026-01-27,CUST0264,P0003,S002,E036,3,106837.2,0.2,320511.6,64102.32,256409.28,226503.6,29905.68,Corporate,Bank Transfer
ORD000464,2025-08-06,CUST0371,P0010,S005,E017,4,7860.02,0.1,31440.08,3144.01,28296.07,19413.44,8882.63,Online,Bank Transfer
ORD000465,2026-07-28,CUST0101,P0074,S020,E053,4,97494.18,0.0,389976.72,0.0,389976.72,295973.72,94003.0,In-Store,Cash
ORD000466,2026-10-31,CUST0203,P0039,S007,E050,2,7406.48,0.1,14812.96,1481.3,13331.66,8188.5,5143.16,In-Store,UPI
ORD000467,2025-07-21,CUST0312,P0074,S013,E056,2,100356.85,0.1,200713.7,20071.37,180642.33,147986.86,32655.47,In-Store,Cash
ORD000468,2025-01-17,CUST0496,P0030,S023,E052,5,110211.36,0.05,551056.8,27552.84,523503.96,264661.2,258842.76,In-Store,UPI
ORD000469,2025-11-18,CUST0037,P0014,S014,E014,2,53885.9,0.0,107771.8,0.0,107771.8,71408.4,36363.4,Online,Cash
ORD000470,2026-06-02,CUST0031,P0015,S016,E013,1,53085.39,0.05,53085.39,2654.27,50431.12,29528.04,20903.08,Online,Credit Card
ORD000471,2026-07-24,CUST0452,P0028,S021,E003,1,18991.07,0.05,18991.07,949.55,18041.52,8891.34,9150.18,Online,Credit Card
ORD000472,2025-11-21,CUST0418,P0054,S003,E038,4,71781.25,0.05,287125.0,14356.25,272768.75,166874.36,105894.39,Corporate,Bank Transfer
ORD000473,2026-02-16,CUST0404,P0025,S020,E053,1,112696.72,0.0,112696.72,0.0,112696.72,61823.03,50873.69,Online,UPI
ORD000474,2025-11-14,CUST0478,P0025,S008,E024,5,111881.55,0.05,559407.75,27970.39,531437.36,309115.15,222322.21,In-Store,Cash
ORD000475,2026-11-12,CUST0307,P0001,S025,E042,1,73172.89,0.05,73172.89,3658.64,69514.25,32085.11,37429.14,Corporate,UPI
ORD000476,2025-03-23,CUST0324,P0057,S025,E042,4,43874.94,0.1,175499.76,17549.98,157949.78,125475.36,32474.42,Online,Bank Transfer
ORD000477,2026-04-19,CUST0047,P0026,S004,E037,2,62140.94,0.1,124281.88,12428.19,111853.69,63899.74,47953.95,Online,Bank Transfer
ORD000478,2026-04-13,CUST0265,P0022,S017,E006,2,74508.19,0.1,149016.38,14901.64,134114.74,70147.68,63967.06,Online,Bank Transfer
ORD000479,2026-03-01,CUST0037,P0037,S003,E038,2,97613.51,0.0,195227.02,0.0,195227.02,122076.8,73150.22,In-Store,Bank Transfer
ORD000480,2026-11-20,CUST0375,P0023,S019,E009,10,64662.13,0.05,646621.2999999999,32331.06,614290.24,484884.4,129405.84,Online,Cash
ORD000481,2025-07-23,CUST0278,P0035,S003,E038,1,66036.25,0.05,66036.25,3301.81,62734.44,33169.23,29565.21,In-Store,Bank Transfer
ORD000482,2026-08-06,CUST0277,P0001,S007,E050,2,73251.5,0.1,146503.0,14650.3,131852.7,64170.22,67682.48,In-Store,Bank Transfer
ORD000483,2026-01-22,CUST0241,P0018,S011,E055,1,75153.62,0.0,75153.62,0.0,75153.62,36444.74,38708.88,In-Store,Cash
ORD000484,2025-04-08,CUST0154,P0076,S017,E006,2,56891.48,0.15,113782.96,17067.44,96715.52,56248.5,40467.02,In-Store,Cash
ORD000485,2025-12-11,CUST0249,P0050,S016,E013,3,16534.83,0.1,49604.49000000001,4960.45,44644.04,35095.26,9548.78,Online,Bank Transfer
ORD000486,2025-07-27,CUST0408,P0062,S014,E014,1,103526.82,0.0,103526.82,0.0,103526.82,79294.19,24232.63,Online,Cash
ORD000487,2026-05-29,CUST0104,P0060,S007,E050,2,120224.82,0.15,240449.64,36067.45,204382.19,119321.54,85060.65,In-Store,UPI
ORD000488,2026-09-28,CUST0072,P0023,S009,E015,3,60676.1,0.0,182028.3,0.0,182028.3,145465.32,36562.98,In-Store,UPI
ORD000489,2026-08-09,CUST0178,P0067,S010,E010,4,64386.98,0.0,257547.92,0.0,257547.92,172279.52,85268.4,Corporate,Cash
ORD000490,2025-06-15,CUST0298,P0046,S010,E034,5,48635.4,0.1,243177.0,24317.7,218859.3,109266.7,109592.6,In-Store,Credit Card
ORD000491,2025-01-22,CUST0233,P0011,S012,E040,2,54257.74,0.0,108515.48,0.0,108515.48,72348.14,36167.34,Corporate,Credit Card
ORD000492,2025-06-03,CUST0404,P0076,S019,E009,1,57110.69,0.0,57110.69,0.0,57110.69,28124.25,28986.44,In-Store,Bank Transfer
ORD000493,2026-03-15,CUST0231,P0044,S024,E005,1,101238.55,0.05,101238.55,5061.93,96176.62,71845.89,24330.73,In-Store,Cash
ORD000494,2025-10-22,CUST0092,P0036,S022,E032,1,63144.4,0.05,63144.4,3157.22,59987.18,32609.95,27377.23,In-Store,Credit Card
ORD000495,2025-08-07,CUST0017,P0071,S023,E044,2,101395.95,0.0,202791.9,0.0,202791.9,111375.1,91416.8,Online,Credit Card
ORD000496,2026-10-31,CUST0118,P0025,S020,E053,2,117622.01,0.1,235244.02,23524.4,211719.62,123646.06,88073.56,In-Store,Cash
ORD000497,2026-05-10,CUST0360,P0053,S010,E010,2,55767.37,0.0,111534.74,0.0,111534.74,90074.7,21460.04,Online,Credit Card
ORD000498,2025-08-18,CUST0126,P0015,S022,E028,3,51656.76,0.05,154970.28,7748.51,147221.77,88584.12,58637.65,Online,Bank Transfer
ORD000499,2025-01-20,CUST0456,P0058,S008,E060,4,115576.66,0.1,462306.64,46230.66,416075.98,282459.88,133616.1,In-Store,Bank Transfer
ORD000500,2026-07-07,CUST0214,P0029,S003,E038,1,17283.06,0.0,17283.06,0.0,17283.06,11198.48,6084.58,Corporate,UPI
ORD000501,2025-05-28,CUST0024,P0070,S008,E060,2,120476.31,0.0,240952.62,0.0,240952.62,123621.62,117331.0,Online,Bank Transfer
ORD000502,2025-04-18,CUST0417,P0048,S013,E004,1,111909.53,0.15,111909.53,16786.43,95123.1,91394.2,3728.9,In-Store,UPI
ORD000503,2026-02-07,CUST0186,P0028,S014,E014,4,19811.41,0.0,79245.64,0.0,79245.64,35565.36,43680.28,In-Store,Credit Card
ORD000504,2026-08-19,CUST0460,P0018,S020,E053,5,74632.67,0.1,373163.35,37316.34,335847.01,182223.7,153623.31,Online,Cash
ORD000505,2026-04-28,CUST0324,P0070,S010,E034,1,116942.71,0.0,116942.71,0.0,116942.71,61810.81,55131.9,Online,Credit Card
ORD000506,2026-01-02,CUST0485,P0032,S025,E007,4,71978.66,0.1,287914.64,28791.46,259123.18,220134.6,38988.58,In-Store,Credit Card
ORD000507,2026-02-18,CUST0392,P0027,S007,E050,2,4975.73,0.15,9951.46,1492.72,8458.74,4437.78,4020.96,Corporate,Credit Card
ORD000508,2025-11-05,CUST0221,P0006,S020,E053,1,83309.91,0.1,83309.91,8330.99,74978.92,54230.57,20748.35,Online,Bank Transfer
ORD000509,2025-05-14,CUST0463,P0009,S019,E009,2,42961.4,0.05,85922.8,4296.14,81626.66,59441.2,22185.46,Corporate,Bank Transfer
ORD000510,2026-12-20,CUST0055,P0001,S016,E013,4,72955.75,0.1,291823.0,29182.3,262640.7,128340.44,134300.26,Corporate,UPI
ORD000511,2025-10-10,CUST0290,P0047,S002,E049,1,85832.29,0.05,85832.29,4291.61,81540.68,67426.13,14114.55,In-Store,Cash
ORD000512,2025-03-14,CUST0291,P0070,S014,E014,1,122450.07,0.1,122450.07,12245.01,110205.06,61810.81,48394.25,Online,Cash
ORD000513,2026-04-26,CUST0122,P0040,S005,E017,10,119250.03,0.1,1192500.3,119250.03,1073250.27,765435.8,307814.47,In-Store,UPI
ORD000514,2025-12-18,CUST0289,P0067,S015,E045,1,66180.67,0.0,66180.67,0.0,66180.67,43069.88,23110.79,In-Store,Credit Card
ORD000515,2026-07-14,CUST0153,P0069,S006,E043,10,25506.41,0.1,255064.1,25506.41,229557.69,203223.9,26333.79,Online,Credit Card
ORD000516,2025-11-22,CUST0472,P0044,S012,E040,2,103541.19,0.05,207082.38,10354.12,196728.26,143691.78,53036.48,In-Store,Bank Transfer
ORD000517,2026-03-19,CUST0421,P0064,S023,E059,1,60914.25,0.15,60914.25,9137.14,51777.11,41701.22,10075.89,In-Store,UPI
ORD000518,2025-04-10,CUST0036,P0025,S009,E015,10,121353.68,0.05,1213536.8,60676.84,1152859.96,618230.3,534629.66,In-Store,Credit Card
ORD000519,2025-02-28,CUST0311,P0058,S007,E050,1,113416.89,0.0,113416.89,0.0,113416.89,70614.97,42801.92,In-Store,Bank Transfer
ORD000520,2026-05-23,CUST0360,P0008,S003,E038,3,112237.51,0.2,336712.53,67342.51,269370.02,245766.69,23603.33,In-Store,Bank Transfer
ORD000521,2025-09-15,CUST0380,P0043,S008,E060,2,25541.69,0.0,51083.38,0.0,51083.38,36994.06,14089.32,In-Store,Bank Transfer
ORD000522,2026-02-17,CUST0159,P0069,S025,E042,3,25178.27,0.1,75534.81,7553.48,67981.33,60967.17,7014.16,In-Store,Bank Transfer
ORD000523,2026-03-28,CUST0047,P0024,S022,E011,1,55835.39,0.05,55835.39,2791.77,53043.62,38193.46,14850.16,Corporate,Bank Transfer
ORD000524,2025-03-06,CUST0479,P0070,S003,E038,3,124204.43,0.1,372613.29,37261.33,335351.96,185432.43,149919.53,Online,UPI
ORD000525,2026-08-18,CUST0486,P0001,S013,E004,1,73873.58,0.0,73873.58,0.0,73873.58,32085.11,41788.47,In-Store,Cash
ORD000526,2025-06-03,CUST0055,P0065,S019,E009,2,88000.28,0.0,176000.56,0.0,176000.56,128660.26,47340.3,In-Store,UPI
ORD000527,2025-09-23,CUST0180,P0031,S002,E036,1,43013.84,0.0,43013.84,0.0,43013.84,28394.23,14619.61,Online,Cash
ORD000528,2025-03-20,CUST0069,P0052,S010,E002,4,4459.41,0.1,17837.64,1783.76,16053.88,13867.8,2186.08,Corporate,Bank Transfer
ORD000529,2025-11-11,CUST0022,P0051,S017,E006,1,93306.54,0.05,93306.54,4665.33,88641.21,52434.88,36206.33,In-Store,UPI
ORD000530,2026-10-24,CUST0105,P0026,S020,E053,2,62234.79,0.0,124469.58,0.0,124469.58,63899.74,60569.84,Online,UPI
ORD000531,2026-07-14,CUST0489,P0020,S010,E034,3,62435.12,0.0,187305.36,0.0,187305.36,109989.81,77315.55,In-Store,Bank Transfer
ORD000532,2025-09-05,CUST0266,P0052,S018,E025,3,4353.89,0.05,13061.67,653.08,12408.59,10400.85,2007.74,In-Store,Cash
ORD000533,2026-09-02,CUST0427,P0069,S005,E017,4,26015.47,0.1,104061.88,10406.19,93655.69,81289.56,12366.13,Online,Credit Card
ORD000534,2026-02-18,CUST0065,P0004,S022,E011,3,91396.48,0.15,274189.44,41128.42,233061.02,173465.37,59595.65,In-Store,Credit Card
ORD000535,2025-01-25,CUST0487,P0001,S004,E029,1,68518.75,0.05,68518.75,3425.94,65092.81,32085.11,33007.7,Online,Cash
ORD000536,2025-10-11,CUST0355,P0031,S012,E054,10,43870.93,0.1,438709.3,43870.93,394838.37,283942.3,110896.07,In-Store,Cash
ORD000537,2026-03-25,CUST0113,P0069,S015,E057,1,24626.7,0.1,24626.7,2462.67,22164.03,20322.39,1841.64,In-Store,Credit Card
ORD000538,2025-10-28,CUST0027,P0004,S018,E025,10,88482.98,0.0,884829.7999999999,0.0,884829.8,578217.9,306611.9,Online,Bank Transfer
ORD000539,2025-03-09,CUST0062,P0013,S004,E029,4,54207.26,0.0,216829.04,0.0,216829.04,160960.12,55868.92,In-Store,Credit Card
ORD000540,2025-01-07,CUST0429,P0033,S001,E021,3,10274.32,0.1,30822.96,3082.3,27740.66,21549.15,6191.51,In-Store,Cash
ORD000541,2025-05-17,CUST0497,P0046,S023,E044,2,47269.38,0.05,94538.76,4726.94,89811.82,43706.68,46105.14,In-Store,Cash
ORD000542,2025-06-13,CUST0394,P0003,S013,E004,1,101120.82,0.05,101120.82,5056.04,96064.78,75501.2,20563.58,Corporate,Bank Transfer
ORD000543,2025-03-24,CUST0218,P0019,S004,E029,2,43464.1,0.2,86928.2,17385.64,69542.56,42435.48,27107.08,In-Store,UPI
ORD000544,2026-10-12,CUST0061,P0071,S007,E050,4,96719.21,0.05,386876.84,19343.84,367533.0,222750.2,144782.8,In-Store,Cash
ORD000545,2026-02-24,CUST0078,P0079,S003,E038,5,859.77,0.05,4298.85,214.94,4083.91,2155.35,1928.56,Online,UPI
ORD000546,2025-03-14,CUST0035,P0076,S005,E035,10,60604.74,0.05,606047.4,30302.37,575745.03,281242.5,294502.53,Online,Cash
ORD000547,2025-08-25,CUST0359,P0035,S009,E016,1,65946.44,0.0,65946.44,0.0,65946.44,33169.23,32777.21,Corporate,Bank Transfer
ORD000548,2025-02-15,CUST0060,P0064,S006,E043,3,61764.06,0.15,185292.18,27793.83,157498.35,125103.66,32394.69,In-Store,Bank Transfer
ORD000549,2026-09-10,CUST0259,P0049,S012,E046,2,44010.49,0.05,88020.98,4401.05,83619.93,52715.22,30904.71,Online,Credit Card
ORD000550,2025-09-19,CUST0108,P0040,S022,E028,4,114523.82,0.0,458095.28,0.0,458095.28,306174.32,151920.96,In-Store,UPI
ORD000551,2025-06-25,CUST0167,P0080,S019,E009,2,37801.16,0.05,75602.32,3780.12,71822.2,34610.84,37211.36,Corporate,Bank Transfer
ORD000552,2025-06-15,CUST0026,P0022,S017,E006,2,72185.92,0.15,144371.84,21655.78,122716.06,70147.68,52568.38,In-Store,UPI
ORD000553,2026-10-19,CUST0384,P0060,S025,E007,3,119367.33,0.0,358101.99,0.0,358101.99,178982.31,179119.68,Online,Credit Card
ORD000554,2026-01-05,CUST0009,P0039,S006,E026,1,7327.38,0.05,7327.38,366.37,6961.01,4094.25,2866.76,In-Store,Bank Transfer
ORD000555,2025-02-23,CUST0142,P0047,S008,E024,1,85383.52,0.05,85383.52,4269.18,81114.34,67426.13,13688.21,In-Store,Cash
ORD000556,2026-11-21,CUST0231,P0050,S003,E038,1,16144.46,0.05,16144.46,807.22,15337.24,11698.42,3638.82,Online,UPI
ORD000557,2026-02-23,CUST0413,P0003,S021,E051,3,103190.15,0.0,309570.45,0.0,309570.45,226503.6,83066.85,Online,Bank Transfer
ORD000558,2026-05-22,CUST0424,P0064,S008,E024,4,61495.76,0.05,245983.04,12299.15,233683.89,166804.88,66879.01,In-Store,Credit Card
ORD000559,2025-12-07,CUST0118,P0013,S024,E041,3,54112.39,0.1,162337.17,16233.72,146103.45,120720.09,25383.36,In-Store,Cash
ORD000560,2025-05-07,CUST0158,P0070,S016,E013,2,122838.77,0.1,245677.54,24567.75,221109.79,123621.62,97488.17,In-Store,Bank Transfer
ORD000561,2026-02-13,CUST0275,P0028,S021,E047,3,19905.69,0.1,59717.06999999999,5971.71,53745.36,26674.02,27071.34,Online,Cash
ORD000562,2026-01-02,CUST0445,P0067,S008,E060,5,66128.75,0.0,330643.75,0.0,330643.75,215349.4,115294.35,Online,Cash
ORD000563,2025-09-28,CUST0405,P0063,S023,E059,1,36303.78,0.0,36303.78,0.0,36303.78,20266.79,16036.99,In-Store,Cash
ORD000564,2026-10-06,CUST0254,P0029,S004,E037,2,18120.87,0.1,36241.74,3624.17,32617.57,22396.96,10220.61,In-Store,Credit Card
ORD000565,2026-08-28,CUST0151,P0008,S018,E025,1,110270.2,0.15,110270.2,16540.53,93729.67,81922.23,11807.44,In-Store,UPI
ORD000566,2026-01-14,CUST0125,P0002,S015,E048,5,16292.63,0.1,81463.15,8146.32,73316.83,41144.65,32172.18,In-Store,UPI
ORD000567,2025-03-14,CUST0316,P0070,S016,E013,10,113515.51,0.1,1135155.1,113515.51,1021639.59,618108.1,403531.49,Online,Bank Transfer
ORD000568,2025-09-05,CUST0373,P0065,S006,E026,2,86866.93,0.15,173733.86,26060.08,147673.78,128660.26,19013.52,In-Store,Credit Card
ORD000569,2025-02-12,CUST0165,P0024,S010,E010,4,55955.52,0.15,223822.08,33573.31,190248.77,152773.84,37474.93,In-Store,Cash
ORD000570,2026-01-12,CUST0081,P0054,S025,E007,2,67294.12,0.1,134588.24,13458.82,121129.42,83437.18,37692.24,In-Store,Credit Card
ORD000571,2025-02-10,CUST0136,P0062,S006,E043,1,99706.6,0.05,99706.6,4985.33,94721.27,79294.19,15427.08,In-Store,Cash
ORD000572,2025-06-19,CUST0464,P0006,S015,E057,1,81264.81,0.0,81264.81,0.0,81264.81,54230.57,27034.24,Online,Credit Card
ORD000573,2025-07-31,CUST0451,P0032,S015,E057,5,75548.58,0.05,377742.9,18887.14,358855.76,275168.25,83687.51,In-Store,Cash
ORD000574,2026-05-08,CUST0274,P0068,S021,E051,5,44396.88,0.05,221984.4,11099.22,210885.18,161782.7,49102.48,In-Store,Credit Card
ORD000575,2026-11-11,CUST0052,P0046,S012,E040,2,45580.42,0.05,91160.84,4558.04,86602.8,43706.68,42896.12,Corporate,Cash
ORD000576,2025-02-08,CUST0242,P0053,S016,E013,10,58320.89,0.05,583208.9,29160.45,554048.45,450373.5,103674.95,In-Store,UPI
ORD000577,2026-01-04,CUST0073,P0037,S009,E016,1,104226.13,0.0,104226.13,0.0,104226.13,61038.4,43187.73,In-Store,UPI
ORD000578,2025-05-31,CUST0459,P0053,S023,E044,1,54458.99,0.2,54458.99,10891.8,43567.19,45037.35,-1470.16,In-Store,Cash
ORD000579,2025-04-21,CUST0135,P0019,S010,E002,4,43585.07,0.0,174340.28,0.0,174340.28,84870.96,89469.32,In-Store,Cash
ORD000580,2026-04-25,CUST0500,P0061,S010,E002,2,6930.07,0.1,13860.14,1386.01,12474.13,6549.9,5924.23,In-Store,Cash
ORD000581,2026-03-12,CUST0238,P0009,S010,E010,4,41499.0,0.05,165996.0,8299.8,157696.2,118882.4,38813.8,Corporate,Credit Card
ORD000582,2025-02-16,CUST0084,P0013,S019,E009,1,51204.25,0.1,51204.25,5120.42,46083.83,40240.03,5843.8,Corporate,Cash
ORD000583,2026-07-29,CUST0414,P0052,S020,E053,1,4326.77,0.15,4326.77,649.02,3677.75,3466.95,210.8,In-Store,Bank Transfer
ORD000584,2026-01-01,CUST0154,P0073,S018,E025,4,90895.62,0.0,363582.48,0.0,363582.48,177792.12,185790.36,Online,Cash
ORD000585,2025-03-10,CUST0020,P0030,S021,E051,5,112583.98,0.2,562919.9,112583.98,450335.92,264661.2,185674.72,In-Store,Bank Transfer
ORD000586,2025-10-26,CUST0355,P0062,S022,E028,4,106138.05,0.05,424552.2,21227.61,403324.59,317176.76,86147.83,Online,Credit Card
ORD000587,2025-10-23,CUST0180,P0014,S004,E037,1,55504.93,0.15,55504.93,8325.74,47179.19,35704.2,11474.99,Online,UPI
ORD000588,2025-07-22,CUST0349,P0012,S002,E023,4,67199.46,0.15,268797.84,40319.68,228478.16,200732.04,27746.12,In-Store,Cash
ORD000589,2025-03-02,CUST0218,P0053,S005,E035,2,54377.83,0.1,108755.66,10875.57,97880.09,90074.7,7805.39,Corporate,Cash
ORD000590,2025-11-10,CUST0212,P0070,S003,E038,3,120019.71,0.05,360059.13,18002.96,342056.17,185432.43,156623.74,In-Store,Credit Card
ORD000591,2025-06-10,CUST0184,P0071,S017,E006,1,95246.86,0.0,95246.86,0.0,95246.86,55687.55,39559.31,Corporate,UPI
ORD000592,2025-11-27,CUST0164,P0033,S010,E034,3,10840.76,0.0,32522.28,0.0,32522.28,21549.15,10973.13,Corporate,Bank Transfer
ORD000593,2026-06-12,CUST0322,P0012,S001,E021,1,67721.46,0.0,67721.46,0.0,67721.46,50183.01,17538.45,Online,Credit Card
ORD000594,2025-12-04,CUST0227,P0018,S011,E058,2,77411.33,0.1,154822.66,15482.27,139340.39,72889.48,66450.91,In-Store,UPI
ORD000595,2026-08-29,CUST0478,P0006,S010,E010,2,84644.28,0.05,169288.56,8464.43,160824.13,108461.14,52362.99,Online,Bank Transfer
ORD000596,2025-10-31,CUST0173,P0012,S019,E009,5,65533.04,0.0,327665.2,0.0,327665.2,250915.05,76750.15,In-Store,Cash
ORD000597,2026-05-18,CUST0074,P0044,S011,E030,1,103545.72,0.0,103545.72,0.0,103545.72,71845.89,31699.83,Online,Credit Card
ORD000598,2026-10-12,CUST0068,P0062,S009,E012,2,99000.77,0.1,198001.54,19800.15,178201.39,158588.38,19613.01,In-Store,Credit Card
ORD000599,2025-12-04,CUST0383,P0014,S001,E021,2,55915.67,0.15,111831.34,16774.7,95056.64,71408.4,23648.24,Corporate,Cash
ORD000600,2026-07-04,CUST0300,P0079,S016,E013,3,899.88,0.2,2699.64,539.93,2159.71,1293.21,866.5,In-Store,UPI
ORD000601,2026-10-01,CUST0090,P0028,S001,E021,2,19101.17,0.0,38202.34,0.0,38202.34,17782.68,20419.66,Corporate,Credit Card
ORD000602,2025-10-02,CUST0022,P0054,S013,E004,1,68771.15,0.05,68771.15,3438.56,65332.59,41718.59,23614.0,In-Store,Bank Transfer
ORD000603,2025-06-13,CUST0148,P0033,S006,E043,2,10844.28,0.05,21688.56,1084.43,20604.13,14366.1,6238.03,Online,Bank Transfer
ORD000604,2026-03-19,CUST0315,P0074,S010,E002,5,101055.61,0.05,505278.05,25263.9,480014.15,369967.15,110047.0,Online,Bank Transfer
ORD000605,2025-11-15,CUST0024,P0074,S004,E037,4,96023.55,0.05,384094.2,19204.71,364889.49,295973.72,68915.77,In-Store,Bank Transfer
ORD000606,2026-08-12,CUST0417,P0052,S025,E001,3,4205.8,0.1,12617.4,1261.74,11355.66,10400.85,954.81,Online,Bank Transfer
ORD000607,2026-05-19,CUST0069,P0003,S003,E038,10,107716.09,0.0,1077160.9,0.0,1077160.9,755012.0,322148.9,Online,Credit Card
ORD000608,2026-11-17,CUST0337,P0001,S025,E042,4,72884.27,0.05,291537.08,14576.85,276960.23,128340.44,148619.79,Corporate,Credit Card
ORD000609,2026-01-22,CUST0199,P0032,S019,E009,2,71426.42,0.2,142852.84,28570.57,114282.27,110067.3,4214.97,In-Store,Bank Transfer
ORD000610,2026-08-26,CUST0388,P0029,S015,E045,3,18591.58,0.05,55774.74000000001,2788.74,52986.0,33595.44,19390.56,Corporate,UPI
ORD000611,2026-11-22,CUST0220,P0022,S001,E021,2,72156.4,0.0,144312.8,0.0,144312.8,70147.68,74165.12,In-Store,Credit Card
ORD000612,2026-05-09,CUST0012,P0005,S016,E013,3,62562.59,0.0,187687.77,0.0,187687.77,96219.0,91468.77,In-Store,Cash
ORD000613,2026-05-05,CUST0393,P0023,S022,E020,2,65527.53,0.15,131055.06,19658.26,111396.8,96976.88,14419.92,In-Store,Cash
ORD000614,2026-12-22,CUST0086,P0042,S013,E056,3,54179.67,0.1,162539.01,16253.9,146285.11,108872.04,37413.07,Corporate,Credit Card
ORD000615,2025-03-14,CUST0203,P0056,S002,E049,5,45692.29,0.1,228461.45,22846.15,205615.3,148726.0,56889.3,Online,Cash
ORD000616,2026-05-24,CUST0085,P0008,S001,E021,5,106118.41,0.05,530592.05,26529.6,504062.45,409611.15,94451.3,Corporate,UPI
ORD000617,2026-01-25,CUST0418,P0008,S025,E042,3,106955.07,0.15,320865.21,48129.78,272735.43,245766.69,26968.74,Online,Bank Transfer
ORD000618,2026-09-11,CUST0351,P0066,S025,E031,2,82499.81,0.05,164999.62,8249.98,156749.64,118905.82,37843.82,Corporate,Bank Transfer
ORD000619,2025-10-22,CUST0192,P0072,S001,E021,3,5268.18,0.0,15804.54,0.0,15804.54,9470.49,6334.05,In-Store,Credit Card
ORD000620,2026-01-04,CUST0030,P0053,S015,E045,3,54516.53,0.05,163549.59,8177.48,155372.11,135112.05,20260.06,In-Store,Bank Transfer
ORD000621,2026-11-25,CUST0004,P0040,S025,E007,3,117114.42,0.1,351343.26,35134.33,316208.93,229630.74,86578.19,In-Store,UPI
ORD000622,2026-07-03,CUST0389,P0014,S008,E024,4,53231.9,0.15,212927.6,31939.14,180988.46,142816.8,38171.66,In-Store,UPI
ORD000623,2026-10-11,CUST0235,P0020,S008,E060,4,60380.83,0.05,241523.32,12076.17,229447.15,146653.08,82794.07,Online,UPI
ORD000624,2026-07-22,CUST0005,P0053,S021,E047,3,57947.27,0.0,173841.81,0.0,173841.81,135112.05,38729.76,Online,Cash
ORD000625,2025-07-06,CUST0278,P0054,S003,E038,1,72631.08,0.15,72631.08,10894.66,61736.42,41718.59,20017.83,In-Store,Credit Card
ORD000626,2026-03-21,CUST0303,P0050,S015,E048,1,15580.69,0.0,15580.69,0.0,15580.69,11698.42,3882.27,In-Store,Credit Card
ORD000627,2026-07-24,CUST0186,P0079,S018,E025,2,893.68,0.05,1787.36,89.37,1697.99,862.14,835.85,In-Store,Bank Transfer
ORD000628,2025-12-29,CUST0317,P0076,S014,E014,2,58963.9,0.05,117927.8,5896.39,112031.41,56248.5,55782.91,Online,Credit Card
ORD000629,2025-05-03,CUST0008,P0014,S009,E016,3,55077.7,0.05,165233.1,8261.65,156971.45,107112.6,49858.85,In-Store,Cash
ORD000630,2025-07-07,CUST0126,P0009,S016,E013,2,40213.11,0.05,80426.22,4021.31,76404.91,59441.2,16963.71,In-Store,Bank Transfer
ORD000631,2026-11-11,CUST0422,P0024,S017,E006,1,55690.0,0.1,55690.0,5569.0,50121.0,38193.46,11927.54,In-Store,Credit Card
ORD000632,2026-02-24,CUST0145,P0001,S013,E056,2,69341.19,0.1,138682.38,13868.24,124814.14,64170.22,60643.92,Corporate,UPI
ORD000633,2026-09-18,CUST0062,P0078,S024,E005,1,72441.56,0.1,72441.56,7244.16,65197.4,50097.94,15099.46,In-Store,Cash
ORD000634,2025-09-09,CUST0122,P0042,S010,E010,3,53617.31,0.0,160851.93,0.0,160851.93,108872.04,51979.89,In-Store,Cash
ORD000635,2026-09-11,CUST0442,P0030,S023,E052,4,113171.42,0.0,452685.68,0.0,452685.68,211728.96,240956.72,Online,UPI
ORD000636,2026-07-03,CUST0369,P0051,S002,E036,2,94981.64,0.05,189963.28,9498.16,180465.12,104869.76,75595.36,Corporate,Cash
ORD000637,2025-12-01,CUST0311,P0041,S013,E004,3,19757.11,0.2,59271.33,11854.27,47417.06,40108.05,7309.01,Online,Bank Transfer
ORD000638,2025-04-02,CUST0425,P0013,S018,E025,1,55381.21,0.0,55381.21,0.0,55381.21,40240.03,15141.18,Online,Cash
ORD000639,2026-06-14,CUST0073,P0069,S015,E048,2,25383.65,0.1,50767.3,5076.73,45690.57,40644.78,5045.79,Online,Bank Transfer
ORD000640,2025-03-04,CUST0322,P0066,S002,E036,2,81885.5,0.1,163771.0,16377.1,147393.9,118905.82,28488.08,In-Store,Cash
ORD000641,2026-10-24,CUST0326,P0005,S023,E059,10,66419.58,0.1,664195.8,66419.58,597776.22,320730.0,277046.22,Online,Credit Card
ORD000642,2026-05-27,CUST0243,P0027,S014,E014,2,4675.71,0.1,9351.42,935.14,8416.28,4437.78,3978.5,Online,UPI
ORD000643,2025-05-19,CUST0404,P0020,S022,E032,3,62456.92,0.0,187370.76,0.0,187370.76,109989.81,77380.95,In-Store,UPI
ORD000644,2026-11-29,CUST0432,P0064,S020,E053,3,61360.68,0.2,184082.04,36816.41,147265.63,125103.66,22161.97,In-Store,Credit Card
ORD000645,2025-07-04,CUST0182,P0046,S009,E016,3,47911.84,0.05,143735.52,7186.78,136548.74,65560.02,70988.72,In-Store,UPI
ORD000646,2025-07-24,CUST0199,P0063,S003,E038,2,37144.33,0.05,74288.66,3714.43,70574.23,40533.58,30040.65,In-Store,Bank Transfer
ORD000647,2025-08-02,CUST0237,P0028,S019,E009,10,18600.66,0.1,186006.6,18600.66,167405.94,88913.4,78492.54,Online,Credit Card
ORD000648,2025-09-13,CUST0350,P0001,S025,E007,2,74212.56,0.15,148425.12,22263.77,126161.35,64170.22,61991.13,In-Store,Credit Card
ORD000649,2025-05-15,CUST0115,P0037,S004,E037,4,105047.21,0.05,420188.84,21009.44,399179.4,244153.6,155025.8,Corporate,Cash
ORD000650,2026-07-27,CUST0467,P0005,S021,E027,1,65794.05,0.15,65794.05,9869.11,55924.94,32073.0,23851.94,In-Store,Bank Transfer
ORD000651,2025-03-29,CUST0351,P0030,S001,E021,2,107624.23,0.0,215248.46,0.0,215248.46,105864.48,109383.98,Online,Bank Transfer
ORD000652,2025-07-26,CUST0262,P0053,S024,E005,1,56436.85,0.1,56436.85,5643.68,50793.17,45037.35,5755.82,In-Store,Cash
ORD000653,2025-05-09,CUST0390,P0023,S023,E052,4,63428.43,0.1,253713.72,25371.37,228342.35,193953.76,34388.59,In-Store,Bank Transfer
ORD000654,2025-01-03,CUST0044,P0035,S015,E057,1,62240.69,0.0,62240.69,0.0,62240.69,33169.23,29071.46,Online,Bank Transfer
ORD000655,2025-05-01,CUST0207,P0068,S018,E025,5,43254.65,0.0,216273.25,0.0,216273.25,161782.7,54490.55,Corporate,UPI
ORD000656,2026-01-20,CUST0160,P0005,S014,E014,2,64555.24,0.1,129110.48,12911.05,116199.43,64146.0,52053.43,In-Store,UPI
ORD000657,2026-09-06,CUST0139,P0028,S019,E009,1,19914.79,0.0,19914.79,0.0,19914.79,8891.34,11023.45,In-Store,Bank Transfer
ORD000658,2025-02-07,CUST0054,P0026,S003,E038,2,63309.17,0.1,126618.34,12661.83,113956.51,63899.74,50056.77,Corporate,Bank Transfer
ORD000659,2025-12-07,CUST0218,P0006,S020,E053,2,83844.99,0.0,167689.98,0.0,167689.98,108461.14,59228.84,Online,Cash
ORD000660,2026-10-07,CUST0172,P0075,S009,E015,2,98869.18,0.2,197738.36,39547.67,158190.69,138085.8,20104.89,In-Store,UPI
ORD000661,2026-12-15,CUST0361,P0070,S003,E038,1,116827.5,0.1,116827.5,11682.75,105144.75,61810.81,43333.94,Online,UPI
ORD000662,2025-01-21,CUST0247,P0069,S014,E014,3,24375.51,0.05,73126.53,3656.33,69470.2,60967.17,8503.03,In-Store,Bank Transfer
ORD000663,2025-08-30,CUST0427,P0079,S012,E040,1,907.31,0.1,907.31,90.73,816.58,431.07,385.51,In-Store,UPI
ORD000664,2026-03-31,CUST0360,P0015,S006,E043,5,51544.9,0.2,257724.5,51544.9,206179.6,147640.2,58539.4,Corporate,Cash
ORD000665,2026-09-13,CUST0375,P0045,S009,E016,2,99530.8,0.2,199061.6,39812.32,159249.28,117965.78,41283.5,In-Store,Cash
ORD000666,2025-10-30,CUST0356,P0064,S021,E008,1,60519.97,0.15,60519.97,9078.0,51441.97,41701.22,9740.75,In-Store,Credit Card
ORD000667,2026-08-19,CUST0376,P0049,S006,E026,5,44191.6,0.1,220958.0,22095.8,198862.2,131788.05,67074.15,In-Store,Cash
ORD000668,2026-08-18,CUST0446,P0049,S018,E025,2,43445.65,0.1,86891.3,8689.13,78202.17,52715.22,25486.95,In-Store,UPI
ORD000669,2025-03-10,CUST0341,P0025,S022,E028,3,121808.88,0.2,365426.64,73085.33,292341.31,185469.09,106872.22,Online,Cash
ORD000670,2025-05-09,CUST0388,P0036,S005,E035,1,64309.62,0.0,64309.62,0.0,64309.62,32609.95,31699.67,In-Store,Credit Card
ORD000671,2025-07-15,CUST0067,P0007,S023,E052,2,61042.13,0.0,122084.26,0.0,122084.26,77084.26,45000.0,Online,Bank Transfer
ORD000672,2025-05-20,CUST0200,P0007,S009,E016,1,58158.76,0.05,58158.76,2907.94,55250.82,38542.13,16708.69,In-Store,Bank Transfer
ORD000673,2026-03-20,CUST0377,P0062,S020,E053,4,99813.25,0.15,399253.0,59887.95,339365.05,317176.76,22188.29,Corporate,Bank Transfer
ORD000674,2025-10-10,CUST0490,P0063,S006,E043,3,36706.63,0.0,110119.89,0.0,110119.89,60800.37,49319.52,In-Store,Bank Transfer
ORD000675,2025-11-08,CUST0297,P0052,S015,E039,2,4096.87,0.1,8193.74,819.37,7374.37,6933.9,440.47,Online,Cash
ORD000676,2026-06-19,CUST0298,P0045,S018,E025,1,92374.33,0.1,92374.33,9237.43,83136.9,58982.89,24154.01,Online,Bank Transfer
ORD000677,2026-10-27,CUST0191,P0078,S009,E019,4,78834.8,0.15,315339.2,47300.88,268038.32,200391.76,67646.56,In-Store,Cash
ORD000678,2025-10-04,CUST0076,P0015,S016,E013,1,52664.64,0.15,52664.64,7899.7,44764.94,29528.04,15236.9,Corporate,UPI
ORD000679,2025-03-02,CUST0289,P0018,S019,E009,2,74313.17,0.1,148626.34,14862.63,133763.71,72889.48,60874.23,In-Store,Cash
ORD000680,2025-11-15,CUST0029,P0039,S003,E038,2,7267.84,0.05,14535.68,726.78,13808.9,8188.5,5620.4,Online,Bank Transfer
ORD000681,2025-02-21,CUST0466,P0010,S011,E055,10,8559.54,0.1,85595.40000000001,8559.54,77035.86,48533.6,28502.26,In-Store,Cash
ORD000682,2025-06-02,CUST0380,P0028,S017,E006,10,18580.85,0.0,185808.5,0.0,185808.5,88913.4,96895.1,Corporate,Bank Transfer
ORD000683,2025-11-07,CUST0366,P0060,S018,E025,2,116996.82,0.0,233993.64,0.0,233993.64,119321.54,114672.1,In-Store,Bank Transfer
ORD000684,2026-06-28,CUST0496,P0051,S011,E058,2,95484.87,0.05,190969.74,9548.49,181421.25,104869.76,76551.49,In-Store,Credit Card
ORD000685,2026-07-21,CUST0476,P0042,S007,E050,1,51153.22,0.0,51153.22,0.0,51153.22,36290.68,14862.54,Online,Cash
ORD000686,2026-01-24,CUST0421,P0043,S018,E025,4,25168.42,0.0,100673.68,0.0,100673.68,73988.12,26685.56,Online,UPI
ORD000687,2026-07-02,CUST0163,P0049,S025,E007,1,44195.38,0.05,44195.38,2209.77,41985.61,26357.61,15628.0,Corporate,Bank Transfer
ORD000688,2026-09-14,CUST0090,P0068,S010,E034,2,43891.29,0.0,87782.58,0.0,87782.58,64713.08,23069.5,Online,Cash
ORD000689,2025-06-26,CUST0212,P0067,S016,E013,2,62889.34,0.2,125778.68,25155.74,100622.94,86139.76,14483.18,Corporate,Bank Transfer
ORD000690,2025-12-28,CUST0413,P0057,S006,E026,2,45544.0,0.15,91088.0,13663.2,77424.8,62737.68,14687.12,In-Store,Credit Card
ORD000691,2025-11-10,CUST0140,P0009,S016,E013,2,40372.81,0.1,80745.62,8074.56,72671.06,59441.2,13229.86,In-Store,Cash
ORD000692,2025-04-07,CUST0442,P0080,S001,E021,2,35507.66,0.0,71015.32,0.0,71015.32,34610.84,36404.48,Online,UPI
ORD000693,2025-08-01,CUST0153,P0044,S019,E009,5,104859.09,0.1,524295.45,52429.54,471865.91,359229.45,112636.46,In-Store,Credit Card
ORD000694,2025-05-17,CUST0062,P0004,S020,E053,3,91469.16,0.05,274407.48,13720.37,260687.11,173465.37,87221.74,Online,Bank Transfer
ORD000695,2025-01-06,CUST0038,P0036,S013,E056,2,66112.17,0.05,132224.34,6611.22,125613.12,65219.9,60393.22,Corporate,Credit Card
ORD000696,2025-04-19,CUST0237,P0033,S007,E050,1,10642.8,0.05,10642.8,532.14,10110.66,7183.05,2927.61,Corporate,Bank Transfer
ORD000697,2026-07-01,CUST0190,P0039,S013,E004,2,7231.56,0.05,14463.12,723.16,13739.96,8188.5,5551.46,In-Store,Bank Transfer
ORD000698,2025-02-08,CUST0148,P0072,S008,E024,4,5557.61,0.05,22230.44,1111.52,21118.92,12627.32,8491.6,Online,UPI
ORD000699,2026-10-24,CUST0332,P0025,S019,E009,2,114241.42,0.05,228482.84,11424.14,217058.7,123646.06,93412.64,In-Store,Bank Transfer
ORD000700,2026-03-01,CUST0419,P0049,S016,E013,5,41160.15,0.05,205800.75,10290.04,195510.71,131788.05,63722.66,In-Store,Credit Card
ORD000701,2026-09-22,CUST0195,P0052,S024,E041,1,4170.98,0.0,4170.98,0.0,4170.98,3466.95,704.03,Online,Bank Transfer
ORD000702,2025-09-18,CUST0469,P0067,S004,E037,4,64210.18,0.1,256840.72,25684.07,231156.65,172279.52,58877.13,In-Store,UPI
ORD000703,2026-03-02,CUST0126,P0047,S008,E060,10,85755.4,0.0,857554.0,0.0,857554.0,674261.3,183292.7,Online,Bank Transfer
ORD000704,2025-03-28,CUST0192,P0028,S004,E029,2,19348.95,0.0,38697.9,0.0,38697.9,17782.68,20915.22,In-Store,UPI
ORD000705,2026-04-10,CUST0002,P0006,S021,E027,4,83429.77,0.15,333719.08,50057.86,283661.22,216922.28,66738.94,Online,Bank Transfer
ORD000706,2025-03-17,CUST0406,P0057,S003,E038,1,43014.36,0.1,43014.36,4301.44,38712.92,31368.84,7344.08,In-Store,Cash
ORD000707,2026-04-16,CUST0403,P0024,S001,E021,1,55378.62,0.1,55378.62,5537.86,49840.76,38193.46,11647.3,Corporate,UPI
ORD000708,2026-02-18,CUST0420,P0044,S016,E013,4,110720.01,0.0,442880.04,0.0,442880.04,287383.56,155496.48,In-Store,Cash
ORD000709,2026-12-27,CUST0382,P0051,S009,E019,4,95779.09,0.15,383116.36,57467.45,325648.91,209739.52,115909.39,Online,Bank Transfer
ORD000710,2026-04-02,CUST0199,P0005,S013,E056,2,66949.5,0.1,133899.0,13389.9,120509.1,64146.0,56363.1,Corporate,UPI
ORD000711,2025-10-12,CUST0367,P0066,S021,E051,3,84463.05,0.0,253389.15,0.0,253389.15,178358.73,75030.42,In-Store,Credit Card
ORD000712,2025-08-27,CUST0235,P0014,S010,E010,1,52117.8,0.05,52117.8,2605.89,49511.91,35704.2,13807.71,In-Store,Bank Transfer
ORD000713,2026-11-08,CUST0117,P0073,S017,E006,5,88831.77,0.1,444158.85,44415.89,399742.96,222240.15,177502.81,Online,Credit Card
ORD000714,2026-08-22,CUST0281,P0080,S018,E025,2,34670.01,0.0,69340.02,0.0,69340.02,34610.84,34729.18,In-Store,Bank Transfer
ORD000715,2026-10-15,CUST0269,P0021,S019,E009,4,40802.32,0.15,163209.28,24481.39,138727.89,78665.12,60062.77,In-Store,Cash
ORD000716,2026-11-03,CUST0180,P0017,S003,E038,2,62888.46,0.0,125776.92,0.0,125776.92,80855.86,44921.06,Online,Cash
ORD000717,2026-07-12,CUST0250,P0032,S003,E038,2,71003.81,0.05,142007.62,7100.38,134907.24,110067.3,24839.94,Online,UPI
ORD000718,2026-01-07,CUST0261,P0065,S006,E026,1,87329.69,0.0,87329.69,0.0,87329.69,64330.13,22999.56,In-Store,Cash
ORD000719,2026-05-10,CUST0199,P0021,S015,E039,1,40013.1,0.1,40013.1,4001.31,36011.79,19666.28,16345.51,Online,Cash
ORD000720,2026-09-16,CUST0402,P0032,S009,E016,1,69606.57,0.0,69606.57,0.0,69606.57,55033.65,14572.92,Corporate,Credit Card
ORD000721,2025-02-14,CUST0203,P0045,S001,E021,3,98072.01,0.0,294216.03,0.0,294216.03,176948.67,117267.36,In-Store,Bank Transfer
ORD000722,2026-02-05,CUST0241,P0070,S005,E035,3,114858.02,0.05,344574.06,17228.7,327345.36,185432.43,141912.93,In-Store,Credit Card
ORD000723,2025-09-04,CUST0336,P0033,S010,E034,2,10639.43,0.05,21278.86,1063.94,20214.92,14366.1,5848.82,In-Store,UPI
ORD000724,2026-09-08,CUST0338,P0043,S017,E006,3,25381.73,0.05,76145.19,3807.26,72337.93,55491.09,16846.84,In-Store,Bank Transfer
ORD000725,2026-08-20,CUST0165,P0045,S021,E051,3,99382.19,0.05,298146.57,14907.33,283239.24,176948.67,106290.57,In-Store,Cash
ORD000726,2026-03-26,CUST0309,P0004,S003,E038,2,91070.72,0.0,182141.44,0.0,182141.44,115643.58,66497.86,Corporate,Credit Card
ORD000727,2026-04-30,CUST0121,P0002,S020,E053,1,16620.3,0.0,16620.3,0.0,16620.3,8228.93,8391.37,In-Store,Bank Transfer
ORD000728,2026-10-08,CUST0034,P0044,S009,E015,3,105088.04,0.1,315264.12,31526.41,283737.71,215537.67,68200.04,In-Store,Cash
ORD000729,2026-09-12,CUST0487,P0078,S014,E014,4,72488.51,0.05,289954.04,14497.7,275456.34,200391.76,75064.58,In-Store,Cash
ORD000730,2025-01-18,CUST0229,P0053,S002,E049,1,55721.35,0.0,55721.35,0.0,55721.35,45037.35,10684.0,In-Store,Cash
ORD000731,2026-08-29,CUST0385,P0067,S011,E030,5,66369.25,0.15,331846.25,49776.94,282069.31,215349.4,66719.91,Online,Cash
ORD000732,2026-10-24,CUST0186,P0036,S017,E006,3,61106.96,0.05,183320.88,9166.04,174154.84,97829.85,76324.99,Corporate,Credit Card
ORD000733,2025-10-16,CUST0321,P0069,S010,E002,2,26086.16,0.0,52172.32,0.0,52172.32,40644.78,11527.54,In-Store,Credit Card
ORD000734,2026-02-18,CUST0030,P0035,S017,E006,4,67167.71,0.2,268670.84,53734.17,214936.67,132676.92,82259.75,Online,UPI
ORD000735,2026-12-22,CUST0108,P0011,S009,E016,3,49732.58,0.0,149197.74,0.0,149197.74,108522.21,40675.53,In-Store,Cash
ORD000736,2026-09-30,CUST0069,P0019,S021,E008,2,42287.67,0.1,84575.34,8457.53,76117.81,42435.48,33682.33,In-Store,Credit Card
ORD000737,2025-08-23,CUST0189,P0032,S015,E039,1,75575.88,0.05,75575.88,3778.79,71797.09,55033.65,16763.44,Online,Bank Transfer
ORD000738,2026-02-20,CUST0311,P0038,S007,E050,10,102995.58,0.15,1029955.8,154493.37,875462.43,704630.8,170831.63,Online,UPI
ORD000739,2026-05-14,CUST0268,P0033,S004,E037,2,10768.0,0.0,21536.0,0.0,21536.0,14366.1,7169.9,In-Store,UPI
ORD000740,2026-09-26,CUST0396,P0079,S015,E045,10,900.44,0.1,9004.400000000001,900.44,8103.96,4310.7,3793.26,Corporate,Credit Card
ORD000741,2026-10-12,CUST0252,P0080,S010,E034,4,35884.6,0.0,143538.4,0.0,143538.4,69221.68,74316.72,Online,Cash
ORD000742,2025-04-25,CUST0339,P0027,S015,E057,5,4890.77,0.0,24453.85,0.0,24453.85,11094.45,13359.4,Online,Credit Card
ORD000743,2026-11-05,CUST0067,P0004,S006,E026,2,92394.29,0.05,184788.58,9239.43,175549.15,115643.58,59905.57,Corporate,Credit Card
ORD000744,2026-12-14,CUST0479,P0043,S007,E050,4,25682.45,0.05,102729.8,5136.49,97593.31,73988.12,23605.19,Online,Cash
ORD000745,2025-08-22,CUST0474,P0029,S005,E017,2,17046.88,0.2,34093.76,6818.75,27275.01,22396.96,4878.05,Corporate,Cash
ORD000746,2026-06-24,CUST0187,P0028,S006,E026,5,18421.62,0.0,92108.09999999999,0.0,92108.1,44456.7,47651.4,In-Store,Credit Card
ORD000747,2025-01-11,CUST0445,P0034,S023,E052,5,46337.84,0.1,231689.2,23168.92,208520.28,138146.75,70373.53,In-Store,Bank Transfer
ORD000748,2025-07-25,CUST0043,P0076,S012,E054,1,59495.07,0.2,59495.07,11899.01,47596.06,28124.25,19471.81,Online,Credit Card
ORD000749,2026-11-10,CUST0228,P0019,S021,E003,2,43154.37,0.2,86308.74,17261.75,69046.99,42435.48,26611.51,In-Store,UPI
ORD000750,2025-09-04,CUST0487,P0054,S018,E025,2,69956.13,0.0,139912.26,0.0,139912.26,83437.18,56475.08,In-Store,Cash
ORD000751,2026-07-13,CUST0016,P0054,S008,E060,3,73027.17,0.2,219081.51,43816.3,175265.21,125155.77,50109.44,Corporate,UPI
ORD000752,2025-05-07,CUST0293,P0005,S020,E053,2,62551.53,0.1,125103.06,12510.31,112592.75,64146.0,48446.75,Online,Bank Transfer
ORD000753,2025-05-27,CUST0138,P0070,S020,E053,3,119712.46,0.0,359137.38,0.0,359137.38,185432.43,173704.95,In-Store,Cash
ORD000754,2025-04-28,CUST0317,P0070,S012,E046,2,119277.77,0.0,238555.54,0.0,238555.54,123621.62,114933.92,Online,Credit Card
ORD000755,2026-01-17,CUST0063,P0080,S025,E001,3,35620.14,0.05,106860.42,5343.02,101517.4,51916.26,49601.14,In-Store,Credit Card
ORD000756,2026-02-16,CUST0090,P0052,S003,E038,3,4257.08,0.1,12771.24,1277.12,11494.12,10400.85,1093.27,In-Store,Cash
ORD000757,2026-10-26,CUST0138,P0065,S020,E053,2,90559.87,0.0,181119.74,0.0,181119.74,128660.26,52459.48,Corporate,Bank Transfer
ORD000758,2026-08-07,CUST0121,P0020,S013,E004,4,64629.89,0.1,258519.56,25851.96,232667.6,146653.08,86014.52,In-Store,Bank Transfer
ORD000759,2025-12-29,CUST0036,P0018,S004,E029,4,74562.27,0.1,298249.08,29824.91,268424.17,145778.96,122645.21,In-Store,UPI
ORD000760,2026-05-24,CUST0291,P0044,S004,E037,1,106219.75,0.0,106219.75,0.0,106219.75,71845.89,34373.86,Corporate,UPI
ORD000761,2025-05-17,CUST0045,P0073,S017,E006,1,89340.14,0.0,89340.14,0.0,89340.14,44448.03,44892.11,In-Store,UPI
ORD000762,2025-06-24,CUST0162,P0015,S002,E018,3,53499.43,0.1,160498.29,16049.83,144448.46,88584.12,55864.34,Corporate,UPI
ORD000763,2025-10-16,CUST0459,P0007,S007,E050,1,57199.57,0.05,57199.57,2859.98,54339.59,38542.13,15797.46,In-Store,Cash
ORD000764,2026-04-26,CUST0102,P0012,S008,E060,1,64385.21,0.15,64385.21,9657.78,54727.43,50183.01,4544.42,In-Store,UPI
ORD000765,2025-01-19,CUST0295,P0020,S013,E004,5,62438.06,0.05,312190.3,15609.52,296580.78,183316.35,113264.43,In-Store,UPI
ORD000766,2025-07-14,CUST0141,P0056,S010,E002,1,45035.4,0.05,45035.4,2251.77,42783.63,29745.2,13038.43,Online,Credit Card
ORD000767,2025-11-26,CUST0059,P0014,S005,E035,2,54279.29,0.1,108558.58,10855.86,97702.72,71408.4,26294.32,Corporate,UPI
ORD000768,2025-06-24,CUST0027,P0017,S009,E016,5,63817.23,0.1,319086.15,31908.62,287177.53,202139.65,85037.88,In-Store,Bank Transfer
ORD000769,2026-03-25,CUST0013,P0077,S005,E035,3,3188.2,0.0,9564.599999999999,0.0,9564.6,5184.72,4379.88,Corporate,Credit Card
ORD000770,2025-12-20,CUST0387,P0044,S001,E021,4,108459.55,0.1,433838.2,43383.82,390454.38,287383.56,103070.82,Online,Credit Card
ORD000771,2026-05-14,CUST0498,P0044,S017,E006,1,102586.83,0.0,102586.83,0.0,102586.83,71845.89,30740.94,In-Store,Bank Transfer
ORD000772,2025-05-21,CUST0176,P0043,S022,E011,2,24423.75,0.1,48847.5,4884.75,43962.75,36994.06,6968.69,Online,Bank Transfer
ORD000773,2025-04-03,CUST0246,P0074,S024,E005,1,98379.37,0.1,98379.37,9837.94,88541.43,73993.43,14548.0,In-Store,Credit Card
ORD000774,2025-08-27,CUST0488,P0071,S012,E054,1,104210.84,0.1,104210.84,10421.08,93789.76,55687.55,38102.21,Corporate,UPI
ORD000775,2025-07-24,CUST0435,P0026,S020,E053,2,62228.48,0.05,124456.96,6222.85,118234.11,63899.74,54334.37,Corporate,UPI
ORD000776,2026-07-14,CUST0267,P0063,S008,E024,1,38828.72,0.15,38828.72,5824.31,33004.41,20266.79,12737.62,In-Store,UPI
ORD000777,2026-03-09,CUST0495,P0030,S005,E035,2,107361.31,0.0,214722.62,0.0,214722.62,105864.48,108858.14,Corporate,Bank Transfer
ORD000778,2025-09-02,CUST0395,P0007,S012,E040,1,58133.34,0.05,58133.34,2906.67,55226.67,38542.13,16684.54,Online,UPI
ORD000779,2025-11-13,CUST0417,P0053,S003,E038,2,58033.68,0.2,116067.36,23213.47,92853.89,90074.7,2779.19,In-Store,Cash
ORD000780,2025-10-22,CUST0313,P0044,S008,E060,3,105928.29,0.1,317784.87,31778.49,286006.38,215537.67,70468.71,In-Store,UPI
ORD000781,2026-10-02,CUST0129,P0034,S010,E002,1,45755.22,0.0,45755.22,0.0,45755.22,27629.35,18125.87,In-Store,Cash
ORD000782,2025-10-09,CUST0443,P0072,S015,E045,1,5631.99,0.2,5631.99,1126.4,4505.59,3156.83,1348.76,Online,Bank Transfer
ORD000783,2025-01-17,CUST0430,P0070,S015,E039,2,115674.64,0.05,231349.28,11567.46,219781.82,123621.62,96160.2,Corporate,Cash
ORD000784,2025-03-12,CUST0416,P0066,S007,E050,3,82868.35,0.1,248605.05,24860.51,223744.54,178358.73,45385.81,In-Store,Credit Card
ORD000785,2025-09-26,CUST0382,P0039,S004,E037,4,6987.26,0.0,27949.04,0.0,27949.04,16377.0,11572.04,Online,Credit Card
ORD000786,2025-11-21,CUST0216,P0021,S002,E036,2,40618.27,0.1,81236.54,8123.65,73112.89,39332.56,33780.33,In-Store,Bank Transfer
ORD000787,2025-11-01,CUST0319,P0010,S022,E020,4,8568.66,0.0,34274.64,0.0,34274.64,19413.44,14861.2,Online,UPI
ORD000788,2026-03-27,CUST0305,P0053,S016,E013,2,57933.87,0.0,115867.74,0.0,115867.74,90074.7,25793.04,Corporate,Bank Transfer
ORD000789,2025-01-07,CUST0320,P0026,S017,E006,1,66787.42,0.0,66787.42,0.0,66787.42,31949.87,34837.55,Online,Bank Transfer
ORD000790,2025-11-10,CUST0470,P0066,S005,E017,10,82621.66,0.05,826216.6000000001,41310.83,784905.77,594529.1,190376.67,Corporate,Credit Card
ORD000791,2025-04-13,CUST0021,P0013,S025,E001,10,52234.29,0.05,522342.9,26117.15,496225.75,402400.3,93825.45,In-Store,Credit Card
ORD000792,2025-07-12,CUST0213,P0077,S012,E054,2,2948.0,0.0,5896.0,0.0,5896.0,3456.48,2439.52,Corporate,Cash
ORD000793,2026-07-28,CUST0489,P0055,S021,E027,1,64694.94,0.05,64694.94,3234.75,61460.19,41424.85,20035.34,Online,Cash
ORD000794,2026-06-13,CUST0305,P0022,S004,E037,2,73293.08,0.15,146586.16,21987.92,124598.24,70147.68,54450.56,In-Store,Cash
ORD000795,2025-06-20,CUST0369,P0025,S023,E059,10,115788.41,0.1,1157884.1,115788.41,1042095.69,618230.3,423865.39,In-Store,Credit Card
ORD000796,2026-06-21,CUST0101,P0029,S025,E007,3,18297.49,0.05,54892.47,2744.62,52147.85,33595.44,18552.41,Online,Credit Card
ORD000797,2025-09-08,CUST0477,P0069,S016,E013,5,25722.98,0.2,128614.9,25722.98,102891.92,101611.95,1279.97,Online,UPI
ORD000798,2026-01-22,CUST0371,P0015,S001,E021,1,51603.96,0.05,51603.96,2580.2,49023.76,29528.04,19495.72,In-Store,UPI
ORD000799,2025-07-26,CUST0026,P0076,S025,E031,4,61153.47,0.15,244613.88,36692.08,207921.8,112497.0,95424.8,In-Store,Cash
ORD000800,2026-06-25,CUST0127,P0063,S007,E050,3,38819.42,0.1,116458.26,11645.83,104812.43,60800.37,44012.06,In-Store,Cash
ORD000801,2026-09-21,CUST0079,P0062,S008,E024,4,100505.84,0.15,402023.36,60303.5,341719.86,317176.76,24543.1,In-Store,Cash
ORD000802,2026-02-20,CUST0057,P0069,S025,E042,2,26319.65,0.05,52639.3,2631.96,50007.34,40644.78,9362.56,In-Store,UPI
ORD000803,2026-01-15,CUST0057,P0019,S024,E041,2,42490.18,0.05,84980.36,4249.02,80731.34,42435.48,38295.86,Online,Credit Card
ORD000804,2025-05-24,CUST0175,P0006,S012,E054,2,83203.73,0.1,166407.46,16640.75,149766.71,108461.14,41305.57,In-Store,UPI
ORD000805,2025-01-25,CUST0132,P0064,S017,E006,3,62622.16,0.05,187866.48,9393.32,178473.16,125103.66,53369.5,In-Store,Cash
ORD000806,2026-10-30,CUST0392,P0046,S006,E043,2,49531.39,0.0,99062.78,0.0,99062.78,43706.68,55356.1,In-Store,UPI
ORD000807,2025-03-14,CUST0206,P0054,S009,E012,2,68943.5,0.1,137887.0,13788.7,124098.3,83437.18,40661.12,In-Store,Credit Card
ORD000808,2026-09-24,CUST0002,P0013,S021,E008,1,54363.34,0.0,54363.34,0.0,54363.34,40240.03,14123.31,In-Store,UPI
ORD000809,2025-04-03,CUST0122,P0010,S001,E021,2,8624.0,0.05,17248.0,862.4,16385.6,9706.72,6678.88,Online,Cash
ORD000810,2026-05-20,CUST0211,P0040,S004,E029,2,117913.76,0.0,235827.52,0.0,235827.52,153087.16,82740.36,Online,Cash
ORD000811,2026-08-21,CUST0369,P0016,S021,E003,2,44325.4,0.0,88650.8,0.0,88650.8,40940.7,47710.1,In-Store,Bank Transfer
ORD000812,2025-12-02,CUST0133,P0014,S003,E038,2,56019.21,0.05,112038.42,5601.92,106436.5,71408.4,35028.1,In-Store,Credit Card
ORD000813,2026-03-01,CUST0470,P0023,S016,E013,2,66057.9,0.05,132115.8,6605.79,125510.01,96976.88,28533.13,Online,Cash
ORD000814,2026-05-14,CUST0312,P0053,S005,E017,2,55626.82,0.0,111253.64,0.0,111253.64,90074.7,21178.94,In-Store,Bank Transfer
ORD000815,2025-12-30,CUST0284,P0079,S004,E029,2,852.7,0.05,1705.4,85.27,1620.13,862.14,757.99,In-Store,Credit Card
ORD000816,2026-09-22,CUST0467,P0059,S022,E011,2,73311.34,0.0,146622.68,0.0,146622.68,96900.38,49722.3,In-Store,Bank Transfer
ORD000817,2025-07-18,CUST0270,P0012,S021,E047,1,64360.2,0.0,64360.2,0.0,64360.2,50183.01,14177.19,In-Store,Cash
ORD000818,2026-12-19,CUST0396,P0060,S001,E021,4,111075.36,0.05,444301.44,22215.07,422086.37,238643.08,183443.29,Online,Bank Transfer
ORD000819,2026-02-17,CUST0208,P0057,S025,E031,3,42305.42,0.1,126916.26,12691.63,114224.63,94106.52,20118.11,In-Store,Bank Transfer
ORD000820,2025-12-05,CUST0045,P0076,S018,E025,2,56796.7,0.05,113593.4,5679.67,107913.73,56248.5,51665.23,In-Store,Credit Card
ORD000821,2026-10-21,CUST0407,P0003,S022,E011,2,109776.18,0.0,219552.36,0.0,219552.36,151002.4,68549.96,In-Store,Bank Transfer
ORD000822,2026-03-05,CUST0297,P0054,S017,E006,3,68786.91,0.0,206360.73,0.0,206360.73,125155.77,81204.96,Corporate,Cash
ORD000823,2025-05-19,CUST0488,P0037,S007,E050,4,96499.73,0.05,385998.92,19299.95,366698.97,244153.6,122545.37,Corporate,UPI
ORD000824,2026-11-24,CUST0366,P0076,S007,E050,1,56861.53,0.0,56861.53,0.0,56861.53,28124.25,28737.28,Online,UPI
ORD000825,2026-06-26,CUST0365,P0028,S006,E043,4,20149.62,0.1,80598.48,8059.85,72538.63,35565.36,36973.27,Online,Bank Transfer
ORD000826,2025-02-26,CUST0487,P0012,S024,E005,2,68230.76,0.05,136461.52,6823.08,129638.44,100366.02,29272.42,In-Store,Bank Transfer
ORD000827,2025-08-20,CUST0487,P0044,S007,E050,5,100508.71,0.2,502543.55,100508.71,402034.84,359229.45,42805.39,In-Store,UPI
ORD000828,2026-10-20,CUST0239,P0040,S005,E017,2,114558.73,0.1,229117.46,22911.75,206205.71,153087.16,53118.55,Corporate,Bank Transfer
ORD000829,2026-03-11,CUST0230,P0079,S009,E019,1,923.3,0.05,923.3,46.16,877.14,431.07,446.07,In-Store,UPI
ORD000830,2026-01-19,CUST0129,P0038,S018,E025,1,102280.59,0.05,102280.59,5114.03,97166.56,70463.08,26703.48,In-Store,UPI
ORD000831,2026-07-14,CUST0041,P0007,S011,E058,3,60915.84,0.1,182747.52,18274.75,164472.77,115626.39,48846.38,In-Store,UPI
ORD000832,2025-07-13,CUST0434,P0030,S021,E027,2,103282.37,0.1,206564.74,20656.47,185908.27,105864.48,80043.79,Corporate,Credit Card
ORD000833,2026-10-10,CUST0217,P0012,S004,E029,1,65485.12,0.0,65485.12,0.0,65485.12,50183.01,15302.11,Online,Bank Transfer
ORD000834,2026-06-18,CUST0100,P0025,S012,E033,3,115602.7,0.1,346808.1,34680.81,312127.29,185469.09,126658.2,In-Store,Cash
ORD000835,2026-06-02,CUST0046,P0040,S009,E019,2,110270.44,0.05,220540.88,11027.04,209513.84,153087.16,56426.68,In-Store,Credit Card
ORD000836,2026-12-17,CUST0400,P0064,S014,E014,10,63668.71,0.2,636687.1,127337.42,509349.68,417012.2,92337.48,In-Store,Cash
ORD000837,2025-07-04,CUST0263,P0060,S017,E006,1,115767.59,0.05,115767.59,5788.38,109979.21,59660.77,50318.44,In-Store,Credit Card
ORD000838,2025-10-19,CUST0146,P0005,S015,E045,1,66858.08,0.0,66858.08,0.0,66858.08,32073.0,34785.08,In-Store,Cash
ORD000839,2025-12-01,CUST0245,P0074,S021,E003,3,99754.22,0.2,299262.66,59852.53,239410.13,221980.29,17429.84,In-Store,Bank Transfer
ORD000840,2025-04-26,CUST0341,P0015,S010,E002,1,51990.09,0.0,51990.09,0.0,51990.09,29528.04,22462.05,Online,Bank Transfer
ORD000841,2025-02-18,CUST0344,P0063,S002,E049,4,38635.66,0.15,154542.64,23181.4,131361.24,81067.16,50294.08,Online,Bank Transfer
ORD000842,2026-11-16,CUST0078,P0080,S001,E021,5,37121.95,0.2,185609.75,37121.95,148487.8,86527.1,61960.7,Online,Credit Card
ORD000843,2025-03-23,CUST0135,P0023,S021,E008,2,64687.86,0.0,129375.72,0.0,129375.72,96976.88,32398.84,In-Store,UPI
ORD000844,2025-11-29,CUST0198,P0013,S003,E038,10,52192.87,0.2,521928.7,104385.74,417542.96,402400.3,15142.66,In-Store,Credit Card
ORD000845,2026-07-11,CUST0265,P0015,S023,E022,4,50389.79,0.05,201559.16,10077.96,191481.2,118112.16,73369.04,In-Store,UPI
ORD000846,2025-12-01,CUST0445,P0016,S023,E052,1,46071.78,0.0,46071.78,0.0,46071.78,20470.35,25601.43,Online,Credit Card
ORD000847,2026-06-16,CUST0102,P0038,S004,E029,5,96715.34,0.1,483576.7,48357.67,435219.03,352315.4,82903.63,Corporate,UPI
ORD000848,2025-08-09,CUST0408,P0008,S021,E027,2,108303.15,0.15,216606.3,32490.94,184115.36,163844.46,20270.9,Corporate,Credit Card
ORD000849,2026-09-27,CUST0257,P0011,S012,E046,5,52574.14,0.0,262870.7,0.0,262870.7,180870.35,82000.35,Online,Bank Transfer
ORD000850,2025-11-19,CUST0130,P0023,S020,E053,3,66982.61,0.05,200947.83,10047.39,190900.44,145465.32,45435.12,Corporate,UPI
ORD000851,2025-01-03,CUST0013,P0061,S008,E024,2,7052.37,0.1,14104.74,1410.47,12694.27,6549.9,6144.37,Online,Credit Card
ORD000852,2026-11-25,CUST0446,P0071,S008,E024,1,95963.59,0.0,95963.59,0.0,95963.59,55687.55,40276.04,In-Store,Cash
ORD000853,2025-07-25,CUST0348,P0074,S025,E031,4,102423.44,0.05,409693.76,20484.69,389209.07,295973.72,93235.35,In-Store,UPI
ORD000854,2025-02-09,CUST0333,P0024,S024,E005,3,53953.35,0.05,161860.05,8093.0,153767.05,114580.38,39186.67,In-Store,Cash
ORD000855,2025-02-28,CUST0484,P0043,S007,E050,4,25210.65,0.0,100842.6,0.0,100842.6,73988.12,26854.48,Online,Credit Card
ORD000856,2026-07-28,CUST0059,P0071,S009,E016,2,98188.49,0.1,196376.98,19637.7,176739.28,111375.1,65364.18,Corporate,Bank Transfer
ORD000857,2026-10-06,CUST0431,P0030,S024,E041,4,110092.57,0.05,440370.28,22018.51,418351.77,211728.96,206622.81,Online,Cash
ORD000858,2026-05-22,CUST0235,P0011,S025,E031,2,51694.84,0.1,103389.68,10338.97,93050.71,72348.14,20702.57,Online,Credit Card
ORD000859,2026-07-26,CUST0438,P0005,S002,E018,1,61006.07,0.05,61006.07,3050.3,57955.77,32073.0,25882.77,In-Store,UPI
ORD000860,2025-05-02,CUST0388,P0006,S008,E060,2,84745.34,0.05,169490.68,8474.53,161016.15,108461.14,52555.01,In-Store,Cash
ORD000861,2026-04-24,CUST0057,P0027,S021,E003,1,4961.17,0.05,4961.17,248.06,4713.11,2218.89,2494.22,In-Store,Credit Card
ORD000862,2026-09-11,CUST0239,P0029,S019,E009,3,18622.35,0.0,55867.05,0.0,55867.05,33595.44,22271.61,In-Store,UPI
ORD000863,2025-04-06,CUST0215,P0019,S020,E053,3,40761.31,0.1,122283.93,12228.39,110055.54,63653.22,46402.32,In-Store,Credit Card
ORD000864,2026-02-18,CUST0464,P0014,S018,E025,3,52034.09,0.1,156102.27,15610.23,140492.04,107112.6,33379.44,In-Store,UPI
ORD000865,2025-08-23,CUST0299,P0065,S023,E059,2,83891.94,0.15,167783.88,25167.58,142616.3,128660.26,13956.04,In-Store,Credit Card
ORD000866,2025-03-03,CUST0066,P0068,S025,E007,1,45079.44,0.1,45079.44,4507.94,40571.5,32356.54,8214.96,In-Store,Credit Card
ORD000867,2025-09-13,CUST0466,P0053,S015,E045,2,53150.14,0.15,106300.28,15945.04,90355.24,90074.7,280.54,In-Store,UPI
ORD000868,2026-07-15,CUST0370,P0021,S020,E053,4,41714.81,0.15,166859.24,25028.89,141830.35,78665.12,63165.23,Online,Cash
ORD000869,2025-12-14,CUST0393,P0014,S003,E038,3,54361.51,0.05,163084.53,8154.23,154930.3,107112.6,47817.7,Online,UPI
ORD000870,2026-11-02,CUST0493,P0049,S014,E014,2,42686.97,0.0,85373.94,0.0,85373.94,52715.22,32658.72,Online,Cash
ORD000871,2025-05-04,CUST0120,P0009,S011,E030,1,40019.42,0.05,40019.42,2000.97,38018.45,29720.6,8297.85,Online,UPI
ORD000872,2026-04-27,CUST0223,P0042,S018,E025,1,55066.99,0.1,55066.99,5506.7,49560.29,36290.68,13269.61,Online,Cash
ORD000873,2025-11-13,CUST0263,P0046,S009,E019,3,46560.92,0.0,139682.76,0.0,139682.76,65560.02,74122.74,Online,Credit Card
ORD000874,2026-05-19,CUST0007,P0039,S005,E035,3,7325.65,0.0,21976.95,0.0,21976.95,12282.75,9694.2,Online,Bank Transfer
ORD000875,2026-12-20,CUST0323,P0068,S013,E056,4,44219.81,0.05,176879.24,8843.96,168035.28,129426.16,38609.12,In-Store,Bank Transfer
ORD000876,2025-02-17,CUST0407,P0022,S010,E002,3,69222.66,0.05,207667.98,10383.4,197284.58,105221.52,92063.06,In-Store,Cash
ORD000877,2026-02-13,CUST0432,P0014,S016,E013,2,56347.59,0.05,112695.18,5634.76,107060.42,71408.4,35652.02,Corporate,Credit Card
ORD000878,2025-05-16,CUST0292,P0077,S016,E013,2,2968.86,0.0,5937.72,0.0,5937.72,3456.48,2481.24,Online,Credit Card
ORD000879,2025-07-20,CUST0183,P0041,S023,E022,2,19982.43,0.1,39964.86,3996.49,35968.37,26738.7,9229.67,In-Store,UPI
ORD000880,2025-09-07,CUST0359,P0015,S024,E005,3,50358.07,0.0,151074.21,0.0,151074.21,88584.12,62490.09,In-Store,Credit Card
ORD000881,2025-11-10,CUST0239,P0073,S001,E021,2,88424.06,0.05,176848.12,8842.41,168005.71,88896.06,79109.65,Online,Bank Transfer
ORD000882,2026-01-03,CUST0070,P0046,S017,E006,2,47092.41,0.1,94184.82,9418.48,84766.34,43706.68,41059.66,Online,Cash
ORD000883,2026-03-05,CUST0427,P0068,S014,E014,1,42024.09,0.05,42024.09,2101.2,39922.89,32356.54,7566.35,In-Store,Cash
ORD000884,2026-04-25,CUST0370,P0055,S004,E037,10,62013.26,0.0,620132.6,0.0,620132.6,414248.5,205884.1,Online,Cash
ORD000885,2025-11-10,CUST0216,P0014,S008,E060,2,52137.66,0.05,104275.32,5213.77,99061.55,71408.4,27653.15,Online,Cash
ORD000886,2026-05-15,CUST0436,P0046,S025,E001,2,47663.28,0.0,95326.56,0.0,95326.56,43706.68,51619.88,Online,Cash
ORD000887,2026-12-22,CUST0462,P0040,S024,E005,1,114721.9,0.0,114721.9,0.0,114721.9,76543.58,38178.32,In-Store,UPI
ORD000888,2025-12-21,CUST0167,P0022,S001,E021,3,74300.5,0.15,222901.5,33435.22,189466.28,105221.52,84244.76,Corporate,UPI
ORD000889,2026-04-30,CUST0250,P0038,S007,E050,4,94928.01,0.0,379712.04,0.0,379712.04,281852.32,97859.72,In-Store,UPI
ORD000890,2025-07-30,CUST0089,P0041,S022,E020,1,19745.32,0.05,19745.32,987.27,18758.05,13369.35,5388.7,In-Store,Credit Card
ORD000891,2026-12-05,CUST0048,P0027,S008,E060,2,4774.13,0.0,9548.26,0.0,9548.26,4437.78,5110.48,In-Store,UPI
ORD000892,2025-02-13,CUST0231,P0030,S006,E043,3,105556.43,0.15,316669.29,47500.39,269168.9,158796.72,110372.18,In-Store,Bank Transfer
ORD000893,2026-06-25,CUST0354,P0050,S012,E033,3,16239.38,0.1,48718.14,4871.81,43846.33,35095.26,8751.07,Corporate,Credit Card
ORD000894,2026-07-25,CUST0488,P0003,S008,E060,2,104904.92,0.0,209809.84,0.0,209809.84,151002.4,58807.44,Online,Cash
ORD000895,2026-08-06,CUST0196,P0029,S009,E012,4,18035.15,0.05,72140.6,3607.03,68533.57,44793.92,23739.65,Online,Credit Card
ORD000896,2025-04-02,CUST0365,P0057,S025,E007,4,43970.37,0.0,175881.48,0.0,175881.48,125475.36,50406.12,Online,Cash
ORD000897,2025-09-22,CUST0409,P0004,S002,E049,3,87517.82,0.1,262553.46,26255.35,236298.11,173465.37,62832.74,Online,Credit Card
ORD000898,2025-08-08,CUST0296,P0008,S007,E050,1,113432.55,0.05,113432.55,5671.63,107760.92,81922.23,25838.69,In-Store,Cash
ORD000899,2026-03-18,CUST0083,P0005,S006,E043,5,66067.94,0.0,330339.7,0.0,330339.7,160365.0,169974.7,In-Store,UPI
ORD000900,2026-02-05,CUST0459,P0056,S013,E056,4,47321.82,0.0,189287.28,0.0,189287.28,118980.8,70306.48,In-Store,UPI
ORD000901,2026-02-04,CUST0331,P0047,S022,E032,2,86076.84,0.05,172153.68,8607.68,163546.0,134852.26,28693.74,In-Store,Bank Transfer
ORD000902,2026-12-28,CUST0308,P0036,S025,E007,3,65882.16,0.1,197646.48,19764.65,177881.83,97829.85,80051.98,In-Store,Bank Transfer
ORD000903,2026-07-30,CUST0158,P0025,S002,E049,2,118539.69,0.1,237079.38,23707.94,213371.44,123646.06,89725.38,In-Store,Credit Card
ORD000904,2026-05-05,CUST0060,P0068,S002,E036,1,41650.23,0.2,41650.23,8330.05,33320.18,32356.54,963.64,In-Store,Cash
ORD000905,2026-04-30,CUST0260,P0020,S020,E053,4,61543.15,0.1,246172.6,24617.26,221555.34,146653.08,74902.26,In-Store,UPI
ORD000906,2026-04-15,CUST0094,P0013,S002,E023,4,55415.34,0.1,221661.36,22166.14,199495.22,160960.12,38535.1,In-Store,UPI
ORD000907,2026-07-28,CUST0361,P0065,S003,E038,3,89803.94,0.1,269411.82,26941.18,242470.64,192990.39,49480.25,Online,Credit Card
ORD000908,2026-11-13,CUST0447,P0045,S012,E046,5,95507.89,0.05,477539.45,23876.97,453662.48,294914.45,158748.03,In-Store,Bank Transfer
ORD000909,2026-03-21,CUST0486,P0047,S008,E024,2,83017.8,0.1,166035.6,16603.56,149432.04,134852.26,14579.78,In-Store,Cash
ORD000910,2025-09-26,CUST0310,P0036,S001,E021,5,64058.87,0.0,320294.35,0.0,320294.35,163049.75,157244.6,Online,Bank Transfer
ORD000911,2025-09-24,CUST0175,P0054,S017,E006,5,68187.62,0.05,340938.1,17046.9,323891.2,208592.95,115298.25,Corporate,UPI
ORD000912,2025-02-23,CUST0384,P0041,S002,E036,3,19270.52,0.2,57811.56,11562.31,46249.25,40108.05,6141.2,Corporate,Bank Transfer
ORD000913,2026-06-12,CUST0208,P0060,S011,E055,1,116350.41,0.0,116350.41,0.0,116350.41,59660.77,56689.64,In-Store,UPI
ORD000914,2026-06-04,CUST0216,P0038,S013,E056,2,103672.17,0.0,207344.34,0.0,207344.34,140926.16,66418.18,Online,UPI
ORD000915,2026-09-08,CUST0101,P0026,S008,E060,2,63086.9,0.0,126173.8,0.0,126173.8,63899.74,62274.06,Online,UPI
ORD000916,2025-02-28,CUST0085,P0047,S014,E014,1,81475.57,0.0,81475.57,0.0,81475.57,67426.13,14049.44,Corporate,Bank Transfer
ORD000917,2025-02-09,CUST0486,P0025,S022,E020,3,112985.76,0.0,338957.28,0.0,338957.28,185469.09,153488.19,In-Store,Credit Card
ORD000918,2025-08-25,CUST0262,P0067,S017,E006,3,63208.19,0.05,189624.57,9481.23,180143.34,129209.64,50933.7,In-Store,Credit Card
ORD000919,2026-01-21,CUST0448,P0041,S006,E043,2,19896.02,0.1,39792.04,3979.2,35812.84,26738.7,9074.14,Corporate,Cash
ORD000920,2026-08-29,CUST0312,P0002,S009,E019,2,17230.3,0.0,34460.6,0.0,34460.6,16457.86,18002.74,In-Store,Cash
ORD000921,2026-12-17,CUST0230,P0036,S020,E053,4,61603.68,0.05,246414.72,12320.74,234093.98,130439.8,103654.18,In-Store,Bank Transfer
ORD000922,2026-10-12,CUST0341,P0002,S011,E055,2,16650.84,0.0,33301.68,0.0,33301.68,16457.86,16843.82,Online,Credit Card
ORD000923,2025-10-27,CUST0379,P0075,S024,E041,1,102276.08,0.1,102276.08,10227.61,92048.47,69042.9,23005.57,In-Store,Cash
ORD000924,2026-01-30,CUST0168,P0080,S006,E026,1,36267.33,0.05,36267.33,1813.37,34453.96,17305.42,17148.54,In-Store,UPI
ORD000925,2025-07-26,CUST0414,P0057,S002,E036,4,42912.36,0.15,171649.44,25747.42,145902.02,125475.36,20426.66,In-Store,Bank Transfer
ORD000926,2025-12-02,CUST0323,P0027,S017,E006,2,4672.82,0.0,9345.64,0.0,9345.64,4437.78,4907.86,Corporate,Cash
ORD000927,2026-08-16,CUST0326,P0080,S010,E010,4,36683.39,0.0,146733.56,0.0,146733.56,69221.68,77511.88,In-Store,Cash
ORD000928,2026-12-31,CUST0450,P0059,S012,E054,2,69583.03,0.1,139166.06,13916.61,125249.45,96900.38,28349.07,In-Store,UPI
ORD000929,2026-05-29,CUST0077,P0002,S025,E031,1,17251.72,0.0,17251.72,0.0,17251.72,8228.93,9022.79,Corporate,Credit Card
ORD000930,2025-06-27,CUST0338,P0077,S022,E020,10,3059.85,0.1,30598.5,3059.85,27538.65,17282.4,10256.25,In-Store,Credit Card
ORD000931,2026-01-31,CUST0031,P0063,S008,E060,1,38243.76,0.0,38243.76,0.0,38243.76,20266.79,17976.97,Online,UPI
ORD000932,2026-01-06,CUST0362,P0051,S010,E034,3,99444.18,0.05,298332.54,14916.63,283415.91,157304.64,126111.27,In-Store,Credit Card
ORD000933,2026-10-20,CUST0110,P0014,S001,E021,10,55934.35,0.05,559343.5,27967.18,531376.32,357042.0,174334.32,In-Store,Bank Transfer
ORD000934,2025-11-14,CUST0448,P0058,S019,E009,3,120055.51,0.1,360166.53,36016.65,324149.88,211844.91,112304.97,Online,UPI
ORD000935,2026-01-04,CUST0277,P0043,S025,E001,3,24809.71,0.0,74429.13,0.0,74429.13,55491.09,18938.04,In-Store,Bank Transfer
ORD000936,2026-01-19,CUST0419,P0012,S019,E009,2,66728.42,0.0,133456.84,0.0,133456.84,100366.02,33090.82,Online,Bank Transfer
ORD000937,2025-03-03,CUST0493,P0012,S022,E020,2,65519.56,0.05,131039.12,6551.96,124487.16,100366.02,24121.14,In-Store,Bank Transfer
ORD000938,2026-05-20,CUST0410,P0073,S009,E016,1,89354.65,0.05,89354.65,4467.73,84886.92,44448.03,40438.89,Online,Credit Card
ORD000939,2025-08-27,CUST0202,P0007,S012,E040,4,61300.19,0.15,245200.76,36780.11,208420.65,154168.52,54252.13,In-Store,Bank Transfer
ORD000940,2025-07-14,CUST0067,P0040,S012,E046,1,112109.19,0.05,112109.19,5605.46,106503.73,76543.58,29960.15,Online,Bank Transfer
ORD000941,2026-11-09,CUST0346,P0077,S007,E050,2,3122.64,0.2,6245.28,1249.06,4996.22,3456.48,1539.74,Online,Bank Transfer
ORD000942,2025-08-10,CUST0243,P0037,S019,E009,1,96474.7,0.0,96474.7,0.0,96474.7,61038.4,35436.3,In-Store,Bank Transfer
ORD000943,2025-03-02,CUST0121,P0043,S021,E027,2,23980.16,0.0,47960.32,0.0,47960.32,36994.06,10966.26,Online,Bank Transfer
ORD000944,2025-05-09,CUST0225,P0062,S013,E004,1,103447.52,0.05,103447.52,5172.38,98275.14,79294.19,18980.95,In-Store,Bank Transfer
ORD000945,2026-11-16,CUST0207,P0024,S011,E030,2,55685.29,0.15,111370.58,16705.59,94664.99,76386.92,18278.07,In-Store,Cash
ORD000946,2025-06-05,CUST0064,P0010,S022,E032,2,8145.18,0.0,16290.36,0.0,16290.36,9706.72,6583.64,In-Store,Bank Transfer
ORD000947,2026-01-13,CUST0471,P0012,S018,E025,4,65202.16,0.2,260808.64,52161.73,208646.91,200732.04,7914.87,Corporate,UPI
ORD000948,2026-09-14,CUST0348,P0062,S018,E025,3,99524.32,0.1,298572.96,29857.3,268715.66,237882.57,30833.09,Online,Credit Card
ORD000949,2026-08-09,CUST0343,P0024,S018,E025,5,55105.07,0.15,275525.35,41328.8,234196.55,190967.3,43229.25,Online,Bank Transfer
ORD000950,2026-03-13,CUST0170,P0072,S022,E011,4,5510.09,0.05,22040.36,1102.02,20938.34,12627.32,8311.02,Online,UPI
ORD000951,2025-07-26,CUST0345,P0075,S012,E054,2,99584.75,0.0,199169.5,0.0,199169.5,138085.8,61083.7,In-Store,Cash
ORD000952,2026-01-23,CUST0254,P0043,S016,E013,4,24409.46,0.0,97637.84,0.0,97637.84,73988.12,23649.72,In-Store,Bank Transfer
ORD000953,2026-04-25,CUST0073,P0037,S013,E056,1,95609.34,0.0,95609.34,0.0,95609.34,61038.4,34570.94,Corporate,Bank Transfer
ORD000954,2025-12-06,CUST0149,P0061,S017,E006,3,6972.62,0.2,20917.86,4183.57,16734.29,9824.85,6909.44,Online,Bank Transfer
ORD000955,2025-12-06,CUST0323,P0006,S020,E053,3,84625.32,0.05,253875.96,12693.8,241182.16,162691.71,78490.45,In-Store,Credit Card
ORD000956,2025-07-23,CUST0069,P0073,S012,E040,2,85869.83,0.05,171739.66,8586.98,163152.68,88896.06,74256.62,Corporate,Credit Card
ORD000957,2025-06-10,CUST0096,P0059,S008,E024,1,69335.16,0.0,69335.16,0.0,69335.16,48450.19,20884.97,In-Store,Credit Card
ORD000958,2026-06-24,CUST0091,P0075,S012,E033,3,96904.14,0.0,290712.42,0.0,290712.42,207128.7,83583.72,Corporate,Credit Card
ORD000959,2026-01-27,CUST0188,P0001,S001,E021,5,70168.02,0.1,350840.1,35084.01,315756.09,160425.55,155330.54,In-Store,Bank Transfer
ORD000960,2026-11-08,CUST0229,P0012,S018,E025,1,66486.71,0.15,66486.71,9973.01,56513.7,50183.01,6330.69,Corporate,Cash
ORD000961,2026-07-29,CUST0043,P0059,S017,E006,4,72282.4,0.05,289129.6,14456.48,274673.12,193800.76,80872.36,In-Store,Credit Card
ORD000962,2026-06-18,CUST0328,P0028,S004,E029,2,20056.02,0.2,40112.04,8022.41,32089.63,17782.68,14306.95,Online,Credit Card
ORD000963,2025-03-11,CUST0461,P0014,S013,E056,5,54137.16,0.1,270685.8,27068.58,243617.22,178521.0,65096.22,In-Store,Cash
ORD000964,2026-02-09,CUST0424,P0032,S003,E038,1,71378.62,0.1,71378.62,7137.86,64240.76,55033.65,9207.11,In-Store,Credit Card
ORD000965,2026-08-31,CUST0449,P0013,S015,E039,1,54830.76,0.0,54830.76,0.0,54830.76,40240.03,14590.73,In-Store,Bank Transfer
ORD000966,2026-11-06,CUST0311,P0015,S006,E026,1,53354.78,0.05,53354.78,2667.74,50687.04,29528.04,21159.0,In-Store,Cash
ORD000967,2026-08-14,CUST0374,P0019,S024,E041,1,42010.8,0.0,42010.8,0.0,42010.8,21217.74,20793.06,Online,Cash
ORD000968,2026-06-01,CUST0305,P0077,S023,E044,3,3037.28,0.1,9111.84,911.18,8200.66,5184.72,3015.94,In-Store,Credit Card
ORD000969,2025-04-30,CUST0049,P0034,S007,E050,10,45883.6,0.0,458836.0,0.0,458836.0,276293.5,182542.5,In-Store,UPI
ORD000970,2026-11-21,CUST0162,P0014,S011,E058,2,53252.26,0.1,106504.52,10650.45,95854.07,71408.4,24445.67,Online,Credit Card
ORD000971,2026-11-19,CUST0424,P0034,S002,E018,3,45413.3,0.15,136239.9,20435.99,115803.91,82888.05,32915.86,Online,Bank Transfer
ORD000972,2025-08-05,CUST0074,P0024,S004,E029,1,52772.51,0.1,52772.51,5277.25,47495.26,38193.46,9301.8,Online,Credit Card
ORD000973,2025-02-25,CUST0174,P0005,S005,E035,1,62413.52,0.15,62413.52,9362.03,53051.49,32073.0,20978.49,Online,Credit Card
ORD000974,2026-01-01,CUST0030,P0070,S023,E022,2,114500.87,0.05,229001.74,11450.09,217551.65,123621.62,93930.03,In-Store,Bank Transfer
ORD000975,2026-11-30,CUST0001,P0062,S003,E038,2,103305.77,0.05,206611.54,10330.58,196280.96,158588.38,37692.58,Online,Bank Transfer
ORD000976,2026-05-19,CUST0104,P0071,S023,E022,1,95433.49,0.15,95433.49,14315.02,81118.47,55687.55,25430.92,Corporate,Bank Transfer
ORD000977,2026-03-31,CUST0099,P0032,S014,E014,5,73765.17,0.0,368825.85,0.0,368825.85,275168.25,93657.6,In-Store,UPI
ORD000978,2025-04-14,CUST0303,P0004,S021,E051,1,87283.85,0.05,87283.85,4364.19,82919.66,57821.79,25097.87,Online,UPI
ORD000979,2025-03-18,CUST0315,P0016,S005,E017,4,42635.19,0.0,170540.76,0.0,170540.76,81881.4,88659.36,In-Store,Credit Card
ORD000980,2025-08-18,CUST0210,P0075,S025,E042,4,103457.15,0.1,413828.6,41382.86,372445.74,276171.6,96274.14,Online,UPI
ORD000981,2025-09-15,CUST0031,P0060,S008,E060,3,113236.54,0.0,339709.62,0.0,339709.62,178982.31,160727.31,Online,UPI
ORD000982,2025-09-21,CUST0235,P0068,S003,E038,3,43914.25,0.0,131742.75,0.0,131742.75,97069.62,34673.13,In-Store,Credit Card
ORD000983,2025-11-27,CUST0472,P0013,S021,E047,3,55118.09,0.05,165354.27,8267.71,157086.56,120720.09,36366.47,In-Store,Cash
ORD000984,2025-07-01,CUST0012,P0025,S017,E006,5,121558.57,0.1,607792.8500000001,60779.29,547013.56,309115.15,237898.41,Corporate,Cash
ORD000985,2026-07-04,CUST0261,P0026,S003,E038,2,65962.54,0.15,131925.08,19788.76,112136.32,63899.74,48236.58,In-Store,Credit Card
ORD000986,2026-11-19,CUST0041,P0039,S020,E053,2,7302.38,0.0,14604.76,0.0,14604.76,8188.5,6416.26,In-Store,Bank Transfer
ORD000987,2025-01-27,CUST0253,P0014,S021,E047,2,53441.06,0.0,106882.12,0.0,106882.12,71408.4,35473.72,Online,Bank Transfer
ORD000988,2025-10-03,CUST0484,P0079,S015,E048,1,915.25,0.15,915.25,137.29,777.96,431.07,346.89,In-Store,UPI
ORD000989,2026-10-14,CUST0293,P0029,S019,E009,5,17598.68,0.05,87993.4,4399.67,83593.73,55992.4,27601.33,In-Store,Bank Transfer
ORD000990,2025-10-26,CUST0022,P0077,S016,E013,2,3014.48,0.15,6028.96,904.34,5124.62,3456.48,1668.14,In-Store,Bank Transfer
ORD000991,2025-04-01,CUST0300,P0036,S001,E021,4,65463.58,0.0,261854.32,0.0,261854.32,130439.8,131414.52,In-Store,Cash
ORD000992,2026-04-25,CUST0144,P0043,S015,E057,1,24784.96,0.05,24784.96,1239.25,23545.71,18497.03,5048.68,Online,Cash
ORD000993,2026-07-27,CUST0408,P0021,S012,E054,10,42274.53,0.05,422745.3,21137.26,401608.04,196662.8,204945.24,Online,Bank Transfer
ORD000994,2026-04-03,CUST0264,P0047,S007,E050,2,89197.4,0.05,178394.8,8919.74,169475.06,134852.26,34622.8,In-Store,Cash
ORD000995,2026-03-27,CUST0159,P0057,S005,E017,4,44687.95,0.2,178751.8,35750.36,143001.44,125475.36,17526.08,Online,Cash
ORD000996,2025-12-31,CUST0142,P0018,S019,E009,3,79494.29,0.1,238482.87,23848.29,214634.58,109334.22,105300.36,In-Store,UPI
ORD000997,2026-11-06,CUST0248,P0077,S024,E041,1,3207.72,0.15,3207.72,481.16,2726.56,1728.24,998.32,In-Store,Bank Transfer
ORD000998,2025-12-17,CUST0012,P0042,S008,E060,2,51277.85,0.1,102555.7,10255.57,92300.13,72581.36,19718.77,In-Store,Bank Transfer
ORD000999,2026-10-17,CUST0110,P0054,S002,E049,5,69543.21,0.05,347716.05,17385.8,330330.25,208592.95,121737.3,Corporate,Cash
ORD001000,2026-02-04,CUST0048,P0070,S023,E059,2,122355.25,0.05,244710.5,12235.53,232474.97,123621.62,108853.35,In-Store,Cash
ORD001001,2025-09-10,CUST0055,P0043,S013,E056,2,25985.02,0.05,51970.04,2598.5,49371.54,36994.06,12377.48,Corporate,Credit Card
ORD001002,2026-04-04,CUST0496,P0047,S008,E060,2,85572.67,0.05,171145.34,8557.27,162588.07,134852.26,27735.81,Online,Credit Card
ORD001003,2026-11-30,CUST0070,P0075,S025,E007,5,99944.14,0.1,499720.7,49972.07,449748.63,345214.5,104534.13,In-Store,Credit Card
ORD001004,2026-05-14,CUST0468,P0054,S015,E039,1,68746.7,0.05,68746.7,3437.34,65309.36,41718.59,23590.77,Online,UPI
ORD001005,2026-05-23,CUST0009,P0041,S001,E021,2,19940.84,0.05,39881.68,1994.08,37887.6,26738.7,11148.9,Online,Bank Transfer
ORD001006,2025-10-31,CUST0455,P0062,S018,E025,2,101282.28,0.05,202564.56,10128.23,192436.33,158588.38,33847.95,In-Store,UPI
ORD001007,2026-05-16,CUST0434,P0017,S004,E037,2,62144.72,0.1,124289.44,12428.94,111860.5,80855.86,31004.64,Corporate,Credit Card
ORD001008,2026-08-21,CUST0449,P0035,S020,E053,4,66290.62,0.05,265162.48,13258.12,251904.36,132676.92,119227.44,Online,Cash
ORD001009,2025-06-15,CUST0138,P0023,S020,E053,2,64865.2,0.05,129730.4,6486.52,123243.88,96976.88,26267.0,In-Store,Credit Card
ORD001010,2026-02-19,CUST0401,P0033,S024,E041,1,11142.22,0.1,11142.22,1114.22,10028.0,7183.05,2844.95,Online,Credit Card
ORD001011,2026-04-07,CUST0349,P0027,S010,E034,4,4619.83,0.0,18479.32,0.0,18479.32,8875.56,9603.76,In-Store,UPI
ORD001012,2025-04-24,CUST0119,P0078,S011,E030,2,79605.71,0.05,159211.42,7960.57,151250.85,100195.88,51054.97,Online,Credit Card
ORD001013,2026-03-09,CUST0048,P0050,S021,E008,2,16293.12,0.05,32586.24,1629.31,30956.93,23396.84,7560.09,In-Store,Credit Card
ORD001014,2025-12-22,CUST0402,P0078,S023,E044,1,74099.59,0.0,74099.59,0.0,74099.59,50097.94,24001.65,In-Store,UPI
ORD001015,2026-11-26,CUST0291,P0043,S011,E058,4,24707.09,0.1,98828.36,9882.84,88945.52,73988.12,14957.4,Online,Credit Card
ORD001016,2025-07-26,CUST0312,P0053,S006,E043,4,55896.99,0.05,223587.96,11179.4,212408.56,180149.4,32259.16,Online,Bank Transfer
ORD001017,2025-08-23,CUST0421,P0038,S025,E007,2,94465.47,0.05,188930.94,9446.55,179484.39,140926.16,38558.23,In-Store,UPI
ORD001018,2026-03-18,CUST0039,P0020,S020,E053,2,60979.67,0.1,121959.34,12195.93,109763.41,73326.54,36436.87,Corporate,Bank Transfer
ORD001019,2025-12-21,CUST0452,P0022,S002,E049,1,68452.03,0.0,68452.03,0.0,68452.03,35073.84,33378.19,In-Store,Bank Transfer
ORD001020,2026-05-30,CUST0047,P0053,S001,E021,1,53448.83,0.0,53448.83,0.0,53448.83,45037.35,8411.48,Online,UPI
ORD001021,2025-07-27,CUST0496,P0055,S009,E019,1,59703.16,0.15,59703.16,8955.47,50747.69,41424.85,9322.84,In-Store,Cash
ORD001022,2026-12-10,CUST0060,P0035,S002,E018,1,63393.04,0.1,63393.04,6339.3,57053.74,33169.23,23884.51,In-Store,Credit Card
ORD001023,2025-05-05,CUST0168,P0016,S024,E005,3,45356.23,0.0,136068.69,0.0,136068.69,61411.05,74657.64,In-Store,Credit Card
ORD001024,2025-05-18,CUST0076,P0080,S002,E049,3,34953.63,0.1,104860.89,10486.09,94374.8,51916.26,42458.54,In-Store,Credit Card
ORD001025,2025-12-05,CUST0025,P0021,S007,E050,1,42210.01,0.05,42210.01,2110.5,40099.51,19666.28,20433.23,Online,UPI
ORD001026,2026-06-21,CUST0458,P0036,S007,E050,3,64775.53,0.2,194326.59,38865.32,155461.27,97829.85,57631.42,In-Store,Bank Transfer
ORD001027,2025-03-09,CUST0259,P0040,S007,E050,3,117523.32,0.0,352569.96,0.0,352569.96,229630.74,122939.22,Corporate,Credit Card
ORD001028,2026-07-27,CUST0102,P0034,S006,E043,5,48540.61,0.0,242703.05,0.0,242703.05,138146.75,104556.3,In-Store,Credit Card
ORD001029,2026-06-25,CUST0079,P0017,S005,E017,1,61691.98,0.1,61691.98,6169.2,55522.78,40427.93,15094.85,Online,UPI
ORD001030,2026-01-18,CUST0416,P0069,S001,E021,4,26504.03,0.05,106016.12,5300.81,100715.31,81289.56,19425.75,Corporate,Cash
ORD001031,2025-01-19,CUST0403,P0068,S017,E006,5,44123.89,0.05,220619.45,11030.97,209588.48,161782.7,47805.78,Corporate,Cash
ORD001032,2026-11-14,CUST0200,P0044,S002,E036,1,109907.66,0.1,109907.66,10990.77,98916.89,71845.89,27071.0,In-Store,Bank Transfer
ORD001033,2026-03-26,CUST0104,P0049,S021,E008,2,41141.77,0.0,82283.54,0.0,82283.54,52715.22,29568.32,In-Store,Bank Transfer
ORD001034,2025-03-15,CUST0053,P0020,S007,E050,5,61208.19,0.05,306040.95,15302.05,290738.9,183316.35,107422.55,Online,UPI
ORD001035,2026-07-27,CUST0353,P0046,S010,E034,2,46653.97,0.05,93307.94,4665.4,88642.54,43706.68,44935.86,In-Store,Cash
ORD001036,2026-10-27,CUST0318,P0067,S003,E038,3,63745.14,0.0,191235.42,0.0,191235.42,129209.64,62025.78,In-Store,Cash
ORD001037,2025-10-03,CUST0278,P0047,S017,E006,1,85677.64,0.0,85677.64,0.0,85677.64,67426.13,18251.51,In-Store,Bank Transfer
ORD001038,2025-02-17,CUST0372,P0041,S009,E016,3,19451.02,0.0,58353.06,0.0,58353.06,40108.05,18245.01,Corporate,Cash
ORD001039,2025-07-30,CUST0242,P0008,S021,E008,4,110307.13,0.1,441228.52,44122.85,397105.67,327688.92,69416.75,In-Store,UPI
ORD001040,2026-10-13,CUST0466,P0013,S005,E017,1,54989.44,0.1,54989.44,5498.94,49490.5,40240.03,9250.47,In-Store,UPI
ORD001041,2026-09-14,CUST0262,P0033,S002,E036,4,10996.24,0.05,43984.96,2199.25,41785.71,28732.2,13053.51,Corporate,Credit Card
ORD001042,2026-11-26,CUST0056,P0033,S013,E056,4,11248.66,0.1,44994.64,4499.46,40495.18,28732.2,11762.98,In-Store,Cash
ORD001043,2026-06-24,CUST0393,P0061,S024,E041,2,6923.98,0.15,13847.96,2077.19,11770.77,6549.9,5220.87,Online,Bank Transfer
ORD001044,2026-12-10,CUST0496,P0023,S007,E050,3,63151.53,0.0,189454.59,0.0,189454.59,145465.32,43989.27,In-Store,Credit Card
ORD001045,2025-07-10,CUST0126,P0079,S007,E050,1,850.21,0.0,850.21,0.0,850.21,431.07,419.14,In-Store,Cash
ORD001046,2025-11-11,CUST0226,P0067,S017,E006,2,64423.05,0.1,128846.1,12884.61,115961.49,86139.76,29821.73,Online,Credit Card
ORD001047,2026-07-17,CUST0268,P0008,S014,E014,3,107314.67,0.2,321944.01,64388.8,257555.21,245766.69,11788.52,Corporate,UPI
ORD001048,2026-10-23,CUST0489,P0026,S014,E014,2,60755.67,0.15,121511.34,18226.7,103284.64,63899.74,39384.9,In-Store,Cash
ORD001049,2026-07-16,CUST0360,P0072,S011,E055,3,5447.72,0.1,16343.16,1634.32,14708.84,9470.49,5238.35,In-Store,Credit Card
ORD001050,2025-04-23,CUST0154,P0018,S019,E009,2,80853.74,0.1,161707.48,16170.75,145536.73,72889.48,72647.25,In-Store,Bank Transfer
ORD001051,2025-06-19,CUST0034,P0072,S001,E021,3,5301.22,0.15,15903.66,2385.55,13518.11,9470.49,4047.62,In-Store,Credit Card
ORD001052,2026-04-13,CUST0487,P0012,S014,E014,4,66222.68,0.1,264890.72,26489.07,238401.65,200732.04,37669.61,In-Store,UPI
ORD001053,2026-11-09,CUST0207,P0074,S016,E013,4,102599.2,0.2,410396.8,82079.36,328317.44,295973.72,32343.72,Online,Credit Card
ORD001054,2025-01-14,CUST0500,P0066,S001,E021,3,79629.43,0.0,238888.29,0.0,238888.29,178358.73,60529.56,Corporate,UPI
ORD001055,2026-12-16,CUST0278,P0069,S007,E050,1,25093.87,0.0,25093.87,0.0,25093.87,20322.39,4771.48,In-Store,UPI
ORD001056,2025-10-15,CUST0154,P0006,S007,E050,1,82414.15,0.2,82414.15,16482.83,65931.32,54230.57,11700.75,Corporate,Bank Transfer
ORD001057,2025-07-08,CUST0475,P0049,S005,E035,3,42267.37,0.05,126802.11,6340.11,120462.0,79072.83,41389.17,Corporate,UPI
ORD001058,2025-06-04,CUST0432,P0077,S025,E001,2,3197.76,0.1,6395.52,639.55,5755.97,3456.48,2299.49,In-Store,Bank Transfer
ORD001059,2026-07-21,CUST0302,P0013,S001,E021,1,55057.66,0.1,55057.66,5505.77,49551.89,40240.03,9311.86,In-Store,Cash
ORD001060,2026-11-25,CUST0046,P0047,S015,E045,10,85159.69,0.05,851596.9,42579.84,809017.06,674261.3,134755.76,In-Store,Cash
ORD001061,2026-12-23,CUST0021,P0012,S015,E045,3,66846.67,0.15,200540.01,30081.0,170459.01,150549.03,19909.98,Online,Credit Card
ORD001062,2026-04-16,CUST0222,P0028,S012,E046,2,20091.98,0.0,40183.96,0.0,40183.96,17782.68,22401.28,Corporate,Credit Card
ORD001063,2025-03-16,CUST0399,P0023,S023,E044,4,64870.17,0.0,259480.68,0.0,259480.68,193953.76,65526.92,Online,Credit Card
ORD001064,2025-10-04,CUST0292,P0079,S023,E044,3,847.1,0.1,2541.3,254.13,2287.17,1293.21,993.96,In-Store,Credit Card
ORD001065,2026-10-07,CUST0074,P0054,S023,E052,3,72178.25,0.0,216534.75,0.0,216534.75,125155.77,91378.98,In-Store,Cash
ORD001066,2025-12-09,CUST0125,P0040,S013,E056,2,115898.17,0.1,231796.34,23179.63,208616.71,153087.16,55529.55,In-Store,UPI
ORD001067,2026-03-01,CUST0348,P0043,S018,E025,2,26105.17,0.0,52210.34,0.0,52210.34,36994.06,15216.28,Corporate,UPI
ORD001068,2026-07-25,CUST0177,P0052,S008,E024,2,4474.22,0.0,8948.44,0.0,8948.44,6933.9,2014.54,In-Store,UPI
ORD001069,2026-05-26,CUST0165,P0066,S019,E009,2,78594.74,0.1,157189.48,15718.95,141470.53,118905.82,22564.71,Online,UPI
ORD001070,2025-07-01,CUST0185,P0045,S008,E024,1,98541.36,0.05,98541.36,4927.07,93614.29,58982.89,34631.4,Online,Bank Transfer
ORD001071,2026-04-03,CUST0075,P0019,S018,E025,2,42826.64,0.05,85653.28,4282.66,81370.62,42435.48,38935.14,Corporate,Credit Card
ORD001072,2025-03-05,CUST0407,P0078,S024,E041,1,75009.43,0.0,75009.43,0.0,75009.43,50097.94,24911.49,In-Store,Cash
ORD001073,2025-09-17,CUST0323,P0029,S020,E053,4,17849.14,0.2,71396.56,14279.31,57117.25,44793.92,12323.33,In-Store,Cash
ORD001074,2025-07-12,CUST0368,P0065,S019,E009,1,85369.44,0.2,85369.44,17073.89,68295.55,64330.13,3965.42,In-Store,Bank Transfer
ORD001075,2026-10-17,CUST0247,P0063,S008,E024,2,38131.07,0.0,76262.14,0.0,76262.14,40533.58,35728.56,In-Store,Bank Transfer
ORD001076,2026-09-08,CUST0225,P0044,S020,E053,1,103607.23,0.05,103607.23,5180.36,98426.87,71845.89,26580.98,In-Store,Credit Card
ORD001077,2026-02-10,CUST0070,P0034,S021,E008,3,45607.25,0.1,136821.75,13682.18,123139.57,82888.05,40251.52,In-Store,Cash
ORD001078,2026-12-27,CUST0152,P0036,S004,E037,2,66955.33,0.15,133910.66,20086.6,113824.06,65219.9,48604.16,Online,Bank Transfer
ORD001079,2026-12-22,CUST0323,P0012,S006,E026,2,64251.72,0.1,128503.44,12850.34,115653.1,100366.02,15287.08,In-Store,Cash
ORD001080,2025-04-03,CUST0181,P0030,S008,E060,1,107990.17,0.0,107990.17,0.0,107990.17,52932.24,55057.93,In-Store,UPI
ORD001081,2026-03-06,CUST0465,P0015,S017,E006,2,54265.2,0.05,108530.4,5426.52,103103.88,59056.08,44047.8,In-Store,Bank Transfer
ORD001082,2026-10-16,CUST0429,P0021,S018,E025,3,43015.73,0.05,129047.19,6452.36,122594.83,58998.84,63595.99,Corporate,Cash
ORD001083,2026-03-10,CUST0178,P0019,S001,E021,1,40932.26,0.0,40932.26,0.0,40932.26,21217.74,19714.52,Corporate,Credit Card
ORD001084,2026-02-08,CUST0290,P0007,S002,E049,4,61303.77,0.0,245215.08,0.0,245215.08,154168.52,91046.56,Corporate,Bank Transfer
ORD001085,2026-03-10,CUST0012,P0024,S003,E038,10,53553.08,0.05,535530.8,26776.54,508754.26,381934.6,126819.66,In-Store,UPI
ORD001086,2025-04-22,CUST0415,P0046,S002,E049,5,48694.62,0.1,243473.1,24347.31,219125.79,109266.7,109859.09,In-Store,Bank Transfer
ORD001087,2026-01-10,CUST0143,P0025,S004,E037,4,111027.54,0.1,444110.16,44411.02,399699.14,247292.12,152407.02,In-Store,Bank Transfer
ORD001088,2025-02-28,CUST0208,P0072,S006,E026,2,5467.46,0.15,10934.92,1640.24,9294.68,6313.66,2981.02,In-Store,Credit Card
ORD001089,2025-02-12,CUST0487,P0011,S007,E050,3,49484.45,0.1,148453.35,14845.34,133608.01,108522.21,25085.8,Online,UPI
ORD001090,2025-07-26,CUST0033,P0029,S023,E022,4,18344.92,0.0,73379.68,0.0,73379.68,44793.92,28585.76,Online,UPI
ORD001091,2025-10-23,CUST0295,P0033,S014,E014,4,11183.26,0.0,44733.04,0.0,44733.04,28732.2,16000.84,In-Store,Credit Card
ORD001092,2025-04-28,CUST0218,P0050,S003,E038,1,15955.34,0.1,15955.34,1595.53,14359.81,11698.42,2661.39,In-Store,Bank Transfer
ORD001093,2026-06-16,CUST0084,P0044,S018,E025,2,102383.88,0.0,204767.76,0.0,204767.76,143691.78,61075.98,In-Store,Bank Transfer
ORD001094,2025-08-10,CUST0028,P0048,S002,E018,3,112610.1,0.0,337830.3,0.0,337830.3,274182.6,63647.7,In-Store,Bank Transfer
ORD001095,2025-06-15,CUST0036,P0019,S024,E005,2,42521.88,0.0,85043.76,0.0,85043.76,42435.48,42608.28,Online,UPI
ORD001096,2026-10-05,CUST0099,P0059,S002,E049,4,70678.0,0.15,282712.0,42406.8,240305.2,193800.76,46504.44,In-Store,Bank Transfer
ORD001097,2025-06-05,CUST0234,P0020,S008,E024,2,60403.64,0.0,120807.28,0.0,120807.28,73326.54,47480.74,In-Store,Bank Transfer
ORD001098,2025-07-03,CUST0306,P0038,S008,E024,2,96154.19,0.0,192308.38,0.0,192308.38,140926.16,51382.22,In-Store,UPI
ORD001099,2025-03-31,CUST0279,P0064,S013,E004,1,60424.86,0.1,60424.86,6042.49,54382.37,41701.22,12681.15,In-Store,Credit Card
ORD001100,2025-04-04,CUST0383,P0018,S018,E025,1,78993.91,0.1,78993.91,7899.39,71094.52,36444.74,34649.78,Corporate,UPI
ORD001101,2025-01-13,CUST0047,P0028,S016,E013,2,18538.22,0.0,37076.44,0.0,37076.44,17782.68,19293.76,Corporate,Credit Card
ORD001102,2026-03-14,CUST0498,P0003,S007,E050,1,109747.3,0.0,109747.3,0.0,109747.3,75501.2,34246.1,In-Store,Credit Card
ORD001103,2026-06-22,CUST0224,P0066,S024,E005,5,80359.56,0.0,401797.8,0.0,401797.8,297264.55,104533.25,Online,UPI
ORD001104,2026-08-10,CUST0059,P0040,S001,E021,3,118671.98,0.05,356015.94,17800.8,338215.14,229630.74,108584.4,Online,Cash
ORD001105,2025-05-30,CUST0277,P0075,S003,E038,5,98778.37,0.0,493891.85,0.0,493891.85,345214.5,148677.35,In-Store,Credit Card
ORD001106,2026-10-22,CUST0159,P0004,S010,E034,1,89877.46,0.05,89877.46,4493.87,85383.59,57821.79,27561.8,In-Store,UPI
ORD001107,2025-01-08,CUST0115,P0039,S023,E052,3,7386.92,0.2,22160.76,4432.15,17728.61,12282.75,5445.86,Corporate,Bank Transfer
ORD001108,2025-01-29,CUST0195,P0054,S014,E014,1,73737.84,0.0,73737.84,0.0,73737.84,41718.59,32019.25,Corporate,Credit Card
ORD001109,2025-10-23,CUST0226,P0016,S003,E038,1,42315.35,0.0,42315.35,0.0,42315.35,20470.35,21845.0,In-Store,Credit Card
ORD001110,2026-12-22,CUST0011,P0068,S004,E029,3,42147.45,0.0,126442.35,0.0,126442.35,97069.62,29372.73,In-Store,UPI
ORD001111,2026-10-02,CUST0281,P0019,S010,E010,2,42269.14,0.0,84538.28,0.0,84538.28,42435.48,42102.8,In-Store,Bank Transfer
ORD001112,2025-12-06,CUST0426,P0068,S012,E046,2,42608.32,0.0,85216.64,0.0,85216.64,64713.08,20503.56,In-Store,Credit Card
ORD001113,2026-09-20,CUST0027,P0002,S020,E053,4,16026.3,0.1,64105.2,6410.52,57694.68,32915.72,24778.96,In-Store,Credit Card
ORD001114,2026-03-15,CUST0268,P0038,S025,E007,10,102902.57,0.1,1029025.7,102902.57,926123.13,704630.8,221492.33,Corporate,UPI
ORD001115,2025-05-24,CUST0339,P0005,S006,E026,4,61250.76,0.1,245003.04,24500.3,220502.74,128292.0,92210.74,In-Store,Credit Card
ORD001116,2026-06-03,CUST0151,P0001,S025,E007,2,70156.17,0.05,140312.34,7015.62,133296.72,64170.22,69126.5,In-Store,UPI
ORD001117,2025-02-14,CUST0069,P0028,S006,E026,2,18986.49,0.05,37972.98,1898.65,36074.33,17782.68,18291.65,In-Store,UPI
ORD001118,2025-08-27,CUST0073,P0023,S015,E057,1,66479.72,0.1,66479.72,6647.97,59831.75,48488.44,11343.31,In-Store,Cash
ORD001119,2025-06-04,CUST0302,P0006,S007,E050,4,86838.59,0.0,347354.36,0.0,347354.36,216922.28,130432.08,In-Store,UPI
ORD001120,2025-06-30,CUST0246,P0018,S016,E013,3,79151.54,0.05,237454.62,11872.73,225581.89,109334.22,116247.67,In-Store,UPI
ORD001121,2025-08-03,CUST0284,P0003,S009,E016,1,104615.03,0.05,104615.03,5230.75,99384.28,75501.2,23883.08,In-Store,Cash
ORD001122,2025-03-29,CUST0453,P0078,S012,E054,5,76926.07,0.0,384630.35,0.0,384630.35,250489.7,134140.65,In-Store,UPI
ORD001123,2025-09-13,CUST0147,P0034,S017,E006,2,47141.39,0.0,94282.78,0.0,94282.78,55258.7,39024.08,Corporate,Cash
ORD001124,2026-05-26,CUST0341,P0065,S006,E026,1,91348.67,0.15,91348.67,13702.3,77646.37,64330.13,13316.24,Corporate,UPI
ORD001125,2025-03-14,CUST0407,P0064,S025,E042,4,61705.99,0.0,246823.96,0.0,246823.96,166804.88,80019.08,In-Store,Credit Card
ORD001126,2025-06-28,CUST0371,P0011,S017,E006,5,50958.65,0.0,254793.25,0.0,254793.25,180870.35,73922.9,In-Store,UPI
ORD001127,2025-07-31,CUST0199,P0042,S024,E041,1,52995.95,0.1,52995.95,5299.6,47696.35,36290.68,11405.67,In-Store,UPI
ORD001128,2025-08-22,CUST0187,P0074,S017,E006,3,96061.96,0.05,288185.88,14409.29,273776.59,221980.29,51796.3,In-Store,UPI
ORD001129,2026-04-10,CUST0416,P0006,S024,E041,3,86961.09,0.2,260883.27,52176.65,208706.62,162691.71,46014.91,In-Store,Credit Card
ORD001130,2025-08-11,CUST0157,P0048,S006,E043,3,113042.5,0.0,339127.5,0.0,339127.5,274182.6,64944.9,In-Store,Cash
ORD001131,2026-09-23,CUST0123,P0003,S020,E053,2,102941.31,0.05,205882.62,10294.13,195588.49,151002.4,44586.09,In-Store,Credit Card
ORD001132,2025-09-21,CUST0247,P0012,S008,E060,3,67362.48,0.0,202087.44,0.0,202087.44,150549.03,51538.41,In-Store,Bank Transfer
ORD001133,2025-07-26,CUST0391,P0013,S023,E044,1,54632.08,0.15,54632.08,8194.81,46437.27,40240.03,6197.24,In-Store,Cash
ORD001134,2026-08-30,CUST0281,P0063,S018,E025,2,38770.5,0.05,77541.0,3877.05,73663.95,40533.58,33130.37,In-Store,UPI
ORD001135,2026-01-01,CUST0127,P0010,S002,E018,2,8379.82,0.05,16759.64,837.98,15921.66,9706.72,6214.94,In-Store,UPI
ORD001136,2025-10-03,CUST0448,P0030,S020,E053,1,112735.6,0.0,112735.6,0.0,112735.6,52932.24,59803.36,Corporate,Cash
ORD001137,2026-01-15,CUST0355,P0024,S025,E031,4,56400.84,0.0,225603.36,0.0,225603.36,152773.84,72829.52,Online,Cash
ORD001138,2025-11-05,CUST0169,P0023,S011,E055,2,62472.84,0.0,124945.68,0.0,124945.68,96976.88,27968.8,Corporate,Cash
ORD001139,2026-09-23,CUST0394,P0063,S001,E021,4,39126.06,0.05,156504.24,7825.21,148679.03,81067.16,67611.87,In-Store,Bank Transfer
ORD001140,2025-09-25,CUST0406,P0068,S019,E009,2,44901.8,0.05,89803.6,4490.18,85313.42,64713.08,20600.34,In-Store,Cash
ORD001141,2025-03-05,CUST0064,P0044,S017,E006,1,103223.53,0.2,103223.53,20644.71,82578.82,71845.89,10732.93,In-Store,Cash
ORD001142,2025-12-16,CUST0370,P0079,S011,E030,2,881.74,0.1,1763.48,176.35,1587.13,862.14,724.99,In-Store,UPI
ORD001143,2026-05-09,CUST0023,P0015,S013,E056,4,50680.96,0.2,202723.84,40544.77,162179.07,118112.16,44066.91,In-Store,Cash
ORD001144,2026-06-07,CUST0107,P0040,S016,E013,1,117836.27,0.0,117836.27,0.0,117836.27,76543.58,41292.69,In-Store,Bank Transfer
ORD001145,2025-04-08,CUST0305,P0067,S005,E035,1,63546.18,0.0,63546.18,0.0,63546.18,43069.88,20476.3,In-Store,Credit Card
ORD001146,2025-03-12,CUST0296,P0002,S004,E037,1,16103.31,0.2,16103.31,3220.66,12882.65,8228.93,4653.72,In-Store,Bank Transfer
ORD001147,2025-12-30,CUST0433,P0016,S004,E037,2,42444.85,0.0,84889.7,0.0,84889.7,40940.7,43949.0,In-Store,Credit Card
ORD001148,2026-07-24,CUST0211,P0024,S004,E037,2,52812.3,0.05,105624.6,5281.23,100343.37,76386.92,23956.45,In-Store,Credit Card
ORD001149,2025-10-03,CUST0239,P0064,S007,E050,4,58388.02,0.0,233552.08,0.0,233552.08,166804.88,66747.2,In-Store,UPI
ORD001150,2025-02-19,CUST0282,P0073,S015,E039,3,93143.38,0.05,279430.14,13971.51,265458.63,133344.09,132114.54,Online,Bank Transfer
ORD001151,2025-12-24,CUST0235,P0046,S008,E060,2,47970.98,0.0,95941.96,0.0,95941.96,43706.68,52235.28,Corporate,Bank Transfer
ORD001152,2026-12-29,CUST0074,P0006,S025,E031,1,79883.17,0.2,79883.17,15976.63,63906.54,54230.57,9675.97,In-Store,Bank Transfer
ORD001153,2026-07-18,CUST0063,P0080,S024,E005,4,35112.68,0.0,140450.72,0.0,140450.72,69221.68,71229.04,In-Store,UPI
ORD001154,2026-04-30,CUST0017,P0013,S003,E038,1,52294.65,0.0,52294.65,0.0,52294.65,40240.03,12054.62,Online,Credit Card
ORD001155,2025-03-25,CUST0248,P0041,S019,E009,1,20439.84,0.1,20439.84,2043.98,18395.86,13369.35,5026.51,Online,Credit Card
ORD001156,2026-09-30,CUST0452,P0032,S008,E060,4,70752.26,0.05,283009.04,14150.45,268858.59,220134.6,48723.99,In-Store,UPI
ORD001157,2026-08-07,CUST0445,P0064,S022,E011,2,62487.39,0.1,124974.78,12497.48,112477.3,83402.44,29074.86,Online,Cash
ORD001158,2025-10-23,CUST0408,P0059,S016,E013,2,72169.69,0.05,144339.38,7216.97,137122.41,96900.38,40222.03,Online,Credit Card
ORD001159,2025-08-24,CUST0498,P0040,S003,E038,3,111894.87,0.0,335684.61,0.0,335684.61,229630.74,106053.87,In-Store,Cash
ORD001160,2025-02-25,CUST0358,P0009,S024,E041,1,40547.7,0.2,40547.7,8109.54,32438.16,29720.6,2717.56,In-Store,Bank Transfer
ORD001161,2025-12-26,CUST0057,P0058,S019,E009,10,115561.7,0.05,1155617.0,57780.85,1097836.15,706149.7,391686.45,In-Store,Cash
ORD001162,2025-04-20,CUST0349,P0015,S002,E049,4,50009.81,0.05,200039.24,10001.96,190037.28,118112.16,71925.12,In-Store,Bank Transfer
ORD001163,2025-07-11,CUST0181,P0075,S020,E053,4,96484.07,0.0,385936.28,0.0,385936.28,276171.6,109764.68,Corporate,UPI
ORD001164,2025-04-03,CUST0398,P0022,S023,E059,1,69490.23,0.0,69490.23,0.0,69490.23,35073.84,34416.39,Corporate,Credit Card
ORD001165,2026-07-22,CUST0049,P0067,S005,E035,2,61484.33,0.1,122968.66,12296.87,110671.79,86139.76,24532.03,In-Store,UPI
ORD001166,2025-03-01,CUST0128,P0016,S008,E024,3,42782.98,0.05,128348.94,6417.45,121931.49,61411.05,60520.44,In-Store,Bank Transfer
ORD001167,2026-10-12,CUST0356,P0044,S013,E056,4,103560.15,0.0,414240.6,0.0,414240.6,287383.56,126857.04,Online,Bank Transfer
ORD001168,2025-02-08,CUST0372,P0016,S023,E059,2,44060.64,0.2,88121.28,17624.26,70497.02,40940.7,29556.32,In-Store,Bank Transfer
ORD001169,2026-06-24,CUST0346,P0055,S023,E059,3,63166.09,0.2,189498.27,37899.65,151598.62,124274.55,27324.07,Online,Cash
ORD001170,2025-02-18,CUST0388,P0019,S007,E050,2,40727.85,0.0,81455.7,0.0,81455.7,42435.48,39020.22,Online,Cash
ORD001171,2026-02-24,CUST0235,P0004,S012,E046,2,88249.69,0.1,176499.38,17649.94,158849.44,115643.58,43205.86,In-Store,UPI
ORD001172,2026-09-29,CUST0414,P0051,S023,E022,1,99427.44,0.0,99427.44,0.0,99427.44,52434.88,46992.56,Online,Credit Card
ORD001173,2025-01-13,CUST0199,P0041,S004,E037,5,20423.01,0.05,102115.05,5105.75,97009.3,66846.75,30162.55,In-Store,Cash
ORD001174,2025-02-05,CUST0165,P0016,S022,E028,1,42378.6,0.05,42378.6,2118.93,40259.67,20470.35,19789.32,Corporate,Credit Card
ORD001175,2025-04-11,CUST0131,P0073,S018,E025,3,86242.77,0.05,258728.31,12936.42,245791.89,133344.09,112447.8,Corporate,Bank Transfer
ORD001176,2025-03-27,CUST0277,P0071,S002,E036,3,97796.25,0.0,293388.75,0.0,293388.75,167062.65,126326.1,In-Store,UPI
ORD001177,2026-05-31,CUST0340,P0018,S009,E015,2,79405.04,0.0,158810.08,0.0,158810.08,72889.48,85920.6,In-Store,Cash
ORD001178,2025-08-11,CUST0496,P0016,S015,E048,1,45816.28,0.0,45816.28,0.0,45816.28,20470.35,25345.93,In-Store,UPI
ORD001179,2025-12-04,CUST0333,P0076,S006,E026,4,58542.61,0.05,234170.44,11708.52,222461.92,112497.0,109964.92,In-Store,Bank Transfer
ORD001180,2025-06-15,CUST0428,P0056,S024,E041,10,48723.85,0.1,487238.5,48723.85,438514.65,297452.0,141062.65,Online,Credit Card
ORD001181,2026-01-18,CUST0051,P0052,S006,E026,2,4131.71,0.15,8263.42,1239.51,7023.91,6933.9,90.01,In-Store,Bank Transfer
ORD001182,2026-01-11,CUST0171,P0014,S002,E036,3,52376.41,0.1,157129.23,15712.92,141416.31,107112.6,34303.71,In-Store,Cash
ORD001183,2026-04-16,CUST0269,P0024,S022,E032,3,56793.12,0.05,170379.36,8518.97,161860.39,114580.38,47280.01,Online,Cash
ORD001184,2026-10-04,CUST0045,P0004,S002,E018,4,92693.18,0.05,370772.72,18538.64,352234.08,231287.16,120946.92,In-Store,UPI
ORD001185,2025-01-31,CUST0029,P0070,S005,E035,3,115344.29,0.15,346032.87,51904.93,294127.94,185432.43,108695.51,Online,Credit Card
ORD001186,2026-01-10,CUST0487,P0033,S005,E017,3,11074.99,0.1,33224.97,3322.5,29902.47,21549.15,8353.32,In-Store,Credit Card
ORD001187,2025-01-11,CUST0218,P0069,S006,E026,2,26193.78,0.0,52387.56,0.0,52387.56,40644.78,11742.78,In-Store,Credit Card
ORD001188,2025-10-29,CUST0026,P0042,S006,E026,4,51835.51,0.1,207342.04,20734.2,186607.84,145162.72,41445.12,Corporate,Credit Card
ORD001189,2025-04-06,CUST0290,P0008,S024,E005,3,112505.07,0.0,337515.21,0.0,337515.21,245766.69,91748.52,Corporate,Cash
ORD001190,2025-07-09,CUST0260,P0057,S003,E038,1,45277.01,0.0,45277.01,0.0,45277.01,31368.84,13908.17,In-Store,Cash
ORD001191,2026-03-29,CUST0466,P0033,S025,E007,3,10384.52,0.15,31153.56,4673.03,26480.53,21549.15,4931.38,Corporate,UPI
ORD001192,2025-07-11,CUST0179,P0074,S023,E052,2,95427.01,0.05,190854.02,9542.7,181311.32,147986.86,33324.46,In-Store,Bank Transfer
ORD001193,2026-05-01,CUST0219,P0069,S005,E035,1,25983.16,0.2,25983.16,5196.63,20786.53,20322.39,464.14,In-Store,Bank Transfer
ORD001194,2025-09-23,CUST0215,P0012,S007,E050,3,62614.81,0.05,187844.43,9392.22,178452.21,150549.03,27903.18,Online,UPI
ORD001195,2026-02-28,CUST0469,P0028,S009,E019,4,18403.79,0.1,73615.16,7361.52,66253.64,35565.36,30688.28,Online,Cash
ORD001196,2025-05-08,CUST0288,P0001,S016,E013,1,72765.22,0.05,72765.22,3638.26,69126.96,32085.11,37041.85,Corporate,UPI
ORD001197,2025-08-26,CUST0285,P0001,S024,E041,1,73889.87,0.0,73889.87,0.0,73889.87,32085.11,41804.76,In-Store,UPI
ORD001198,2025-12-21,CUST0383,P0015,S002,E018,1,49294.43,0.05,49294.43,2464.72,46829.71,29528.04,17301.67,In-Store,UPI
ORD001199,2025-04-22,CUST0329,P0040,S006,E026,3,110517.12,0.1,331551.36,33155.14,298396.22,229630.74,68765.48,Corporate,Bank Transfer
ORD001200,2026-03-22,CUST0080,P0054,S011,E058,2,72344.2,0.1,144688.4,14468.84,130219.56,83437.18,46782.38,Online,UPI
ORD001201,2025-12-09,CUST0241,P0044,S006,E043,10,102010.15,0.1,1020101.5,102010.15,918091.35,718458.9,199632.45,In-Store,Cash
ORD001202,2025-05-25,CUST0231,P0010,S015,E039,2,8608.64,0.05,17217.28,860.86,16356.42,9706.72,6649.7,In-Store,Cash
ORD001203,2025-03-06,CUST0265,P0042,S002,E049,3,52008.63,0.05,156025.89,7801.29,148224.6,108872.04,39352.56,Online,UPI
ORD001204,2025-09-04,CUST0401,P0023,S009,E016,2,66456.82,0.0,132913.64,0.0,132913.64,96976.88,35936.76,In-Store,UPI
ORD001205,2026-05-05,CUST0448,P0030,S001,E021,2,106702.03,0.05,213404.06,10670.2,202733.86,105864.48,96869.38,In-Store,Cash
ORD001206,2026-03-15,CUST0188,P0066,S003,E038,1,84734.3,0.0,84734.3,0.0,84734.3,59452.91,25281.39,Online,Bank Transfer
ORD001207,2025-04-16,CUST0203,P0032,S020,E053,10,74761.06,0.05,747610.6,37380.53,710230.07,550336.5,159893.57,Online,Cash
ORD001208,2025-06-30,CUST0063,P0070,S025,E031,2,121654.22,0.0,243308.44,0.0,243308.44,123621.62,119686.82,Corporate,UPI
ORD001209,2025-07-03,CUST0400,P0069,S004,E037,3,24360.43,0.0,73081.29000000001,0.0,73081.29,60967.17,12114.12,In-Store,Credit Card
ORD001210,2025-08-14,CUST0152,P0054,S008,E024,2,68247.64,0.15,136495.28,20474.29,116020.99,83437.18,32583.81,In-Store,Credit Card
ORD001211,2025-03-30,CUST0452,P0033,S025,E007,1,10234.11,0.05,10234.11,511.71,9722.4,7183.05,2539.35,Online,UPI
ORD001212,2026-11-19,CUST0071,P0011,S004,E037,2,51685.88,0.1,103371.76,10337.18,93034.58,72348.14,20686.44,In-Store,UPI
ORD001213,2026-06-14,CUST0422,P0038,S025,E042,2,101067.44,0.0,202134.88,0.0,202134.88,140926.16,61208.72,In-Store,Bank Transfer
ORD001214,2026-01-06,CUST0120,P0010,S007,E050,3,8609.71,0.2,25829.13,5165.83,20663.3,14560.08,6103.22,In-Store,Cash
ORD001215,2026-02-03,CUST0014,P0040,S019,E009,2,113586.49,0.0,227172.98,0.0,227172.98,153087.16,74085.82,In-Store,UPI
ORD001216,2025-04-16,CUST0326,P0080,S013,E004,3,36014.3,0.15,108042.9,16206.44,91836.46,51916.26,39920.2,In-Store,Cash
ORD001217,2025-09-28,CUST0070,P0074,S016,E013,4,100191.31,0.1,400765.24,40076.52,360688.72,295973.72,64715.0,In-Store,Bank Transfer
ORD001218,2026-05-18,CUST0238,P0063,S016,E013,5,38397.14,0.1,191985.7,19198.57,172787.13,101333.95,71453.18,In-Store,Credit Card
ORD001219,2026-11-10,CUST0319,P0014,S021,E047,1,55133.17,0.2,55133.17,11026.63,44106.54,35704.2,8402.34,In-Store,Credit Card
ORD001220,2026-06-09,CUST0409,P0080,S024,E005,3,36942.32,0.1,110826.96,11082.7,99744.26,51916.26,47828.0,Corporate,UPI
ORD001221,2025-02-01,CUST0463,P0063,S022,E020,1,38001.51,0.0,38001.51,0.0,38001.51,20266.79,17734.72,Corporate,Bank Transfer
ORD001222,2026-01-28,CUST0402,P0063,S012,E033,3,39101.06,0.2,117303.18,23460.64,93842.54,60800.37,33042.17,In-Store,UPI
ORD001223,2025-02-09,CUST0037,P0010,S004,E029,1,7989.24,0.05,7989.24,399.46,7589.78,4853.36,2736.42,In-Store,UPI
ORD001224,2026-10-22,CUST0115,P0053,S017,E006,1,57160.56,0.2,57160.56,11432.11,45728.45,45037.35,691.1,Online,Credit Card
ORD001225,2025-08-06,CUST0022,P0053,S010,E002,3,55178.14,0.0,165534.42,0.0,165534.42,135112.05,30422.37,Corporate,Credit Card
ORD001226,2025-03-23,CUST0365,P0025,S011,E058,3,113033.17,0.1,339099.51,33909.95,305189.56,185469.09,119720.47,Corporate,Credit Card
ORD001227,2026-12-21,CUST0313,P0078,S021,E051,3,73669.36,0.1,221008.08,22100.81,198907.27,150293.82,48613.45,In-Store,Cash
ORD001228,2025-07-20,CUST0284,P0005,S014,E014,1,64585.34,0.0,64585.34,0.0,64585.34,32073.0,32512.34,Corporate,Cash
ORD001229,2026-03-23,CUST0366,P0001,S021,E003,1,72753.09,0.0,72753.09,0.0,72753.09,32085.11,40667.98,In-Store,Cash
ORD001230,2026-03-04,CUST0396,P0044,S006,E043,2,101460.8,0.0,202921.6,0.0,202921.6,143691.78,59229.82,Online,Bank Transfer
ORD001231,2025-02-07,CUST0363,P0051,S010,E002,1,99671.63,0.1,99671.63,9967.16,89704.47,52434.88,37269.59,In-Store,Credit Card
ORD001232,2025-07-30,CUST0051,P0064,S006,E026,1,62473.29,0.05,62473.29,3123.66,59349.63,41701.22,17648.41,Online,Bank Transfer
ORD001233,2026-03-20,CUST0312,P0072,S016,E013,2,5531.12,0.0,11062.24,0.0,11062.24,6313.66,4748.58,Online,Bank Transfer
ORD001234,2025-11-23,CUST0204,P0016,S019,E009,3,45660.39,0.15,136981.17,20547.18,116433.99,61411.05,55022.94,In-Store,Credit Card
ORD001235,2025-08-15,CUST0465,P0040,S014,E014,4,112019.45,0.05,448077.8,22403.89,425673.91,306174.32,119499.59,In-Store,UPI
ORD001236,2025-02-17,CUST0111,P0037,S006,E043,1,101216.76,0.0,101216.76,0.0,101216.76,61038.4,40178.36,Online,UPI
ORD001237,2025-01-18,CUST0464,P0018,S004,E037,2,75770.03,0.1,151540.06,15154.01,136386.05,72889.48,63496.57,Online,Cash
ORD001238,2026-03-15,CUST0134,P0039,S010,E002,2,7149.35,0.15,14298.7,2144.8,12153.9,8188.5,3965.4,Online,Credit Card
ORD001239,2026-12-09,CUST0322,P0047,S011,E030,3,86899.11,0.0,260697.33,0.0,260697.33,202278.39,58418.94,Online,Cash
ORD001240,2025-07-06,CUST0347,P0006,S011,E030,10,86647.02,0.2,866470.2000000001,173294.04,693176.16,542305.7,150870.46,Online,Credit Card
ORD001241,2025-12-11,CUST0355,P0019,S009,E015,4,42870.02,0.05,171480.08,8574.0,162906.08,84870.96,78035.12,In-Store,Credit Card
ORD001242,2025-08-12,CUST0263,P0059,S007,E050,5,74888.09,0.2,374440.45,74888.09,299552.36,242250.95,57301.41,In-Store,UPI
ORD001243,2026-05-03,CUST0096,P0048,S022,E011,1,115385.11,0.0,115385.11,0.0,115385.11,91394.2,23990.91,Online,UPI
ORD001244,2025-08-17,CUST0464,P0019,S009,E012,2,43453.81,0.05,86907.62,4345.38,82562.24,42435.48,40126.76,Corporate,Credit Card
ORD001245,2026-01-25,CUST0295,P0011,S015,E057,5,53560.47,0.1,267802.35,26780.24,241022.11,180870.35,60151.76,In-Store,UPI
ORD001246,2026-08-12,CUST0161,P0011,S006,E043,3,53206.41,0.1,159619.23,15961.92,143657.31,108522.21,35135.1,In-Store,Bank Transfer
ORD001247,2025-07-07,CUST0120,P0004,S015,E045,2,91771.0,0.1,183542.0,18354.2,165187.8,115643.58,49544.22,Online,Credit Card
ORD001248,2025-09-27,CUST0211,P0070,S023,E052,2,122771.52,0.05,245543.04,12277.15,233265.89,123621.62,109644.27,In-Store,Credit Card
ORD001249,2026-08-30,CUST0429,P0004,S018,E025,5,85831.8,0.05,429159.0,21457.95,407701.05,289108.95,118592.1,In-Store,UPI
ORD001250,2025-11-06,CUST0418,P0022,S025,E001,1,71059.37,0.05,71059.37,3552.97,67506.4,35073.84,32432.56,In-Store,UPI
ORD001251,2025-05-12,CUST0349,P0047,S006,E043,2,85133.09,0.05,170266.18,8513.31,161752.87,134852.26,26900.61,In-Store,Cash
ORD001252,2026-07-05,CUST0157,P0040,S012,E046,2,118840.48,0.05,237680.96,11884.05,225796.91,153087.16,72709.75,In-Store,Bank Transfer
ORD001253,2025-03-13,CUST0217,P0037,S014,E014,1,99646.34,0.1,99646.34,9964.63,89681.71,61038.4,28643.31,Online,Credit Card
ORD001254,2026-11-03,CUST0150,P0003,S002,E036,4,105448.75,0.0,421795.0,0.0,421795.0,302004.8,119790.2,In-Store,Bank Transfer
ORD001255,2025-07-06,CUST0203,P0044,S008,E024,2,105076.65,0.05,210153.3,10507.66,199645.64,143691.78,55953.86,In-Store,Bank Transfer
ORD001256,2026-05-01,CUST0214,P0040,S025,E001,1,115653.37,0.0,115653.37,0.0,115653.37,76543.58,39109.79,Online,Cash
ORD001257,2025-07-10,CUST0129,P0011,S013,E004,1,53155.93,0.1,53155.93,5315.59,47840.34,36174.07,11666.27,In-Store,Bank Transfer
ORD001258,2026-02-26,CUST0244,P0048,S006,E043,1,118137.69,0.05,118137.69,5906.88,112230.81,91394.2,20836.61,Online,Bank Transfer
ORD001259,2025-04-30,CUST0483,P0024,S011,E058,1,54179.51,0.05,54179.51,2708.98,51470.53,38193.46,13277.07,In-Store,Cash
ORD001260,2025-08-08,CUST0105,P0021,S013,E004,5,41395.46,0.15,206977.3,31046.59,175930.71,98331.4,77599.31,Corporate,Cash
ORD001261,2025-02-22,CUST0180,P0042,S023,E044,3,54480.64,0.1,163441.92,16344.19,147097.73,108872.04,38225.69,In-Store,UPI
ORD001262,2026-03-27,CUST0400,P0023,S021,E008,4,60616.55,0.0,242466.2,0.0,242466.2,193953.76,48512.44,Online,Cash
ORD001263,2026-02-16,CUST0245,P0070,S004,E029,4,117870.87,0.1,471483.48,47148.35,424335.13,247243.24,177091.89,In-Store,Cash
ORD001264,2026-10-05,CUST0470,P0038,S012,E054,2,103758.96,0.2,207517.92,41503.58,166014.34,140926.16,25088.18,In-Store,UPI
ORD001265,2025-08-25,CUST0159,P0051,S022,E032,2,99259.52,0.1,198519.04,19851.9,178667.14,104869.76,73797.38,In-Store,UPI
ORD001266,2026-12-21,CUST0310,P0028,S025,E001,3,19381.92,0.1,58145.75999999999,5814.58,52331.18,26674.02,25657.16,In-Store,Bank Transfer
ORD001267,2026-02-10,CUST0444,P0054,S022,E028,2,68665.71,0.05,137331.42,6866.57,130464.85,83437.18,47027.67,In-Store,Credit Card
ORD001268,2026-08-31,CUST0278,P0023,S018,E025,10,64251.96,0.15,642519.6,96377.94,546141.66,484884.4,61257.26,Corporate,UPI
ORD001269,2026-02-26,CUST0309,P0046,S009,E019,1,45352.79,0.0,45352.79,0.0,45352.79,21853.34,23499.45,Online,Bank Transfer
ORD001270,2026-12-13,CUST0483,P0076,S017,E006,2,59594.31,0.15,119188.62,17878.29,101310.33,56248.5,45061.83,Online,Cash
ORD001271,2025-09-04,CUST0096,P0007,S022,E020,2,59036.04,0.1,118072.08,11807.21,106264.87,77084.26,29180.61,In-Store,Credit Card
ORD001272,2025-03-13,CUST0028,P0014,S006,E026,1,55534.71,0.0,55534.71,0.0,55534.71,35704.2,19830.51,In-Store,UPI
ORD001273,2025-07-04,CUST0468,P0074,S002,E049,3,103140.71,0.05,309422.13,15471.11,293951.02,221980.29,71970.73,Online,UPI
ORD001274,2025-01-06,CUST0038,P0005,S016,E013,3,61901.38,0.05,185704.14,9285.21,176418.93,96219.0,80199.93,In-Store,Bank Transfer
ORD001275,2025-07-25,CUST0397,P0065,S015,E057,2,85089.14,0.15,170178.28,25526.74,144651.54,128660.26,15991.28,In-Store,Cash
ORD001276,2026-06-28,CUST0396,P0030,S019,E009,4,108352.09,0.0,433408.36,0.0,433408.36,211728.96,221679.4,In-Store,Bank Transfer
ORD001277,2026-09-03,CUST0285,P0044,S025,E031,2,110530.75,0.0,221061.5,0.0,221061.5,143691.78,77369.72,In-Store,Cash
ORD001278,2026-01-22,CUST0122,P0070,S022,E028,5,118545.25,0.1,592726.25,59272.62,533453.63,309054.05,224399.58,In-Store,Bank Transfer
ORD001279,2026-11-30,CUST0338,P0001,S010,E034,3,74020.36,0.1,222061.08,22206.11,199854.97,96255.33,103599.64,Online,Cash
ORD001280,2025-03-17,CUST0346,P0052,S020,E053,1,4282.81,0.05,4282.81,214.14,4068.67,3466.95,601.72,Corporate,Credit Card
ORD001281,2025-06-26,CUST0412,P0045,S004,E029,5,91497.69,0.1,457488.45,45748.84,411739.61,294914.45,116825.16,In-Store,UPI
ORD001282,2025-12-15,CUST0177,P0018,S011,E030,2,77458.26,0.1,154916.52,15491.65,139424.87,72889.48,66535.39,In-Store,Cash
ORD001283,2025-09-12,CUST0277,P0040,S022,E028,3,119171.23,0.0,357513.69,0.0,357513.69,229630.74,127882.95,In-Store,UPI
ORD001284,2026-12-03,CUST0080,P0006,S008,E060,3,86602.63,0.1,259807.89,25980.79,233827.1,162691.71,71135.39,Online,UPI
ORD001285,2025-11-04,CUST0475,P0048,S016,E013,2,117255.85,0.1,234511.7,23451.17,211060.53,182788.4,28272.13,In-Store,Bank Transfer
ORD001286,2025-12-11,CUST0367,P0002,S014,E014,2,16358.34,0.1,32716.68,3271.67,29445.01,16457.86,12987.15,Corporate,Bank Transfer
ORD001287,2025-05-07,CUST0030,P0046,S020,E053,2,45164.52,0.05,90329.04,4516.45,85812.59,43706.68,42105.91,Online,UPI
ORD001288,2025-10-14,CUST0036,P0078,S017,E006,4,78740.58,0.0,314962.32,0.0,314962.32,200391.76,114570.56,Online,Bank Transfer
ORD001289,2026-12-26,CUST0041,P0005,S005,E017,4,64682.15,0.1,258728.6,25872.86,232855.74,128292.0,104563.74,In-Store,Cash
ORD001290,2026-08-19,CUST0377,P0064,S001,E021,3,59326.23,0.0,177978.69,0.0,177978.69,125103.66,52875.03,In-Store,Bank Transfer
ORD001291,2026-05-02,CUST0496,P0076,S012,E033,1,59589.34,0.1,59589.34,5958.93,53630.41,28124.25,25506.16,Online,UPI
ORD001292,2026-01-18,CUST0085,P0041,S010,E034,4,20816.59,0.05,83266.36,4163.32,79103.04,53477.4,25625.64,Online,UPI
ORD001293,2026-02-10,CUST0463,P0017,S018,E025,3,65349.86,0.15,196049.58,29407.44,166642.14,121283.79,45358.35,In-Store,Bank Transfer
ORD001294,2026-01-23,CUST0484,P0059,S008,E060,2,74585.88,0.1,149171.76,14917.18,134254.58,96900.38,37354.2,Online,Cash
ORD001295,2026-06-09,CUST0461,P0039,S019,E009,1,7391.97,0.0,7391.97,0.0,7391.97,4094.25,3297.72,In-Store,Cash
ORD001296,2026-07-11,CUST0474,P0070,S005,E017,10,121209.69,0.05,1212096.9,60604.84,1151492.06,618108.1,533383.96,In-Store,UPI
ORD001297,2026-10-01,CUST0391,P0028,S006,E043,4,19681.23,0.05,78724.92,3936.25,74788.67,35565.36,39223.31,Corporate,Credit Card
ORD001298,2026-09-18,CUST0473,P0040,S003,E038,3,115568.6,0.0,346705.8,0.0,346705.8,229630.74,117075.06,Online,Bank Transfer
ORD001299,2025-10-03,CUST0167,P0028,S023,E059,3,19114.83,0.05,57344.49000000001,2867.22,54477.27,26674.02,27803.25,Corporate,Bank Transfer
ORD001300,2026-05-15,CUST0366,P0062,S007,E050,10,100343.99,0.15,1003439.9,150515.98,852923.92,792941.9,59982.02,In-Store,Bank Transfer
ORD001301,2026-12-18,CUST0089,P0054,S007,E050,1,69413.79,0.0,69413.79,0.0,69413.79,41718.59,27695.2,In-Store,Bank Transfer
ORD001302,2025-12-03,CUST0299,P0035,S022,E028,1,64437.11,0.0,64437.11,0.0,64437.11,33169.23,31267.88,In-Store,Credit Card
ORD001303,2026-04-26,CUST0023,P0018,S011,E055,2,77078.09,0.1,154156.18,15415.62,138740.56,72889.48,65851.08,In-Store,UPI
ORD001304,2025-09-30,CUST0137,P0056,S017,E006,5,45439.24,0.0,227196.2,0.0,227196.2,148726.0,78470.2,Online,UPI
ORD001305,2025-02-27,CUST0479,P0001,S011,E058,4,71995.6,0.0,287982.4,0.0,287982.4,128340.44,159641.96,In-Store,Credit Card
ORD001306,2025-11-24,CUST0081,P0011,S025,E042,1,52551.61,0.0,52551.61,0.0,52551.61,36174.07,16377.54,In-Store,Cash
ORD001307,2025-04-19,CUST0119,P0063,S001,E021,4,36115.37,0.1,144461.48,14446.15,130015.33,81067.16,48948.17,In-Store,Cash
ORD001308,2025-10-06,CUST0058,P0039,S023,E052,2,7148.8,0.1,14297.6,1429.76,12867.84,8188.5,4679.34,In-Store,Credit Card
ORD001309,2026-11-17,CUST0313,P0029,S005,E017,3,17554.88,0.0,52664.64,0.0,52664.64,33595.44,19069.2,In-Store,UPI
ORD001310,2025-11-24,CUST0468,P0037,S023,E044,3,102530.13,0.0,307590.39,0.0,307590.39,183115.2,124475.19,In-Store,UPI
ORD001311,2025-11-11,CUST0013,P0065,S005,E017,1,89050.76,0.0,89050.76,0.0,89050.76,64330.13,24720.63,Online,Credit Card
ORD001312,2026-04-19,CUST0041,P0013,S016,E013,3,51788.74,0.0,155366.22,0.0,155366.22,120720.09,34646.13,In-Store,Credit Card
ORD001313,2025-04-21,CUST0041,P0080,S004,E037,3,35243.71,0.1,105731.13,10573.11,95158.02,51916.26,43241.76,Corporate,UPI
ORD001314,2026-11-30,CUST0402,P0041,S023,E022,3,19915.88,0.0,59747.64,0.0,59747.64,40108.05,19639.59,Online,Cash
ORD001315,2025-08-17,CUST0470,P0025,S008,E060,2,111487.23,0.05,222974.46,11148.72,211825.74,123646.06,88179.68,Corporate,Bank Transfer
ORD001316,2026-05-12,CUST0192,P0010,S004,E037,4,8317.59,0.0,33270.36,0.0,33270.36,19413.44,13856.92,Online,UPI
ORD001317,2025-06-05,CUST0075,P0077,S012,E054,1,3182.26,0.15,3182.26,477.34,2704.92,1728.24,976.68,In-Store,Bank Transfer
ORD001318,2026-04-18,CUST0345,P0061,S006,E026,1,6929.45,0.0,6929.45,0.0,6929.45,3274.95,3654.5,In-Store,Cash
ORD001319,2026-12-02,CUST0259,P0013,S008,E060,4,52049.36,0.0,208197.44,0.0,208197.44,160960.12,47237.32,Online,Cash
ORD001320,2025-09-29,CUST0300,P0015,S007,E050,5,50499.74,0.05,252498.7,12624.94,239873.76,147640.2,92233.56,Corporate,UPI
ORD001321,2025-01-02,CUST0283,P0078,S013,E004,3,75027.02,0.0,225081.06,0.0,225081.06,150293.82,74787.24,Online,UPI
ORD001322,2026-12-23,CUST0307,P0072,S012,E046,2,5305.31,0.1,10610.62,1061.06,9549.56,6313.66,3235.9,In-Store,UPI
ORD001323,2026-05-26,CUST0255,P0038,S024,E005,3,101487.92,0.2,304463.76,60892.75,243571.01,211389.24,32181.77,In-Store,Bank Transfer
ORD001324,2025-10-13,CUST0219,P0077,S017,E006,2,3048.03,0.0,6096.06,0.0,6096.06,3456.48,2639.58,In-Store,Cash
ORD001325,2025-01-13,CUST0013,P0076,S001,E021,3,59657.6,0.1,178972.8,17897.28,161075.52,84372.75,76702.77,In-Store,Credit Card
ORD001326,2026-08-31,CUST0072,P0024,S003,E038,10,54465.78,0.0,544657.8,0.0,544657.8,381934.6,162723.2,In-Store,UPI
ORD001327,2026-05-13,CUST0268,P0040,S020,E053,2,121004.25,0.1,242008.5,24200.85,217807.65,153087.16,64720.49,In-Store,Credit Card
ORD001328,2025-08-26,CUST0045,P0036,S015,E045,1,64915.5,0.1,64915.5,6491.55,58423.95,32609.95,25814.0,In-Store,Credit Card
ORD001329,2025-04-04,CUST0420,P0054,S018,E025,1,68953.11,0.1,68953.11,6895.31,62057.8,41718.59,20339.21,In-Store,Cash
ORD001330,2025-12-04,CUST0488,P0073,S005,E017,10,91448.14,0.05,914481.4,45724.07,868757.33,444480.3,424277.03,In-Store,Credit Card
ORD001331,2025-06-20,CUST0391,P0064,S022,E028,3,58874.07,0.05,176622.21,8831.11,167791.1,125103.66,42687.44,In-Store,UPI
ORD001332,2026-08-29,CUST0347,P0073,S006,E026,3,85748.92,0.05,257246.76,12862.34,244384.42,133344.09,111040.33,In-Store,UPI
ORD001333,2026-10-23,CUST0198,P0074,S011,E055,2,95440.33,0.0,190880.66,0.0,190880.66,147986.86,42893.8,In-Store,UPI
ORD001334,2026-09-16,CUST0460,P0049,S012,E054,2,42819.82,0.15,85639.64,12845.95,72793.69,52715.22,20078.47,Corporate,Credit Card
ORD001335,2026-07-21,CUST0361,P0013,S017,E006,4,51720.86,0.1,206883.44,20688.34,186195.1,160960.12,25234.98,Corporate,Cash
ORD001336,2026-04-12,CUST0406,P0022,S011,E055,4,73052.49,0.1,292209.96,29221.0,262988.96,140295.36,122693.6,In-Store,Bank Transfer
ORD001337,2026-09-20,CUST0152,P0070,S018,E025,1,115054.87,0.0,115054.87,0.0,115054.87,61810.81,53244.06,Online,Credit Card
ORD001338,2025-05-23,CUST0434,P0080,S008,E024,2,34277.38,0.15,68554.76,10283.21,58271.55,34610.84,23660.71,In-Store,Bank Transfer
ORD001339,2025-07-20,CUST0173,P0013,S003,E038,5,52742.67,0.1,263713.35,26371.34,237342.01,201200.15,36141.86,In-Store,Cash
ORD001340,2025-06-29,CUST0052,P0059,S019,E009,1,72905.1,0.1,72905.1,7290.51,65614.59,48450.19,17164.4,Online,Cash
ORD001341,2026-12-15,CUST0401,P0034,S016,E013,1,47563.38,0.1,47563.38,4756.34,42807.04,27629.35,15177.69,Corporate,Bank Transfer
ORD001342,2025-12-30,CUST0025,P0043,S011,E030,10,25466.22,0.15,254662.2,38199.33,216462.87,184970.3,31492.57,Online,Bank Transfer
ORD001343,2026-04-24,CUST0066,P0045,S025,E001,1,96609.91,0.05,96609.91,4830.5,91779.41,58982.89,32796.52,In-Store,UPI
ORD001344,2026-07-19,CUST0444,P0003,S004,E037,2,99658.32,0.1,199316.64,19931.66,179384.98,151002.4,28382.58,In-Store,Cash
ORD001345,2026-04-16,CUST0341,P0021,S025,E031,4,41796.68,0.0,167186.72,0.0,167186.72,78665.12,88521.6,Online,Bank Transfer
ORD001346,2026-01-19,CUST0030,P0048,S021,E047,3,115800.82,0.0,347402.46,0.0,347402.46,274182.6,73219.86,In-Store,Bank Transfer
ORD001347,2026-11-23,CUST0330,P0045,S007,E050,3,91556.37,0.0,274669.11,0.0,274669.11,176948.67,97720.44,In-Store,UPI
ORD001348,2026-02-21,CUST0010,P0074,S017,E006,3,94396.91,0.1,283190.73,28319.07,254871.66,221980.29,32891.37,Corporate,Cash
ORD001349,2025-11-04,CUST0172,P0043,S020,E053,3,25852.38,0.15,77557.14,11633.57,65923.57,55491.09,10432.48,In-Store,UPI
ORD001350,2026-10-11,CUST0052,P0011,S006,E043,2,49644.22,0.15,99288.44,14893.27,84395.17,72348.14,12047.03,In-Store,Bank Transfer
ORD001351,2026-11-25,CUST0070,P0041,S015,E039,1,19328.76,0.1,19328.76,1932.88,17395.88,13369.35,4026.53,Online,UPI
ORD001352,2026-01-02,CUST0476,P0046,S020,E053,1,47918.27,0.05,47918.27,2395.91,45522.36,21853.34,23669.02,Corporate,Bank Transfer
ORD001353,2025-01-01,CUST0318,P0063,S022,E011,2,37944.47,0.05,75888.94,3794.45,72094.49,40533.58,31560.91,Online,Cash
ORD001354,2025-02-13,CUST0179,P0038,S008,E060,3,99237.64,0.0,297712.92,0.0,297712.92,211389.24,86323.68,Corporate,Cash
ORD001355,2025-04-08,CUST0310,P0053,S024,E041,2,54156.02,0.0,108312.04,0.0,108312.04,90074.7,18237.34,In-Store,UPI
ORD001356,2026-12-21,CUST0303,P0032,S018,E025,2,73298.4,0.0,146596.8,0.0,146596.8,110067.3,36529.5,Online,Cash
ORD001357,2025-09-22,CUST0427,P0041,S002,E049,2,19647.91,0.1,39295.82,3929.58,35366.24,26738.7,8627.54,In-Store,Cash
ORD001358,2025-05-20,CUST0108,P0049,S010,E010,2,42015.6,0.2,84031.2,16806.24,67224.96,52715.22,14509.74,Online,Bank Transfer
ORD001359,2026-04-26,CUST0222,P0034,S022,E011,3,47103.33,0.15,141309.99,21196.5,120113.49,82888.05,37225.44,In-Store,UPI
ORD001360,2025-08-25,CUST0127,P0055,S019,E009,2,63633.19,0.0,127266.38,0.0,127266.38,82849.7,44416.68,In-Store,Cash
ORD001361,2025-03-13,CUST0021,P0005,S023,E022,3,64230.91,0.0,192692.73,0.0,192692.73,96219.0,96473.73,In-Store,Credit Card
ORD001362,2026-10-29,CUST0034,P0075,S009,E015,3,101966.68,0.15,305900.04,45885.01,260015.03,207128.7,52886.33,In-Store,UPI
ORD001363,2025-07-09,CUST0378,P0016,S009,E012,4,43838.21,0.2,175352.84,35070.57,140282.27,81881.4,58400.87,Online,Cash
ORD001364,2025-09-25,CUST0252,P0003,S006,E043,5,108138.7,0.15,540693.5,81104.02,459589.48,377506.0,82083.48,In-Store,Cash
ORD001365,2025-11-17,CUST0170,P0060,S006,E043,3,110584.22,0.0,331752.66,0.0,331752.66,178982.31,152770.35,Online,Bank Transfer
ORD001366,2025-04-17,CUST0460,P0009,S003,E038,2,43246.51,0.1,86493.02,8649.3,77843.72,59441.2,18402.52,In-Store,Credit Card
ORD001367,2025-08-20,CUST0068,P0011,S006,E043,1,51034.33,0.1,51034.33,5103.43,45930.9,36174.07,9756.83,Online,UPI
ORD001368,2025-02-11,CUST0420,P0037,S002,E049,1,101705.78,0.0,101705.78,0.0,101705.78,61038.4,40667.38,In-Store,UPI
ORD001369,2026-12-03,CUST0465,P0062,S021,E003,10,103757.79,0.0,1037577.9,0.0,1037577.9,792941.9,244636.0,Online,UPI
ORD001370,2025-05-19,CUST0478,P0034,S003,E038,3,47820.05,0.05,143460.15,7173.01,136287.14,82888.05,53399.09,Corporate,UPI
ORD001371,2026-09-07,CUST0400,P0013,S004,E029,2,51476.98,0.1,102953.96,10295.4,92658.56,80480.06,12178.5,Online,Bank Transfer
ORD001372,2026-11-14,CUST0202,P0080,S003,E038,4,35188.2,0.15,140752.8,21112.92,119639.88,69221.68,50418.2,Online,Bank Transfer
ORD001373,2025-09-30,CUST0229,P0029,S010,E002,2,18430.25,0.0,36860.5,0.0,36860.5,22396.96,14463.54,In-Store,UPI
ORD001374,2026-04-26,CUST0381,P0080,S012,E033,3,37619.65,0.0,112858.95,0.0,112858.95,51916.26,60942.69,In-Store,Cash
ORD001375,2026-02-20,CUST0069,P0014,S016,E013,4,53652.58,0.05,214610.32,10730.52,203879.8,142816.8,61063.0,Online,Credit Card
ORD001376,2026-05-21,CUST0111,P0044,S017,E006,2,102082.83,0.05,204165.66,10208.28,193957.38,143691.78,50265.6,In-Store,UPI
ORD001377,2026-12-26,CUST0059,P0003,S004,E029,1,100183.54,0.1,100183.54,10018.35,90165.19,75501.2,14663.99,In-Store,Credit Card
ORD001378,2026-02-28,CUST0167,P0071,S017,E006,1,103816.27,0.15,103816.27,15572.44,88243.83,55687.55,32556.28,Online,Bank Transfer
ORD001379,2026-02-11,CUST0326,P0029,S025,E042,1,18019.3,0.1,18019.3,1801.93,16217.37,11198.48,5018.89,Online,Bank Transfer
ORD001380,2026-07-22,CUST0481,P0078,S002,E036,1,72135.61,0.05,72135.61,3606.78,68528.83,50097.94,18430.89,Online,Credit Card
ORD001381,2026-01-25,CUST0251,P0023,S005,E017,5,63467.91,0.1,317339.55,31733.96,285605.59,242442.2,43163.39,In-Store,Cash
ORD001382,2025-12-08,CUST0318,P0063,S011,E055,4,37925.08,0.2,151700.32,30340.06,121360.26,81067.16,40293.1,In-Store,Cash
ORD001383,2026-09-06,CUST0188,P0071,S009,E016,10,95937.84,0.0,959378.3999999999,0.0,959378.4,556875.5,402502.9,In-Store,Bank Transfer
ORD001384,2026-05-08,CUST0399,P0048,S005,E035,3,113494.15,0.0,340482.45,0.0,340482.45,274182.6,66299.85,Corporate,Cash
ORD001385,2025-07-11,CUST0202,P0005,S011,E055,3,67135.04,0.1,201405.12,20140.51,181264.61,96219.0,85045.61,In-Store,Bank Transfer
ORD001386,2026-05-14,CUST0050,P0027,S010,E002,2,4861.57,0.0,9723.14,0.0,9723.14,4437.78,5285.36,Corporate,Credit Card
ORD001387,2026-12-13,CUST0224,P0053,S019,E009,2,54035.3,0.05,108070.6,5403.53,102667.07,90074.7,12592.37,Corporate,UPI
ORD001388,2025-08-21,CUST0363,P0029,S020,E053,4,17708.07,0.1,70832.28,7083.23,63749.05,44793.92,18955.13,Corporate,Bank Transfer
ORD001389,2025-08-15,CUST0204,P0026,S003,E038,3,62845.32,0.0,188535.96,0.0,188535.96,95849.61,92686.35,Online,UPI
ORD001390,2026-01-06,CUST0347,P0051,S009,E019,10,99799.82,0.1,997998.2000000001,99799.82,898198.38,524348.8,373849.58,In-Store,Cash
ORD001391,2025-05-19,CUST0037,P0063,S003,E038,3,37692.65,0.1,113077.95,11307.8,101770.15,60800.37,40969.78,In-Store,UPI
ORD001392,2025-05-29,CUST0431,P0006,S011,E030,2,83032.32,0.15,166064.64,24909.7,141154.94,108461.14,32693.8,In-Store,UPI
ORD001393,2025-04-25,CUST0314,P0001,S008,E024,1,73392.21,0.0,73392.21,0.0,73392.21,32085.11,41307.1,In-Store,UPI
ORD001394,2026-03-26,CUST0154,P0048,S005,E017,4,120284.07,0.1,481136.28,48113.63,433022.65,365576.8,67445.85,In-Store,Bank Transfer
ORD001395,2025-03-04,CUST0232,P0013,S006,E026,2,54592.89,0.1,109185.78,10918.58,98267.2,80480.06,17787.14,Corporate,Bank Transfer
ORD001396,2025-04-14,CUST0245,P0076,S018,E025,1,58870.21,0.1,58870.21,5887.02,52983.19,28124.25,24858.94,Online,Cash
ORD001397,2026-10-30,CUST0198,P0023,S024,E005,5,60626.28,0.0,303131.4,0.0,303131.4,242442.2,60689.2,In-Store,Cash
ORD001398,2025-09-30,CUST0285,P0009,S008,E060,2,39732.13,0.0,79464.26,0.0,79464.26,59441.2,20023.06,In-Store,Credit Card
ORD001399,2025-01-06,CUST0338,P0076,S015,E048,4,56650.51,0.0,226602.04,0.0,226602.04,112497.0,114105.04,Corporate,UPI
ORD001400,2025-05-27,CUST0188,P0062,S013,E004,4,102730.03,0.05,410920.12,20546.01,390374.11,317176.76,73197.35,Online,UPI
ORD001401,2025-07-03,CUST0263,P0072,S023,E022,2,5526.53,0.05,11053.06,552.65,10500.41,6313.66,4186.75,In-Store,Credit Card
ORD001402,2025-01-28,CUST0132,P0035,S008,E024,10,62559.78,0.1,625597.8,62559.78,563038.02,331692.3,231345.72,Online,Cash
ORD001403,2026-07-04,CUST0155,P0011,S021,E003,2,53897.65,0.05,107795.3,5389.76,102405.54,72348.14,30057.4,In-Store,Credit Card
ORD001404,2025-04-29,CUST0327,P0032,S006,E026,1,71283.77,0.1,71283.77,7128.38,64155.39,55033.65,9121.74,In-Store,UPI
ORD001405,2025-10-20,CUST0249,P0076,S021,E047,4,59069.5,0.0,236278.0,0.0,236278.0,112497.0,123781.0,In-Store,Credit Card
ORD001406,2026-01-06,CUST0199,P0020,S012,E033,1,64405.74,0.1,64405.74,6440.57,57965.17,36663.27,21301.9,In-Store,Credit Card
ORD001407,2025-09-01,CUST0424,P0039,S011,E055,3,6749.16,0.05,20247.48,1012.37,19235.11,12282.75,6952.36,In-Store,UPI
ORD001408,2026-08-03,CUST0169,P0045,S014,E014,1,94331.06,0.0,94331.06,0.0,94331.06,58982.89,35348.17,In-Store,Credit Card
ORD001409,2026-12-27,CUST0453,P0052,S021,E051,2,4240.65,0.05,8481.3,424.06,8057.24,6933.9,1123.34,Online,Cash
ORD001410,2025-08-06,CUST0239,P0064,S003,E038,10,59121.31,0.0,591213.1,0.0,591213.1,417012.2,174200.9,In-Store,Cash
ORD001411,2025-06-26,CUST0121,P0044,S025,E031,4,108952.26,0.05,435809.04,21790.45,414018.59,287383.56,126635.03,In-Store,Credit Card
ORD001412,2025-10-26,CUST0453,P0054,S002,E023,3,69235.59,0.0,207706.77,0.0,207706.77,125155.77,82551.0,Corporate,UPI
ORD001413,2026-11-07,CUST0163,P0034,S005,E035,1,45640.03,0.05,45640.03,2282.0,43358.03,27629.35,15728.68,In-Store,Credit Card
ORD001414,2025-02-27,CUST0018,P0065,S002,E049,1,90942.46,0.05,90942.46,4547.12,86395.34,64330.13,22065.21,In-Store,UPI
ORD001415,2025-09-26,CUST0342,P0041,S001,E021,5,19689.16,0.15,98445.8,14766.87,83678.93,66846.75,16832.18,In-Store,Cash
ORD001416,2025-11-04,CUST0049,P0012,S023,E044,1,67557.8,0.1,67557.8,6755.78,60802.02,50183.01,10619.01,Online,Bank Transfer
ORD001417,2026-07-24,CUST0032,P0050,S009,E015,2,15827.16,0.05,31654.32,1582.72,30071.6,23396.84,6674.76,In-Store,Cash
ORD001418,2025-10-15,CUST0030,P0020,S004,E029,4,60077.17,0.05,240308.68,12015.43,228293.25,146653.08,81640.17,Online,Bank Transfer
ORD001419,2025-04-15,CUST0445,P0023,S002,E049,1,64933.58,0.05,64933.58,3246.68,61686.9,48488.44,13198.46,In-Store,Cash
ORD001420,2025-08-16,CUST0261,P0073,S019,E009,4,87491.17,0.1,349964.68,34996.47,314968.21,177792.12,137176.09,In-Store,Cash
ORD001421,2025-09-04,CUST0473,P0021,S021,E047,2,40132.97,0.15,80265.94,12039.89,68226.05,39332.56,28893.49,In-Store,Bank Transfer
ORD001422,2026-12-01,CUST0350,P0060,S022,E032,3,116293.49,0.0,348880.47,0.0,348880.47,178982.31,169898.16,Online,Bank Transfer
ORD001423,2026-05-09,CUST0177,P0067,S022,E011,5,63512.01,0.1,317560.05,31756.0,285804.05,215349.4,70454.65,Online,Credit Card
ORD001424,2025-03-24,CUST0169,P0004,S018,E025,1,88799.42,0.2,88799.42,17759.88,71039.54,57821.79,13217.75,In-Store,Credit Card
ORD001425,2025-07-05,CUST0327,P0080,S003,E038,3,37544.13,0.1,112632.39,11263.24,101369.15,51916.26,49452.89,In-Store,UPI
ORD001426,2025-09-09,CUST0250,P0045,S022,E032,4,95156.32,0.05,380625.28,19031.26,361594.02,235931.56,125662.46,In-Store,Cash
ORD001427,2025-12-21,CUST0266,P0045,S009,E012,5,99883.26,0.0,499416.3,0.0,499416.3,294914.45,204501.85,In-Store,Bank Transfer
ORD001428,2026-11-27,CUST0018,P0042,S004,E037,2,51900.16,0.05,103800.32,5190.02,98610.3,72581.36,26028.94,In-Store,Credit Card
ORD001429,2025-07-29,CUST0238,P0012,S002,E036,1,63555.06,0.05,63555.06,3177.75,60377.31,50183.01,10194.3,In-Store,Bank Transfer
ORD001430,2026-09-01,CUST0499,P0003,S017,E006,1,100527.34,0.1,100527.34,10052.73,90474.61,75501.2,14973.41,In-Store,Bank Transfer
ORD001431,2026-03-23,CUST0337,P0006,S005,E035,3,86188.73,0.15,258566.19,38784.93,219781.26,162691.71,57089.55,In-Store,Credit Card
ORD001432,2026-04-05,CUST0341,P0069,S003,E038,3,24901.5,0.0,74704.5,0.0,74704.5,60967.17,13737.33,In-Store,Bank Transfer
ORD001433,2026-04-17,CUST0214,P0056,S020,E053,1,47486.55,0.1,47486.55,4748.66,42737.89,29745.2,12992.69,Online,Cash
ORD001434,2026-12-21,CUST0303,P0077,S010,E034,3,3140.9,0.0,9422.7,0.0,9422.7,5184.72,4237.98,Online,Credit Card
ORD001435,2026-01-05,CUST0400,P0025,S019,E009,1,111341.09,0.1,111341.09,11134.11,100206.98,61823.03,38383.95,In-Store,Bank Transfer
ORD001436,2026-05-07,CUST0168,P0013,S008,E024,4,52052.93,0.05,208211.72,10410.59,197801.13,160960.12,36841.01,Online,Bank Transfer
ORD001437,2025-05-17,CUST0212,P0058,S013,E004,2,113870.8,0.15,227741.6,34161.24,193580.36,141229.94,52350.42,Online,UPI
ORD001438,2026-01-02,CUST0091,P0047,S014,E014,3,84218.03,0.15,252654.09,37898.11,214755.98,202278.39,12477.59,In-Store,UPI
ORD001439,2025-07-03,CUST0330,P0045,S019,E009,5,94277.57,0.05,471387.85,23569.39,447818.46,294914.45,152904.01,Online,Cash
ORD001440,2026-08-11,CUST0021,P0013,S005,E035,2,54498.96,0.05,108997.92,5449.9,103548.02,80480.06,23067.96,In-Store,Cash
ORD001441,2025-10-14,CUST0044,P0047,S014,E014,2,83089.17,0.05,166178.34,8308.92,157869.42,134852.26,23017.16,In-Store,Credit Card
ORD001442,2026-04-17,CUST0264,P0035,S021,E003,5,67395.07,0.05,336975.35,16848.77,320126.58,165846.15,154280.43,In-Store,Cash
ORD001443,2026-01-10,CUST0481,P0003,S012,E046,5,100944.08,0.1,504720.4,50472.04,454248.36,377506.0,76742.36,In-Store,Bank Transfer
ORD001444,2026-10-16,CUST0287,P0020,S003,E038,1,60685.98,0.15,60685.98,9102.9,51583.08,36663.27,14919.81,Online,Credit Card
ORD001445,2026-06-21,CUST0383,P0063,S007,E050,2,36905.71,0.0,73811.42,0.0,73811.42,40533.58,33277.84,In-Store,UPI
ORD001446,2026-05-26,CUST0451,P0043,S015,E057,2,24091.17,0.1,48182.34,4818.23,43364.11,36994.06,6370.05,In-Store,Bank Transfer
ORD001447,2026-08-02,CUST0224,P0054,S018,E025,1,68122.43,0.0,68122.43,0.0,68122.43,41718.59,26403.84,Online,Credit Card
ORD001448,2025-09-07,CUST0380,P0052,S005,E017,2,4366.99,0.0,8733.98,0.0,8733.98,6933.9,1800.08,In-Store,Credit Card
ORD001449,2026-05-25,CUST0440,P0002,S008,E060,2,16666.42,0.1,33332.84,3333.28,29999.56,16457.86,13541.7,Online,UPI
ORD001450,2026-09-22,CUST0411,P0016,S013,E004,10,44599.48,0.05,445994.8,22299.74,423695.06,204703.5,218991.56,Online,Cash
ORD001451,2025-03-14,CUST0172,P0025,S005,E017,4,121938.84,0.15,487755.36,73163.3,414592.06,247292.12,167299.94,In-Store,Credit Card
ORD001452,2025-10-09,CUST0261,P0008,S020,E053,1,104050.46,0.0,104050.46,0.0,104050.46,81922.23,22128.23,In-Store,Bank Transfer
ORD001453,2025-12-26,CUST0209,P0053,S002,E023,3,53064.44,0.2,159193.32,31838.66,127354.66,135112.05,-7757.39,In-Store,Bank Transfer
ORD001454,2025-01-10,CUST0191,P0009,S005,E017,3,39325.79,0.05,117977.37,5898.87,112078.5,89161.8,22916.7,In-Store,Credit Card
ORD001455,2025-07-30,CUST0253,P0073,S020,E053,2,86157.71,0.15,172315.42,25847.31,146468.11,88896.06,57572.05,In-Store,Cash
ORD001456,2025-06-01,CUST0081,P0012,S010,E034,5,63887.43,0.1,319437.15,31943.72,287493.43,250915.05,36578.38,Online,Credit Card
ORD001457,2025-01-05,CUST0188,P0035,S015,E057,4,66315.52,0.2,265262.08,53052.42,212209.66,132676.92,79532.74,Corporate,Bank Transfer
ORD001458,2025-07-14,CUST0364,P0072,S009,E016,2,5342.43,0.05,10684.86,534.24,10150.62,6313.66,3836.96,Corporate,Bank Transfer
ORD001459,2025-10-10,CUST0454,P0057,S002,E023,1,45598.62,0.1,45598.62,4559.86,41038.76,31368.84,9669.92,In-Store,Credit Card
ORD001460,2026-04-09,CUST0245,P0045,S012,E046,2,96679.37,0.05,193358.74,9667.94,183690.8,117965.78,65725.02,In-Store,Cash
ORD001461,2025-04-23,CUST0075,P0058,S002,E018,2,116634.04,0.0,233268.08,0.0,233268.08,141229.94,92038.14,In-Store,Bank Transfer
ORD001462,2025-09-28,CUST0428,P0080,S003,E038,3,35580.99,0.1,106742.97,10674.3,96068.67,51916.26,44152.41,Online,Credit Card
ORD001463,2025-06-12,CUST0369,P0002,S017,E006,2,16591.55,0.2,33183.1,6636.62,26546.48,16457.86,10088.62,In-Store,Credit Card
ORD001464,2026-04-05,CUST0050,P0060,S002,E023,1,109569.49,0.0,109569.49,0.0,109569.49,59660.77,49908.72,In-Store,UPI
ORD001465,2025-04-15,CUST0269,P0004,S002,E018,1,87093.25,0.0,87093.25,0.0,87093.25,57821.79,29271.46,In-Store,Bank Transfer
ORD001466,2026-11-24,CUST0118,P0016,S021,E027,10,42481.98,0.05,424819.8,21240.99,403578.81,204703.5,198875.31,In-Store,Cash
ORD001467,2026-07-10,CUST0274,P0028,S018,E025,3,19133.1,0.1,57399.3,5739.93,51659.37,26674.02,24985.35,In-Store,Bank Transfer
ORD001468,2025-10-09,CUST0035,P0058,S022,E032,3,113313.28,0.15,339939.84,50990.98,288948.86,211844.91,77103.95,In-Store,UPI
ORD001469,2026-11-18,CUST0105,P0073,S001,E021,5,86444.27,0.0,432221.35,0.0,432221.35,222240.15,209981.2,In-Store,Cash
ORD001470,2025-06-11,CUST0161,P0067,S005,E017,10,62563.83,0.1,625638.3,62563.83,563074.47,430698.8,132375.67,In-Store,Bank Transfer
ORD001471,2025-12-17,CUST0384,P0044,S003,E038,3,108298.56,0.0,324895.68,0.0,324895.68,215537.67,109358.01,Online,Cash
ORD001472,2026-03-10,CUST0435,P0055,S011,E058,1,63735.07,0.0,63735.07,0.0,63735.07,41424.85,22310.22,Corporate,Credit Card
ORD001473,2025-05-20,CUST0112,P0050,S015,E057,1,16445.07,0.1,16445.07,1644.51,14800.56,11698.42,3102.14,Online,Bank Transfer
ORD001474,2026-04-16,CUST0360,P0033,S021,E003,2,10391.4,0.0,20782.8,0.0,20782.8,14366.1,6416.7,Corporate,Cash
ORD001475,2025-05-12,CUST0279,P0006,S025,E007,4,85017.2,0.15,340068.8,51010.32,289058.48,216922.28,72136.2,In-Store,Bank Transfer
ORD001476,2025-03-28,CUST0409,P0012,S006,E026,2,63213.0,0.2,126426.0,25285.2,101140.8,100366.02,774.78,Corporate,Credit Card
ORD001477,2026-11-19,CUST0494,P0059,S002,E018,10,75415.08,0.1,754150.8,75415.08,678735.72,484501.9,194233.82,Online,Bank Transfer
ORD001478,2025-07-02,CUST0079,P0040,S018,E025,4,116776.95,0.05,467107.8,23355.39,443752.41,306174.32,137578.09,Online,Bank Transfer
ORD001479,2026-01-03,CUST0141,P0010,S001,E021,2,8504.11,0.0,17008.22,0.0,17008.22,9706.72,7301.5,In-Store,UPI
ORD001480,2025-05-09,CUST0246,P0027,S024,E005,1,4711.36,0.0,4711.36,0.0,4711.36,2218.89,2492.47,Online,Cash
ORD001481,2025-09-03,CUST0015,P0028,S002,E023,2,19680.37,0.15,39360.74,5904.11,33456.63,17782.68,15673.95,In-Store,UPI
ORD001482,2026-08-24,CUST0226,P0080,S017,E006,3,36117.38,0.0,108352.14,0.0,108352.14,51916.26,56435.88,Corporate,UPI
ORD001483,2026-08-01,CUST0491,P0009,S001,E021,1,40827.53,0.05,40827.53,2041.38,38786.15,29720.6,9065.55,Online,Bank Transfer
ORD001484,2026-11-01,CUST0264,P0028,S011,E030,3,19220.01,0.1,57660.03,5766.0,51894.03,26674.02,25220.01,Online,Credit Card
ORD001485,2026-01-13,CUST0241,P0017,S022,E032,2,60422.69,0.0,120845.38,0.0,120845.38,80855.86,39989.52,In-Store,UPI
ORD001486,2025-05-29,CUST0362,P0035,S017,E006,10,66421.79,0.15,664217.8999999999,99632.68,564585.22,331692.3,232892.92,Corporate,Bank Transfer
ORD001487,2026-03-09,CUST0297,P0066,S003,E038,2,78448.21,0.0,156896.42,0.0,156896.42,118905.82,37990.6,Online,Credit Card
ORD001488,2026-09-20,CUST0084,P0067,S002,E049,2,62979.47,0.0,125958.94,0.0,125958.94,86139.76,39819.18,In-Store,UPI
ORD001489,2026-12-27,CUST0293,P0009,S014,E014,3,42150.91,0.05,126452.73,6322.64,120130.09,89161.8,30968.29,In-Store,UPI
ORD001490,2026-04-14,CUST0461,P0015,S019,E009,1,53063.16,0.0,53063.16,0.0,53063.16,29528.04,23535.12,In-Store,Credit Card
ORD001491,2026-03-22,CUST0404,P0073,S001,E021,2,92783.3,0.1,185566.6,18556.66,167009.94,88896.06,78113.88,In-Store,Cash
ORD001492,2026-04-26,CUST0159,P0002,S014,E014,4,17457.26,0.15,69829.04,10474.36,59354.68,32915.72,26438.96,In-Store,Cash
ORD001493,2025-10-21,CUST0477,P0048,S020,E053,3,119476.15,0.2,358428.45,71685.69,286742.76,274182.6,12560.16,In-Store,Credit Card
ORD001494,2025-05-23,CUST0494,P0044,S011,E030,2,104588.19,0.0,209176.38,0.0,209176.38,143691.78,65484.6,Online,Credit Card
ORD001495,2025-09-07,CUST0137,P0055,S004,E029,1,60146.44,0.2,60146.44,12029.29,48117.15,41424.85,6692.3,In-Store,UPI
ORD001496,2025-10-29,CUST0117,P0032,S016,E013,2,69261.93,0.0,138523.86,0.0,138523.86,110067.3,28456.56,In-Store,UPI
ORD001497,2025-01-25,CUST0389,P0043,S004,E037,2,24186.84,0.1,48373.68,4837.37,43536.31,36994.06,6542.25,Online,UPI
ORD001498,2025-03-11,CUST0085,P0013,S005,E035,2,51325.84,0.05,102651.68,5132.58,97519.1,80480.06,17039.04,Online,Bank Transfer
ORD001499,2026-09-17,CUST0466,P0049,S004,E037,2,42126.73,0.0,84253.46,0.0,84253.46,52715.22,31538.24,In-Store,Cash
ORD001500,2025-04-22,CUST0282,P0039,S008,E024,3,7017.93,0.0,21053.79,0.0,21053.79,12282.75,8771.04,In-Store,Cash
ORD001501,2025-12-30,CUST0015,P0072,S003,E038,4,5698.98,0.0,22795.92,0.0,22795.92,12627.32,10168.6,Corporate,Cash
ORD001502,2025-10-30,CUST0171,P0048,S018,E025,3,113671.37,0.0,341014.11,0.0,341014.11,274182.6,66831.51,Corporate,Bank Transfer
ORD001503,2026-04-16,CUST0218,P0061,S021,E003,3,7223.2,0.0,21669.6,0.0,21669.6,9824.85,11844.75,Corporate,UPI
ORD001504,2025-04-01,CUST0311,P0050,S008,E024,3,16485.32,0.05,49455.96,2472.8,46983.16,35095.26,11887.9,In-Store,Cash
ORD001505,2026-06-14,CUST0450,P0039,S012,E046,2,6729.19,0.1,13458.38,1345.84,12112.54,8188.5,3924.04,Online,Cash
ORD001506,2026-10-23,CUST0164,P0042,S002,E049,2,52533.52,0.05,105067.04,5253.35,99813.69,72581.36,27232.33,In-Store,Cash
ORD001507,2026-12-27,CUST0050,P0071,S009,E019,2,99552.46,0.0,199104.92,0.0,199104.92,111375.1,87729.82,Online,UPI
ORD001508,2026-10-25,CUST0451,P0072,S004,E037,1,5189.76,0.1,5189.76,518.98,4670.78,3156.83,1513.95,Online,Credit Card
ORD001509,2025-07-11,CUST0364,P0014,S021,E047,1,54596.52,0.05,54596.52,2729.83,51866.69,35704.2,16162.49,In-Store,Cash
ORD001510,2026-07-06,CUST0301,P0016,S008,E024,2,43958.22,0.1,87916.44,8791.64,79124.8,40940.7,38184.1,Online,Credit Card
ORD001511,2025-08-30,CUST0118,P0074,S012,E033,10,94355.57,0.1,943555.7000000001,94355.57,849200.13,739934.3,109265.83,Online,UPI
ORD001512,2025-05-18,CUST0329,P0056,S023,E022,2,48761.89,0.05,97523.78,4876.19,92647.59,59490.4,33157.19,In-Store,Credit Card
ORD001513,2025-12-11,CUST0071,P0076,S022,E020,1,60060.72,0.05,60060.72,3003.04,57057.68,28124.25,28933.43,In-Store,Bank Transfer
ORD001514,2025-06-29,CUST0324,P0080,S003,E038,3,35485.83,0.0,106457.49,0.0,106457.49,51916.26,54541.23,Corporate,Cash
ORD001515,2026-12-13,CUST0115,P0027,S012,E054,2,4873.34,0.1,9746.68,974.67,8772.01,4437.78,4334.23,In-Store,Bank Transfer
ORD001516,2026-05-18,CUST0171,P0064,S006,E043,2,63559.51,0.05,127119.02,6355.95,120763.07,83402.44,37360.63,In-Store,UPI
ORD001517,2025-07-22,CUST0136,P0060,S013,E056,2,115792.21,0.0,231584.42,0.0,231584.42,119321.54,112262.88,Online,UPI
ORD001518,2026-07-27,CUST0158,P0069,S010,E034,1,24787.78,0.0,24787.78,0.0,24787.78,20322.39,4465.39,In-Store,Credit Card
ORD001519,2025-07-11,CUST0125,P0058,S010,E002,2,115181.19,0.1,230362.38,23036.24,207326.14,141229.94,66096.2,In-Store,UPI
ORD001520,2025-01-05,CUST0418,P0023,S004,E037,3,66909.13,0.05,200727.39,10036.37,190691.02,145465.32,45225.7,In-Store,Cash
ORD001521,2025-08-25,CUST0269,P0071,S004,E029,2,95269.05,0.0,190538.1,0.0,190538.1,111375.1,79163.0,Corporate,Cash
ORD001522,2026-11-24,CUST0058,P0031,S019,E009,2,45183.03,0.0,90366.06,0.0,90366.06,56788.46,33577.6,Online,Credit Card
ORD001523,2025-11-07,CUST0372,P0061,S020,E053,3,6955.4,0.1,20866.2,2086.62,18779.58,9824.85,8954.73,Online,Bank Transfer
ORD001524,2026-07-03,CUST0114,P0065,S005,E035,2,84263.79,0.1,168527.58,16852.76,151674.82,128660.26,23014.56,In-Store,UPI
ORD001525,2025-02-25,CUST0371,P0002,S024,E005,5,16433.35,0.05,82166.75,4108.34,78058.41,41144.65,36913.76,Online,Bank Transfer
ORD001526,2026-03-19,CUST0112,P0056,S004,E037,2,45056.33,0.1,90112.66,9011.27,81101.39,59490.4,21610.99,Online,UPI
ORD001527,2025-08-25,CUST0004,P0069,S010,E034,2,26670.84,0.2,53341.68,10668.34,42673.34,40644.78,2028.56,Corporate,Credit Card
ORD001528,2025-07-16,CUST0468,P0011,S018,E025,3,51558.05,0.0,154674.15,0.0,154674.15,108522.21,46151.94,In-Store,Cash
ORD001529,2026-08-08,CUST0359,P0045,S023,E044,4,95837.79,0.05,383351.16,19167.56,364183.6,235931.56,128252.04,In-Store,Bank Transfer
ORD001530,2026-07-25,CUST0474,P0001,S021,E008,4,73244.23,0.0,292976.92,0.0,292976.92,128340.44,164636.48,In-Store,Bank Transfer
ORD001531,2026-05-29,CUST0207,P0071,S015,E048,1,102008.96,0.1,102008.96,10200.9,91808.06,55687.55,36120.51,In-Store,Bank Transfer
ORD001532,2026-03-25,CUST0304,P0011,S020,E053,2,52787.06,0.2,105574.12,21114.82,84459.3,72348.14,12111.16,Online,UPI
ORD001533,2025-12-26,CUST0379,P0049,S014,E014,2,41642.37,0.0,83284.74,0.0,83284.74,52715.22,30569.52,Online,Credit Card
ORD001534,2026-12-01,CUST0034,P0062,S010,E002,2,101631.08,0.0,203262.16,0.0,203262.16,158588.38,44673.78,Online,Bank Transfer
ORD001535,2025-01-30,CUST0311,P0063,S004,E029,2,37133.31,0.0,74266.62,0.0,74266.62,40533.58,33733.04,In-Store,Credit Card
ORD001536,2025-04-18,CUST0482,P0052,S006,E026,1,4315.67,0.15,4315.67,647.35,3668.32,3466.95,201.37,Corporate,Cash
ORD001537,2026-08-25,CUST0425,P0036,S014,E014,3,65761.75,0.0,197285.25,0.0,197285.25,97829.85,99455.4,Online,Credit Card
ORD001538,2026-12-18,CUST0306,P0029,S025,E001,3,18170.01,0.15,54510.03,8176.5,46333.53,33595.44,12738.09,In-Store,Bank Transfer
ORD001539,2026-03-21,CUST0456,P0034,S020,E053,3,45009.78,0.05,135029.34,6751.47,128277.87,82888.05,45389.82,In-Store,Bank Transfer
ORD001540,2026-03-14,CUST0408,P0043,S016,E013,1,23808.23,0.0,23808.23,0.0,23808.23,18497.03,5311.2,Online,Credit Card
ORD001541,2026-08-29,CUST0004,P0068,S007,E050,1,43744.51,0.0,43744.51,0.0,43744.51,32356.54,11387.97,In-Store,Credit Card
ORD001542,2026-04-02,CUST0477,P0057,S001,E021,2,42017.49,0.1,84034.98,8403.5,75631.48,62737.68,12893.8,Online,Credit Card
ORD001543,2026-09-07,CUST0076,P0055,S017,E006,3,63558.58,0.1,190675.74,19067.57,171608.17,124274.55,47333.62,Online,Cash
ORD001544,2026-11-29,CUST0230,P0022,S010,E010,5,72502.05,0.15,362510.25,54376.54,308133.71,175369.2,132764.51,Corporate,Credit Card
ORD001545,2026-11-27,CUST0287,P0047,S015,E057,3,86249.17,0.1,258747.51,25874.75,232872.76,202278.39,30594.37,Corporate,UPI
ORD001546,2026-05-10,CUST0323,P0019,S022,E011,3,41784.43,0.1,125353.29,12535.33,112817.96,63653.22,49164.74,In-Store,Credit Card
ORD001547,2026-11-05,CUST0049,P0016,S020,E053,5,45319.48,0.0,226597.4,0.0,226597.4,102351.75,124245.65,In-Store,Cash
ORD001548,2025-09-04,CUST0499,P0008,S003,E038,4,108751.97,0.15,435007.88,65251.18,369756.7,327688.92,42067.78,Corporate,Cash
ORD001549,2026-06-27,CUST0397,P0019,S020,E053,4,42687.7,0.15,170750.8,25612.62,145138.18,84870.96,60267.22,In-Store,Cash
ORD001550,2026-07-18,CUST0451,P0071,S021,E008,2,100855.1,0.1,201710.2,20171.02,181539.18,111375.1,70164.08,Online,UPI
ORD001551,2026-08-11,CUST0067,P0075,S016,E013,3,106333.47,0.1,319000.41,31900.04,287100.37,207128.7,79971.67,In-Store,Credit Card
ORD001552,2026-03-15,CUST0319,P0077,S010,E010,10,3005.39,0.2,30053.9,6010.78,24043.12,17282.4,6760.72,Online,Bank Transfer
ORD001553,2025-10-05,CUST0103,P0022,S013,E056,10,70082.85,0.0,700828.5,0.0,700828.5,350738.4,350090.1,In-Store,UPI
ORD001554,2026-07-06,CUST0454,P0080,S017,E006,4,34461.49,0.1,137845.96,13784.6,124061.36,69221.68,54839.68,In-Store,Credit Card
ORD001555,2026-09-05,CUST0404,P0043,S024,E041,5,26046.62,0.0,130233.1,0.0,130233.1,92485.15,37747.95,In-Store,Bank Transfer
ORD001556,2025-04-21,CUST0193,P0062,S022,E028,4,106227.48,0.0,424909.92,0.0,424909.92,317176.76,107733.16,In-Store,Credit Card
ORD001557,2026-01-20,CUST0059,P0006,S007,E050,3,86800.05,0.0,260400.15,0.0,260400.15,162691.71,97708.44,In-Store,Bank Transfer
ORD001558,2025-07-10,CUST0074,P0018,S017,E006,2,79304.81,0.05,158609.62,7930.48,150679.14,72889.48,77789.66,In-Store,Credit Card
ORD001559,2026-05-05,CUST0276,P0062,S001,E021,4,102973.45,0.05,411893.8,20594.69,391299.11,317176.76,74122.35,Corporate,Bank Transfer
ORD001560,2026-11-25,CUST0321,P0020,S020,E053,3,65154.66,0.0,195463.98,0.0,195463.98,109989.81,85474.17,Online,UPI
ORD001561,2026-03-02,CUST0001,P0077,S002,E049,4,3219.16,0.1,12876.64,1287.66,11588.98,6912.96,4676.02,Corporate,Bank Transfer
ORD001562,2026-02-09,CUST0343,P0036,S020,E053,10,62916.14,0.0,629161.4,0.0,629161.4,326099.5,303061.9,In-Store,Cash
ORD001563,2025-12-01,CUST0025,P0065,S009,E015,10,84136.57,0.1,841365.7000000001,84136.57,757229.13,643301.3,113927.83,In-Store,Cash
ORD001564,2025-07-28,CUST0360,P0030,S012,E033,10,103499.78,0.1,1034997.8,103499.78,931498.02,529322.4,402175.62,Online,Credit Card
ORD001565,2025-01-22,CUST0167,P0044,S005,E017,5,109267.31,0.1,546336.55,54633.66,491702.89,359229.45,132473.44,In-Store,Cash
ORD001566,2026-11-09,CUST0012,P0026,S003,E038,3,64680.02,0.0,194040.06,0.0,194040.06,95849.61,98190.45,Online,UPI
ORD001567,2026-09-03,CUST0025,P0040,S025,E042,1,115087.53,0.0,115087.53,0.0,115087.53,76543.58,38543.95,Online,Credit Card
ORD001568,2025-07-27,CUST0240,P0036,S007,E050,2,63401.41,0.05,126802.82,6340.14,120462.68,65219.9,55242.78,In-Store,Bank Transfer
ORD001569,2025-01-08,CUST0010,P0006,S009,E019,10,83954.75,0.1,839547.5,83954.75,755592.75,542305.7,213287.05,Online,UPI
ORD001570,2026-12-03,CUST0475,P0012,S009,E016,3,65324.26,0.05,195972.78,9798.64,186174.14,150549.03,35625.11,Online,Cash
ORD001571,2026-11-18,CUST0013,P0038,S012,E054,3,95208.77,0.0,285626.31,0.0,285626.31,211389.24,74237.07,In-Store,Credit Card
ORD001572,2026-06-13,CUST0122,P0079,S009,E012,2,920.96,0.0,1841.92,0.0,1841.92,862.14,979.78,Corporate,Cash
ORD001573,2026-08-25,CUST0282,P0046,S025,E007,1,49428.32,0.05,49428.32,2471.42,46956.9,21853.34,25103.56,Online,Bank Transfer
ORD001574,2026-10-15,CUST0013,P0037,S014,E014,3,96888.35,0.1,290665.05,29066.51,261598.54,183115.2,78483.34,In-Store,Credit Card
ORD001575,2026-10-19,CUST0060,P0010,S014,E014,2,8620.5,0.05,17241.0,862.05,16378.95,9706.72,6672.23,In-Store,Cash
ORD001576,2025-06-15,CUST0298,P0031,S006,E026,10,44517.16,0.1,445171.6,44517.16,400654.44,283942.3,116712.14,In-Store,Bank Transfer
ORD001577,2026-05-11,CUST0077,P0025,S012,E046,2,118761.52,0.15,237523.04,35628.46,201894.58,123646.06,78248.52,Corporate,Credit Card
ORD001578,2026-08-13,CUST0341,P0020,S002,E049,3,61821.48,0.05,185464.44,9273.22,176191.22,109989.81,66201.41,Corporate,Cash
ORD001579,2026-03-05,CUST0088,P0046,S016,E013,2,47468.58,0.05,94937.16,4746.86,90190.3,43706.68,46483.62,Corporate,Bank Transfer
ORD001580,2025-06-12,CUST0387,P0027,S021,E047,3,4645.73,0.05,13937.19,696.86,13240.33,6656.67,6583.66,In-Store,Cash
ORD001581,2026-01-01,CUST0490,P0035,S001,E021,2,65016.51,0.0,130033.02,0.0,130033.02,66338.46,63694.56,Online,UPI
ORD001582,2026-06-10,CUST0273,P0054,S004,E037,4,68113.63,0.0,272454.52,0.0,272454.52,166874.36,105580.16,Online,Cash
ORD001583,2025-08-27,CUST0351,P0068,S017,E006,1,44279.58,0.0,44279.58,0.0,44279.58,32356.54,11923.04,In-Store,Bank Transfer
ORD001584,2025-03-13,CUST0008,P0022,S008,E024,1,72817.55,0.1,72817.55,7281.76,65535.79,35073.84,30461.95,In-Store,Bank Transfer
ORD001585,2026-03-21,CUST0181,P0064,S007,E050,4,62269.94,0.05,249079.76,12453.99,236625.77,166804.88,69820.89,In-Store,Bank Transfer
ORD001586,2026-10-17,CUST0279,P0012,S025,E007,1,67737.86,0.0,67737.86,0.0,67737.86,50183.01,17554.85,Online,Bank Transfer
ORD001587,2026-05-24,CUST0015,P0064,S022,E011,1,63284.33,0.0,63284.33,0.0,63284.33,41701.22,21583.11,In-Store,Cash
ORD001588,2025-09-26,CUST0100,P0012,S024,E041,10,65929.24,0.0,659292.4,0.0,659292.4,501830.1,157462.3,Online,Cash
ORD001589,2026-02-19,CUST0480,P0063,S018,E025,1,39244.74,0.0,39244.74,0.0,39244.74,20266.79,18977.95,In-Store,Credit Card
ORD001590,2025-09-02,CUST0090,P0067,S005,E017,3,63620.25,0.1,190860.75,19086.08,171774.67,129209.64,42565.03,Online,Credit Card
ORD001591,2026-11-06,CUST0225,P0001,S021,E051,1,72459.18,0.1,72459.18,7245.92,65213.26,32085.11,33128.15,Online,Cash
ORD001592,2025-03-01,CUST0194,P0021,S009,E015,4,39809.41,0.2,159237.64,31847.53,127390.11,78665.12,48724.99,In-Store,Credit Card
ORD001593,2025-01-06,CUST0352,P0065,S020,E053,1,88209.12,0.1,88209.12,8820.91,79388.21,64330.13,15058.08,In-Store,UPI
ORD001594,2026-12-10,CUST0222,P0021,S006,E026,1,42738.69,0.1,42738.69,4273.87,38464.82,19666.28,18798.54,Corporate,Credit Card
ORD001595,2026-07-24,CUST0029,P0078,S004,E037,3,76791.93,0.05,230375.79,11518.79,218857.0,150293.82,68563.18,Corporate,Credit Card
ORD001596,2026-02-11,CUST0359,P0018,S002,E036,3,80552.59,0.0,241657.77,0.0,241657.77,109334.22,132323.55,In-Store,Credit Card
ORD001597,2025-08-05,CUST0041,P0007,S006,E026,1,55812.91,0.0,55812.91,0.0,55812.91,38542.13,17270.78,In-Store,Bank Transfer
ORD001598,2025-01-26,CUST0105,P0029,S019,E009,2,16988.98,0.05,33977.96,1698.9,32279.06,22396.96,9882.1,In-Store,Cash
ORD001599,2025-01-05,CUST0283,P0058,S005,E017,1,113996.98,0.15,113996.98,17099.55,96897.43,70614.97,26282.46,In-Store,UPI
ORD001600,2026-06-16,CUST0057,P0042,S024,E041,1,55213.67,0.1,55213.67,5521.37,49692.3,36290.68,13401.62,Online,Bank Transfer
ORD001601,2026-01-25,CUST0352,P0043,S006,E043,2,25312.39,0.0,50624.78,0.0,50624.78,36994.06,13630.72,Corporate,UPI
ORD001602,2026-12-11,CUST0421,P0076,S011,E055,3,59433.78,0.05,178301.34,8915.07,169386.27,84372.75,85013.52,In-Store,Cash
ORD001603,2026-07-25,CUST0338,P0018,S019,E009,2,77187.11,0.0,154374.22,0.0,154374.22,72889.48,81484.74,In-Store,Cash
ORD001604,2026-03-24,CUST0027,P0044,S009,E012,1,106690.17,0.0,106690.17,0.0,106690.17,71845.89,34844.28,In-Store,UPI
ORD001605,2025-05-26,CUST0196,P0057,S022,E011,1,41548.9,0.1,41548.9,4154.89,37394.01,31368.84,6025.17,In-Store,UPI
ORD001606,2026-01-23,CUST0121,P0063,S015,E039,3,38091.15,0.1,114273.45,11427.34,102846.11,60800.37,42045.74,Online,Bank Transfer
ORD001607,2025-09-06,CUST0321,P0037,S013,E056,5,96126.39,0.0,480631.95,0.0,480631.95,305192.0,175439.95,Corporate,Cash
ORD001608,2026-06-10,CUST0218,P0013,S011,E030,10,53730.7,0.15,537307.0,80596.05,456710.95,402400.3,54310.65,In-Store,Cash
ORD001609,2026-04-07,CUST0404,P0030,S018,E025,3,113110.35,0.0,339331.05,0.0,339331.05,158796.72,180534.33,In-Store,Credit Card
ORD001610,2025-01-13,CUST0463,P0024,S007,E050,1,54957.74,0.0,54957.74,0.0,54957.74,38193.46,16764.28,In-Store,Bank Transfer
ORD001611,2026-01-19,CUST0038,P0071,S024,E005,2,100808.91,0.0,201617.82,0.0,201617.82,111375.1,90242.72,In-Store,Cash
ORD001612,2026-07-10,CUST0447,P0039,S012,E040,1,7318.46,0.05,7318.46,365.92,6952.54,4094.25,2858.29,Online,Cash
ORD001613,2026-02-03,CUST0114,P0015,S006,E026,2,54341.35,0.05,108682.7,5434.14,103248.56,59056.08,44192.48,Online,UPI
ORD001614,2025-01-19,CUST0433,P0001,S001,E021,1,68978.76,0.1,68978.76,6897.88,62080.88,32085.11,29995.77,In-Store,UPI
ORD001615,2026-07-29,CUST0330,P0065,S006,E026,5,88693.41,0.05,443467.05,22173.35,421293.7,321650.65,99643.05,In-Store,Credit Card
ORD001616,2026-05-06,CUST0123,P0031,S011,E055,1,43913.08,0.0,43913.08,0.0,43913.08,28394.23,15518.85,In-Store,Cash
ORD001617,2026-02-23,CUST0142,P0010,S022,E028,1,8238.55,0.2,8238.55,1647.71,6590.84,4853.36,1737.48,In-Store,UPI
ORD001618,2025-12-03,CUST0313,P0011,S019,E009,3,51662.43,0.15,154987.29,23248.09,131739.2,108522.21,23216.99,Online,UPI
ORD001619,2026-02-23,CUST0071,P0055,S021,E008,3,61695.22,0.15,185085.66,27762.85,157322.81,124274.55,33048.26,Online,Cash
ORD001620,2026-09-04,CUST0401,P0001,S001,E021,2,73342.18,0.05,146684.36,7334.22,139350.14,64170.22,75179.92,In-Store,Credit Card
ORD001621,2026-11-06,CUST0283,P0029,S008,E060,2,17887.08,0.0,35774.16,0.0,35774.16,22396.96,13377.2,In-Store,UPI
ORD001622,2025-05-02,CUST0382,P0047,S001,E021,1,88581.78,0.0,88581.78,0.0,88581.78,67426.13,21155.65,Corporate,UPI
ORD001623,2026-03-08,CUST0379,P0061,S002,E018,2,6968.1,0.0,13936.2,0.0,13936.2,6549.9,7386.3,Corporate,Credit Card
ORD001624,2025-02-13,CUST0367,P0001,S011,E030,2,74623.32,0.1,149246.64,14924.66,134321.98,64170.22,70151.76,In-Store,Cash
ORD001625,2025-11-13,CUST0016,P0007,S017,E006,5,60913.9,0.1,304569.5,30456.95,274112.55,192710.65,81401.9,In-Store,Credit Card
ORD001626,2026-01-16,CUST0128,P0003,S009,E012,1,104196.0,0.0,104196.0,0.0,104196.0,75501.2,28694.8,In-Store,Cash
ORD001627,2025-05-25,CUST0188,P0069,S013,E056,4,25100.0,0.15,100400.0,15060.0,85340.0,81289.56,4050.44,In-Store,UPI
ORD001628,2025-11-23,CUST0242,P0055,S011,E030,1,64010.95,0.1,64010.95,6401.1,57609.85,41424.85,16185.0,In-Store,UPI
ORD001629,2025-12-29,CUST0262,P0007,S016,E013,1,60643.91,0.0,60643.91,0.0,60643.91,38542.13,22101.78,In-Store,UPI
ORD001630,2025-02-19,CUST0266,P0027,S010,E034,3,4899.38,0.05,14698.14,734.91,13963.23,6656.67,7306.56,In-Store,Bank Transfer
ORD001631,2025-03-06,CUST0197,P0058,S010,E010,1,116945.6,0.2,116945.6,23389.12,93556.48,70614.97,22941.51,In-Store,UPI
ORD001632,2025-12-21,CUST0308,P0080,S016,E013,2,37705.82,0.0,75411.64,0.0,75411.64,34610.84,40800.8,Corporate,Cash
ORD001633,2025-06-13,CUST0385,P0072,S012,E040,1,5474.51,0.05,5474.51,273.73,5200.78,3156.83,2043.95,Online,UPI
ORD001634,2025-05-21,CUST0416,P0023,S017,E006,1,61697.11,0.05,61697.11,3084.86,58612.25,48488.44,10123.81,Online,Cash
ORD001635,2025-05-08,CUST0274,P0059,S019,E009,2,75325.93,0.0,150651.86,0.0,150651.86,96900.38,53751.48,Online,Credit Card
ORD001636,2026-02-02,CUST0395,P0017,S021,E051,1,62049.69,0.0,62049.69,0.0,62049.69,40427.93,21621.76,In-Store,Bank Transfer
ORD001637,2026-04-08,CUST0224,P0052,S018,E025,1,4067.28,0.05,4067.28,203.36,3863.92,3466.95,396.97,In-Store,UPI
ORD001638,2025-07-06,CUST0149,P0008,S021,E027,4,112106.93,0.1,448427.72,44842.77,403584.95,327688.92,75896.03,In-Store,Bank Transfer
ORD001639,2026-12-21,CUST0207,P0034,S012,E054,2,46308.38,0.1,92616.76,9261.68,83355.08,55258.7,28096.38,Online,Cash
ORD001640,2025-07-09,CUST0499,P0034,S020,E053,1,48502.09,0.2,48502.09,9700.42,38801.67,27629.35,11172.32,Corporate,Credit Card
ORD001641,2026-01-23,CUST0180,P0069,S015,E045,3,25146.56,0.15,75439.68000000001,11315.95,64123.73,60967.17,3156.56,In-Store,UPI
ORD001642,2026-03-05,CUST0236,P0006,S008,E060,2,79574.22,0.05,159148.44,7957.42,151191.02,108461.14,42729.88,In-Store,Cash
ORD001643,2025-10-11,CUST0064,P0052,S021,E008,4,4295.7,0.05,17182.8,859.14,16323.66,13867.8,2455.86,In-Store,Credit Card
ORD001644,2025-08-25,CUST0108,P0019,S018,E025,2,41372.95,0.0,82745.9,0.0,82745.9,42435.48,40310.42,In-Store,Credit Card
ORD001645,2025-07-13,CUST0224,P0046,S012,E040,1,47216.58,0.1,47216.58,4721.66,42494.92,21853.34,20641.58,Online,Cash
ORD001646,2025-10-14,CUST0477,P0034,S007,E050,1,47996.2,0.0,47996.2,0.0,47996.2,27629.35,20366.85,In-Store,Credit Card
ORD001647,2025-05-16,CUST0092,P0015,S020,E053,1,52910.25,0.0,52910.25,0.0,52910.25,29528.04,23382.21,Corporate,Credit Card
ORD001648,2025-06-20,CUST0311,P0041,S007,E050,4,20479.8,0.0,81919.2,0.0,81919.2,53477.4,28441.8,Online,Bank Transfer
ORD001649,2025-06-08,CUST0374,P0024,S013,E056,2,55591.64,0.1,111183.28,11118.33,100064.95,76386.92,23678.03,Online,Credit Card
ORD001650,2025-07-20,CUST0252,P0035,S020,E053,1,62127.69,0.0,62127.69,0.0,62127.69,33169.23,28958.46,In-Store,Cash
ORD001651,2026-05-02,CUST0287,P0008,S023,E044,1,113825.1,0.1,113825.1,11382.51,102442.59,81922.23,20520.36,In-Store,Credit Card
ORD001652,2026-07-11,CUST0468,P0031,S019,E009,3,46529.44,0.05,139588.32,6979.42,132608.9,85182.69,47426.21,In-Store,Bank Transfer
ORD001653,2026-08-06,CUST0283,P0026,S023,E044,1,65022.69,0.0,65022.69,0.0,65022.69,31949.87,33072.82,In-Store,Bank Transfer
ORD001654,2026-05-19,CUST0147,P0068,S021,E047,3,41614.09,0.0,124842.27,0.0,124842.27,97069.62,27772.65,In-Store,Credit Card
ORD001655,2026-01-06,CUST0421,P0013,S015,E057,2,52131.4,0.0,104262.8,0.0,104262.8,80480.06,23782.74,In-Store,Cash
ORD001656,2025-04-13,CUST0288,P0056,S008,E024,2,47666.73,0.15,95333.46,14300.02,81033.44,59490.4,21543.04,Online,Credit Card
ORD001657,2025-05-05,CUST0155,P0052,S004,E029,2,4087.61,0.1,8175.22,817.52,7357.7,6933.9,423.8,Online,Bank Transfer
ORD001658,2025-11-09,CUST0270,P0019,S014,E014,1,42087.05,0.1,42087.05,4208.71,37878.34,21217.74,16660.6,Corporate,Bank Transfer
ORD001659,2026-04-03,CUST0296,P0069,S013,E056,4,24316.28,0.0,97265.12,0.0,97265.12,81289.56,15975.56,In-Store,Bank Transfer
ORD001660,2025-08-18,CUST0346,P0034,S014,E014,1,45324.08,0.0,45324.08,0.0,45324.08,27629.35,17694.73,In-Store,Bank Transfer
ORD001661,2026-10-20,CUST0194,P0029,S009,E016,1,17196.23,0.05,17196.23,859.81,16336.42,11198.48,5137.94,In-Store,Cash
ORD001662,2025-07-16,CUST0160,P0070,S010,E034,1,121632.13,0.0,121632.13,0.0,121632.13,61810.81,59821.32,Online,Credit Card
ORD001663,2026-02-27,CUST0048,P0059,S002,E018,1,68954.67,0.05,68954.67,3447.73,65506.94,48450.19,17056.75,In-Store,UPI
ORD001664,2026-07-26,CUST0042,P0028,S024,E041,1,18790.89,0.2,18790.89,3758.18,15032.71,8891.34,6141.37,In-Store,UPI
ORD001665,2026-09-02,CUST0358,P0003,S001,E021,2,103259.61,0.05,206519.22,10325.96,196193.26,151002.4,45190.86,In-Store,Credit Card
ORD001666,2025-06-20,CUST0223,P0066,S022,E032,2,84405.11,0.05,168810.22,8440.51,160369.71,118905.82,41463.89,In-Store,Cash
ORD001667,2026-01-17,CUST0354,P0037,S003,E038,2,102989.37,0.1,205978.74,20597.87,185380.87,122076.8,63304.07,Online,Credit Card
ORD001668,2025-06-22,CUST0357,P0064,S004,E029,4,58341.9,0.0,233367.6,0.0,233367.6,166804.88,66562.72,Online,Cash
ORD001669,2026-10-25,CUST0496,P0024,S018,E025,1,52888.69,0.1,52888.69,5288.87,47599.82,38193.46,9406.36,Online,Bank Transfer
ORD001670,2026-03-29,CUST0317,P0078,S014,E014,4,78643.44,0.1,314573.76,31457.38,283116.38,200391.76,82724.62,Online,UPI
ORD001671,2025-12-16,CUST0159,P0018,S014,E014,2,75033.61,0.15,150067.22,22510.08,127557.14,72889.48,54667.66,In-Store,UPI
ORD001672,2026-09-26,CUST0463,P0044,S014,E014,2,107983.63,0.0,215967.26,0.0,215967.26,143691.78,72275.48,In-Store,Bank Transfer
ORD001673,2026-05-09,CUST0082,P0050,S014,E014,10,16090.19,0.15,160901.9,24135.28,136766.62,116984.2,19782.42,Corporate,UPI
ORD001674,2026-09-12,CUST0164,P0019,S020,E053,1,40009.36,0.0,40009.36,0.0,40009.36,21217.74,18791.62,In-Store,Bank Transfer
ORD001675,2025-01-04,CUST0002,P0021,S002,E036,1,42556.06,0.2,42556.06,8511.21,34044.85,19666.28,14378.57,Online,Cash
ORD001676,2025-04-03,CUST0351,P0011,S008,E024,5,54054.87,0.05,270274.35,13513.72,256760.63,180870.35,75890.28,In-Store,Credit Card
ORD001677,2025-01-06,CUST0286,P0001,S017,E006,2,74357.62,0.1,148715.24,14871.52,133843.72,64170.22,69673.5,Online,Bank Transfer
ORD001678,2025-10-15,CUST0030,P0047,S024,E005,5,89209.52,0.15,446047.6,66907.14,379140.46,337130.65,42009.81,Corporate,Credit Card
ORD001679,2026-09-10,CUST0300,P0046,S022,E032,4,46986.72,0.0,187946.88,0.0,187946.88,87413.36,100533.52,In-Store,Cash
ORD001680,2025-05-26,CUST0044,P0004,S023,E022,3,87276.97,0.05,261830.91,13091.55,248739.36,173465.37,75273.99,In-Store,Credit Card
ORD001681,2026-02-28,CUST0162,P0078,S011,E030,1,73726.6,0.0,73726.6,0.0,73726.6,50097.94,23628.66,Online,Credit Card
ORD001682,2026-08-31,CUST0293,P0043,S017,E006,1,25800.53,0.0,25800.53,0.0,25800.53,18497.03,7303.5,In-Store,UPI
ORD001683,2026-04-02,CUST0142,P0057,S002,E036,2,44338.68,0.0,88677.36,0.0,88677.36,62737.68,25939.68,Online,UPI
ORD001684,2025-07-21,CUST0243,P0012,S008,E024,1,64372.96,0.1,64372.96,6437.3,57935.66,50183.01,7752.65,Online,Credit Card
ORD001685,2025-07-31,CUST0075,P0039,S009,E012,3,6810.23,0.05,20430.69,1021.53,19409.16,12282.75,7126.41,In-Store,Cash
ORD001686,2025-01-06,CUST0158,P0009,S011,E058,3,40322.7,0.05,120968.1,6048.4,114919.7,89161.8,25757.9,In-Store,Credit Card
ORD001687,2026-09-16,CUST0194,P0059,S003,E038,1,75019.72,0.05,75019.72,3750.99,71268.73,48450.19,22818.54,In-Store,Cash
ORD001688,2026-01-11,CUST0007,P0063,S019,E009,2,38116.24,0.1,76232.48,7623.25,68609.23,40533.58,28075.65,Corporate,Cash
ORD001689,2026-03-23,CUST0091,P0014,S004,E029,10,51921.07,0.0,519210.7,0.0,519210.7,357042.0,162168.7,In-Store,Cash
ORD001690,2025-04-16,CUST0004,P0072,S014,E014,2,5675.58,0.05,11351.16,567.56,10783.6,6313.66,4469.94,Online,UPI
ORD001691,2026-10-13,CUST0048,P0041,S008,E060,4,19249.15,0.1,76996.6,7699.66,69296.94,53477.4,15819.54,In-Store,UPI
ORD001692,2026-02-05,CUST0181,P0014,S006,E026,5,52482.37,0.0,262411.85,0.0,262411.85,178521.0,83890.85,In-Store,Credit Card
ORD001693,2025-04-06,CUST0157,P0038,S025,E001,3,104170.98,0.15,312512.94,46876.94,265636.0,211389.24,54246.76,In-Store,Cash
ORD001694,2026-01-23,CUST0047,P0020,S006,E043,2,59754.81,0.15,119509.62,17926.44,101583.18,73326.54,28256.64,Online,Bank Transfer
ORD001695,2026-03-28,CUST0120,P0036,S004,E037,5,62290.2,0.05,311451.0,15572.55,295878.45,163049.75,132828.7,In-Store,Bank Transfer
ORD001696,2026-02-20,CUST0320,P0049,S002,E018,1,40425.54,0.0,40425.54,0.0,40425.54,26357.61,14067.93,In-Store,Credit Card
ORD001697,2026-12-27,CUST0375,P0001,S022,E028,3,69174.63,0.1,207523.89,20752.39,186771.5,96255.33,90516.17,In-Store,Bank Transfer
ORD001698,2026-05-19,CUST0080,P0020,S006,E043,2,64069.58,0.0,128139.16,0.0,128139.16,73326.54,54812.62,Corporate,Bank Transfer
ORD001699,2026-03-30,CUST0019,P0018,S021,E003,10,80274.61,0.0,802746.1,0.0,802746.1,364447.4,438298.7,In-Store,UPI
ORD001700,2025-10-18,CUST0337,P0011,S005,E035,5,49475.32,0.0,247376.6,0.0,247376.6,180870.35,66506.25,In-Store,Bank Transfer
ORD001701,2026-06-18,CUST0176,P0046,S018,E025,3,46298.23,0.1,138894.69,13889.47,125005.22,65560.02,59445.2,In-Store,UPI
ORD001702,2025-07-12,CUST0093,P0013,S015,E048,5,54448.06,0.05,272240.3,13612.02,258628.28,201200.15,57428.13,Corporate,UPI
ORD001703,2025-05-30,CUST0345,P0063,S018,E025,1,38387.16,0.0,38387.16,0.0,38387.16,20266.79,18120.37,In-Store,Credit Card
ORD001704,2026-05-30,CUST0343,P0056,S024,E005,3,47683.77,0.1,143051.31,14305.13,128746.18,89235.6,39510.58,Online,Bank Transfer
ORD001705,2026-01-28,CUST0459,P0003,S021,E003,5,108968.0,0.05,544840.0,27242.0,517598.0,377506.0,140092.0,In-Store,Credit Card
ORD001706,2025-11-12,CUST0060,P0034,S011,E030,2,47884.92,0.1,95769.84,9576.98,86192.86,55258.7,30934.16,Online,Credit Card
ORD001707,2025-03-17,CUST0320,P0034,S009,E015,3,46486.92,0.0,139460.76,0.0,139460.76,82888.05,56572.71,Online,Credit Card
ORD001708,2026-08-22,CUST0424,P0013,S005,E017,2,51979.37,0.05,103958.74,5197.94,98760.8,80480.06,18280.74,Online,Credit Card
ORD001709,2025-09-27,CUST0275,P0020,S013,E056,2,59628.82,0.2,119257.64,23851.53,95406.11,73326.54,22079.57,In-Store,Credit Card
ORD001710,2025-08-13,CUST0037,P0033,S001,E021,2,11132.46,0.05,22264.92,1113.25,21151.67,14366.1,6785.57,In-Store,UPI
ORD001711,2026-06-14,CUST0134,P0066,S002,E023,5,78992.21,0.15,394961.05,59244.16,335716.89,297264.55,38452.34,Online,Cash
ORD001712,2025-04-23,CUST0171,P0070,S002,E036,1,119618.43,0.05,119618.43,5980.92,113637.51,61810.81,51826.7,In-Store,Credit Card
ORD001713,2025-09-08,CUST0475,P0054,S010,E002,2,69035.16,0.05,138070.32,6903.52,131166.8,83437.18,47729.62,Corporate,Cash
ORD001714,2025-08-21,CUST0160,P0054,S001,E021,1,70006.58,0.1,70006.58,7000.66,63005.92,41718.59,21287.33,Online,Bank Transfer
ORD001715,2026-12-15,CUST0121,P0040,S015,E039,2,114223.67,0.05,228447.34,11422.37,217024.97,153087.16,63937.81,Corporate,Bank Transfer
ORD001716,2025-03-24,CUST0441,P0017,S023,E044,5,63859.4,0.1,319297.0,31929.7,287367.3,202139.65,85227.65,In-Store,Bank Transfer
ORD001717,2025-05-05,CUST0372,P0012,S014,E014,2,63079.5,0.15,126159.0,18923.85,107235.15,100366.02,6869.13,In-Store,Credit Card
ORD001718,2025-06-24,CUST0212,P0043,S004,E037,1,24977.71,0.05,24977.71,1248.89,23728.82,18497.03,5231.79,Online,UPI
ORD001719,2025-03-10,CUST0022,P0023,S016,E013,4,61086.07,0.1,244344.28,24434.43,219909.85,193953.76,25956.09,Corporate,Cash
ORD001720,2025-02-16,CUST0419,P0007,S001,E021,1,56915.57,0.15,56915.57,8537.34,48378.23,38542.13,9836.1,Online,Credit Card
ORD001721,2025-09-13,CUST0246,P0078,S025,E042,2,78169.11,0.05,156338.22,7816.91,148521.31,100195.88,48325.43,In-Store,Cash
ORD001722,2026-12-28,CUST0470,P0024,S014,E014,5,52740.43,0.05,263702.15,13185.11,250517.04,190967.3,59549.74,Corporate,Bank Transfer
ORD001723,2025-01-30,CUST0306,P0076,S013,E056,5,58330.07,0.1,291650.35,29165.04,262485.31,140621.25,121864.06,In-Store,Credit Card
ORD001724,2025-10-08,CUST0071,P0062,S019,E009,2,105487.21,0.0,210974.42,0.0,210974.42,158588.38,52386.04,In-Store,Bank Transfer
ORD001725,2025-08-25,CUST0353,P0032,S023,E022,3,73813.45,0.05,221440.35,11072.02,210368.33,165100.95,45267.38,In-Store,Credit Card
ORD001726,2025-09-05,CUST0477,P0066,S010,E002,5,78835.38,0.2,394176.9,78835.38,315341.52,297264.55,18076.97,In-Store,UPI
ORD001727,2026-01-03,CUST0220,P0078,S007,E050,1,78407.86,0.1,78407.86,7840.79,70567.07,50097.94,20469.13,Corporate,Bank Transfer
ORD001728,2026-05-10,CUST0345,P0028,S006,E026,2,19559.71,0.0,39119.42,0.0,39119.42,17782.68,21336.74,Online,Bank Transfer
ORD001729,2025-01-25,CUST0052,P0060,S014,E014,4,110627.27,0.0,442509.08,0.0,442509.08,238643.08,203866.0,Online,Credit Card
ORD001730,2026-08-09,CUST0146,P0037,S009,E012,2,104523.8,0.0,209047.6,0.0,209047.6,122076.8,86970.8,Online,Cash
ORD001731,2026-12-19,CUST0045,P0075,S001,E021,3,99476.08,0.0,298428.24,0.0,298428.24,207128.7,91299.54,In-Store,UPI
ORD001732,2026-05-05,CUST0038,P0009,S014,E014,3,40343.64,0.0,121030.92,0.0,121030.92,89161.8,31869.12,Online,Credit Card
ORD001733,2026-05-09,CUST0341,P0021,S012,E054,1,41342.05,0.1,41342.05,4134.21,37207.84,19666.28,17541.56,Online,UPI
ORD001734,2025-11-10,CUST0476,P0077,S023,E052,3,2948.72,0.1,8846.16,884.62,7961.54,5184.72,2776.82,Corporate,Credit Card
ORD001735,2026-08-29,CUST0363,P0019,S011,E058,2,42716.25,0.0,85432.5,0.0,85432.5,42435.48,42997.02,In-Store,Credit Card
ORD001736,2026-01-10,CUST0486,P0065,S024,E005,1,92230.21,0.1,92230.21,9223.02,83007.19,64330.13,18677.06,In-Store,Cash
ORD001737,2026-10-01,CUST0151,P0066,S020,E053,1,81714.89,0.1,81714.89,8171.49,73543.4,59452.91,14090.49,Online,Credit Card
ORD001738,2025-01-25,CUST0180,P0052,S001,E021,2,4421.32,0.0,8842.64,0.0,8842.64,6933.9,1908.74,In-Store,Cash
ORD001739,2025-11-30,CUST0313,P0024,S018,E025,2,55034.52,0.15,110069.04,16510.36,93558.68,76386.92,17171.76,In-Store,Bank Transfer
ORD001740,2025-12-21,CUST0401,P0057,S001,E021,1,44560.64,0.1,44560.64,4456.06,40104.58,31368.84,8735.74,Corporate,Credit Card
ORD001741,2025-04-26,CUST0084,P0036,S016,E013,2,64231.89,0.15,128463.78,19269.57,109194.21,65219.9,43974.31,In-Store,Bank Transfer
ORD001742,2025-02-17,CUST0185,P0041,S018,E025,3,19818.13,0.0,59454.39,0.0,59454.39,40108.05,19346.34,Online,Cash
ORD001743,2025-04-09,CUST0395,P0045,S013,E004,5,91938.51,0.0,459692.55,0.0,459692.55,294914.45,164778.1,Corporate,Bank Transfer
ORD001744,2026-04-04,CUST0011,P0034,S017,E006,4,48456.59,0.0,193826.36,0.0,193826.36,110517.4,83308.96,Online,UPI
ORD001745,2026-06-07,CUST0258,P0038,S004,E037,3,101439.09,0.0,304317.27,0.0,304317.27,211389.24,92928.03,Corporate,Cash
ORD001746,2026-08-20,CUST0375,P0018,S007,E050,2,74857.69,0.1,149715.38,14971.54,134743.84,72889.48,61854.36,In-Store,Cash
ORD001747,2026-02-09,CUST0339,P0070,S023,E044,1,118555.14,0.05,118555.14,5927.76,112627.38,61810.81,50816.57,In-Store,Cash
ORD001748,2025-08-02,CUST0245,P0028,S018,E025,2,19923.3,0.05,39846.6,1992.33,37854.27,17782.68,20071.59,Online,Bank Transfer
ORD001749,2026-11-16,CUST0158,P0002,S012,E040,4,16612.31,0.0,66449.24,0.0,66449.24,32915.72,33533.52,Online,UPI
ORD001750,2026-05-18,CUST0078,P0033,S024,E041,1,10843.96,0.05,10843.96,542.2,10301.76,7183.05,3118.71,In-Store,UPI
ORD001751,2026-12-22,CUST0108,P0032,S017,E006,1,69518.7,0.1,69518.7,6951.87,62566.83,55033.65,7533.18,Online,UPI
ORD001752,2026-03-24,CUST0387,P0059,S015,E045,5,73827.07,0.05,369135.35,18456.77,350678.58,242250.95,108427.63,In-Store,Credit Card
ORD001753,2026-07-30,CUST0381,P0054,S024,E041,5,74183.75,0.05,370918.75,18545.94,352372.81,208592.95,143779.86,Online,Credit Card
ORD001754,2025-09-15,CUST0374,P0027,S016,E013,5,5012.75,0.0,25063.75,0.0,25063.75,11094.45,13969.3,Corporate,UPI
ORD001755,2025-05-01,CUST0112,P0021,S015,E045,4,42693.81,0.0,170775.24,0.0,170775.24,78665.12,92110.12,In-Store,Bank Transfer
ORD001756,2025-02-23,CUST0001,P0038,S007,E050,2,94796.43,0.1,189592.86,18959.29,170633.57,140926.16,29707.41,Online,UPI
ORD001757,2025-11-27,CUST0032,P0073,S010,E034,4,92031.94,0.1,368127.76,36812.78,331314.98,177792.12,153522.86,In-Store,Bank Transfer
ORD001758,2025-08-29,CUST0438,P0028,S013,E004,3,18849.05,0.0,56547.14999999999,0.0,56547.15,26674.02,29873.13,Online,Credit Card
ORD001759,2026-06-14,CUST0473,P0020,S011,E058,1,60616.1,0.0,60616.1,0.0,60616.1,36663.27,23952.83,In-Store,Credit Card
ORD001760,2026-04-28,CUST0413,P0074,S023,E059,10,95674.43,0.05,956744.2999999999,47837.22,908907.08,739934.3,168972.78,Online,UPI
ORD001761,2025-07-06,CUST0072,P0058,S018,E025,5,123129.25,0.05,615646.25,30782.31,584863.94,353074.85,231789.09,In-Store,Bank Transfer
ORD001762,2026-10-18,CUST0061,P0015,S008,E060,1,51711.07,0.1,51711.07,5171.11,46539.96,29528.04,17011.92,In-Store,UPI
ORD001763,2025-09-19,CUST0402,P0080,S023,E022,3,34380.87,0.1,103142.61,10314.26,92828.35,51916.26,40912.09,In-Store,UPI
ORD001764,2025-12-30,CUST0230,P0059,S025,E042,2,74771.51,0.1,149543.02,14954.3,134588.72,96900.38,37688.34,In-Store,UPI
ORD001765,2026-05-06,CUST0052,P0039,S014,E014,3,6904.15,0.1,20712.45,2071.24,18641.21,12282.75,6358.46,Online,UPI
ORD001766,2026-03-07,CUST0057,P0039,S011,E055,1,7127.3,0.1,7127.3,712.73,6414.57,4094.25,2320.32,Corporate,Credit Card
ORD001767,2025-08-27,CUST0172,P0010,S020,E053,4,7816.92,0.1,31267.68,3126.77,28140.91,19413.44,8727.47,Online,Cash
ORD001768,2025-10-31,CUST0127,P0005,S025,E007,2,64880.88,0.05,129761.76,6488.09,123273.67,64146.0,59127.67,In-Store,Cash
ORD001769,2025-10-25,CUST0387,P0079,S010,E034,1,914.83,0.05,914.83,45.74,869.09,431.07,438.02,In-Store,Bank Transfer
ORD001770,2025-03-17,CUST0058,P0036,S008,E024,1,61011.55,0.0,61011.55,0.0,61011.55,32609.95,28401.6,In-Store,UPI
ORD001771,2026-12-01,CUST0053,P0078,S022,E011,2,78474.92,0.1,156949.84,15694.98,141254.86,100195.88,41058.98,In-Store,Credit Card
ORD001772,2025-11-29,CUST0045,P0047,S010,E034,4,85143.09,0.0,340572.36,0.0,340572.36,269704.52,70867.84,In-Store,UPI
ORD001773,2026-10-04,CUST0080,P0066,S016,E013,3,84026.11,0.15,252078.33,37811.75,214266.58,178358.73,35907.85,In-Store,Bank Transfer
ORD001774,2026-04-19,CUST0010,P0054,S007,E050,3,73553.99,0.1,220661.97,22066.2,198595.77,125155.77,73440.0,Corporate,Bank Transfer
ORD001775,2025-10-10,CUST0028,P0078,S010,E002,3,73208.0,0.0,219624.0,0.0,219624.0,150293.82,69330.18,In-Store,Cash
ORD001776,2026-08-14,CUST0340,P0027,S015,E057,2,4810.05,0.15,9620.1,1443.02,8177.08,4437.78,3739.3,In-Store,Cash
ORD001777,2025-03-13,CUST0333,P0072,S004,E037,10,5664.65,0.0,56646.5,0.0,56646.5,31568.3,25078.2,In-Store,Cash
ORD001778,2025-09-20,CUST0047,P0025,S025,E001,3,110926.77,0.0,332780.31,0.0,332780.31,185469.09,147311.22,In-Store,Bank Transfer
ORD001779,2026-12-04,CUST0122,P0065,S005,E017,3,90133.97,0.05,270401.91,13520.1,256881.81,192990.39,63891.42,Corporate,Bank Transfer
ORD001780,2026-07-29,CUST0474,P0021,S017,E006,3,40727.3,0.1,122181.9,12218.19,109963.71,58998.84,50964.87,In-Store,Credit Card
ORD001781,2025-01-12,CUST0193,P0033,S013,E004,1,10483.44,0.0,10483.44,0.0,10483.44,7183.05,3300.39,In-Store,Credit Card
ORD001782,2025-05-21,CUST0079,P0029,S019,E009,3,17374.04,0.0,52122.12,0.0,52122.12,33595.44,18526.68,In-Store,Cash
ORD001783,2026-07-09,CUST0462,P0066,S013,E056,1,85884.42,0.1,85884.42,8588.44,77295.98,59452.91,17843.07,In-Store,Bank Transfer
ORD001784,2025-01-17,CUST0142,P0007,S023,E022,2,58460.14,0.0,116920.28,0.0,116920.28,77084.26,39836.02,Corporate,UPI
ORD001785,2025-03-04,CUST0202,P0072,S025,E031,2,5335.63,0.05,10671.26,533.56,10137.7,6313.66,3824.04,Corporate,UPI
ORD001786,2025-09-10,CUST0095,P0029,S024,E041,3,17051.36,0.15,51154.08,7673.11,43480.97,33595.44,9885.53,Online,Credit Card
ORD001787,2026-04-10,CUST0299,P0079,S020,E053,2,836.03,0.1,1672.06,167.21,1504.85,862.14,642.71,In-Store,Bank Transfer
ORD001788,2026-01-11,CUST0088,P0058,S019,E009,1,122755.92,0.15,122755.92,18413.39,104342.53,70614.97,33727.56,Corporate,Bank Transfer
ORD001789,2026-06-04,CUST0175,P0030,S021,E008,2,105065.88,0.1,210131.76,21013.18,189118.58,105864.48,83254.1,Online,Bank Transfer
ORD001790,2025-03-31,CUST0060,P0019,S021,E008,2,42045.01,0.05,84090.02,4204.5,79885.52,42435.48,37450.04,Online,Cash
ORD001791,2026-12-21,CUST0206,P0080,S004,E029,1,36868.06,0.0,36868.06,0.0,36868.06,17305.42,19562.64,Corporate,Cash
ORD001792,2026-09-22,CUST0276,P0076,S022,E028,4,58782.21,0.0,235128.84,0.0,235128.84,112497.0,122631.84,In-Store,Bank Transfer
ORD001793,2025-06-24,CUST0314,P0064,S024,E041,2,63954.88,0.05,127909.76,6395.49,121514.27,83402.44,38111.83,Online,Cash
ORD001794,2025-03-17,CUST0079,P0007,S017,E006,3,55712.18,0.05,167136.54,8356.83,158779.71,115626.39,43153.32,Corporate,Credit Card
ORD001795,2026-09-05,CUST0085,P0059,S021,E047,3,70798.91,0.0,212396.73,0.0,212396.73,145350.57,67046.16,In-Store,Bank Transfer
ORD001796,2026-10-25,CUST0097,P0053,S008,E024,2,57282.01,0.05,114564.02,5728.2,108835.82,90074.7,18761.12,In-Store,Cash
ORD001797,2026-02-04,CUST0356,P0030,S015,E048,2,113334.0,0.0,226668.0,0.0,226668.0,105864.48,120803.52,In-Store,Bank Transfer
ORD001798,2025-03-12,CUST0286,P0077,S021,E047,2,3222.5,0.05,6445.0,322.25,6122.75,3456.48,2666.27,Online,Credit Card
ORD001799,2025-06-29,CUST0397,P0079,S009,E016,2,891.63,0.1,1783.26,178.33,1604.93,862.14,742.79,In-Store,Credit Card
ORD001800,2025-05-04,CUST0009,P0019,S013,E056,5,42672.65,0.1,213363.25,21336.32,192026.93,106088.7,85938.23,Corporate,Credit Card
ORD001801,2026-01-16,CUST0329,P0050,S017,E006,10,15207.63,0.15,152076.3,22811.44,129264.86,116984.2,12280.66,Corporate,UPI
ORD001802,2025-10-20,CUST0452,P0023,S014,E014,1,64236.21,0.0,64236.21,0.0,64236.21,48488.44,15747.77,In-Store,Cash
ORD001803,2025-07-14,CUST0390,P0034,S001,E021,1,46362.27,0.05,46362.27,2318.11,44044.16,27629.35,16414.81,In-Store,Cash
ORD001804,2025-08-16,CUST0247,P0069,S008,E060,2,25424.8,0.2,50849.6,10169.92,40679.68,40644.78,34.9,In-Store,Bank Transfer
ORD001805,2026-03-07,CUST0017,P0007,S004,E029,1,55577.57,0.0,55577.57,0.0,55577.57,38542.13,17035.44,Corporate,Cash
ORD001806,2026-03-12,CUST0365,P0076,S018,E025,3,56361.81,0.15,169085.43,25362.81,143722.62,84372.75,59349.87,In-Store,Bank Transfer
ORD001807,2026-04-06,CUST0177,P0070,S022,E032,5,118174.05,0.15,590870.25,88630.54,502239.71,309054.05,193185.66,Corporate,Cash
ORD001808,2026-09-10,CUST0470,P0019,S003,E038,1,41362.26,0.1,41362.26,4136.23,37226.03,21217.74,16008.29,In-Store,Bank Transfer
ORD001809,2025-01-21,CUST0395,P0027,S024,E005,2,4858.93,0.15,9717.86,1457.68,8260.18,4437.78,3822.4,In-Store,Bank Transfer
ORD001810,2025-03-05,CUST0449,P0055,S019,E009,4,64562.11,0.1,258248.44,25824.84,232423.6,165699.4,66724.2,In-Store,Cash
ORD001811,2025-06-14,CUST0120,P0030,S018,E025,4,111041.25,0.15,444165.0,66624.75,377540.25,211728.96,165811.29,Corporate,Bank Transfer
ORD001812,2025-01-27,CUST0314,P0046,S013,E004,2,46837.13,0.05,93674.26,4683.71,88990.55,43706.68,45283.87,In-Store,Bank Transfer
ORD001813,2025-11-07,CUST0165,P0017,S020,E053,5,62624.04,0.05,313120.2,15656.01,297464.19,202139.65,95324.54,Online,Credit Card
ORD001814,2025-10-12,CUST0450,P0001,S009,E016,5,70662.0,0.0,353310.0,0.0,353310.0,160425.55,192884.45,In-Store,Bank Transfer
ORD001815,2026-10-22,CUST0348,P0001,S018,E025,2,69754.14,0.05,139508.28,6975.41,132532.87,64170.22,68362.65,In-Store,Bank Transfer
ORD001816,2025-10-08,CUST0415,P0073,S016,E013,2,86035.07,0.0,172070.14,0.0,172070.14,88896.06,83174.08,Corporate,Bank Transfer
ORD001817,2025-06-13,CUST0296,P0069,S012,E054,5,24802.3,0.05,124011.5,6200.58,117810.92,101611.95,16198.97,Corporate,UPI
ORD001818,2025-08-12,CUST0347,P0023,S010,E034,3,60987.75,0.0,182963.25,0.0,182963.25,145465.32,37497.93,In-Store,Cash
ORD001819,2025-05-26,CUST0150,P0075,S023,E059,2,105143.82,0.0,210287.64,0.0,210287.64,138085.8,72201.84,Corporate,Credit Card
ORD001820,2025-01-30,CUST0125,P0069,S013,E056,1,24481.05,0.15,24481.05,3672.16,20808.89,20322.39,486.5,In-Store,UPI
ORD001821,2025-02-14,CUST0236,P0048,S024,E005,1,112798.67,0.1,112798.67,11279.87,101518.8,91394.2,10124.6,Corporate,UPI
ORD001822,2026-04-16,CUST0302,P0036,S008,E024,2,65198.17,0.1,130396.34,13039.63,117356.71,65219.9,52136.81,In-Store,Bank Transfer
ORD001823,2025-02-03,CUST0099,P0017,S025,E031,2,64578.69,0.0,129157.38,0.0,129157.38,80855.86,48301.52,Online,UPI
ORD001824,2026-10-15,CUST0278,P0007,S012,E054,3,58823.45,0.0,176470.35,0.0,176470.35,115626.39,60843.96,Online,Cash
ORD001825,2026-03-03,CUST0187,P0008,S009,E015,3,110672.66,0.0,332017.98,0.0,332017.98,245766.69,86251.29,Online,Credit Card
ORD001826,2025-08-09,CUST0013,P0040,S021,E003,2,113836.02,0.0,227672.04,0.0,227672.04,153087.16,74584.88,In-Store,UPI
ORD001827,2026-06-18,CUST0073,P0038,S007,E050,1,97439.46,0.05,97439.46,4871.97,92567.49,70463.08,22104.41,In-Store,Cash
ORD001828,2026-11-23,CUST0390,P0060,S015,E048,1,109990.02,0.1,109990.02,10999.0,98991.02,59660.77,39330.25,In-Store,Cash
ORD001829,2026-01-02,CUST0440,P0034,S024,E005,4,45585.75,0.1,182343.0,18234.3,164108.7,110517.4,53591.3,In-Store,Bank Transfer
ORD001830,2026-07-04,CUST0129,P0052,S012,E054,1,4164.91,0.05,4164.91,208.25,3956.66,3466.95,489.71,In-Store,Cash
ORD001831,2026-08-05,CUST0217,P0037,S001,E021,1,104669.74,0.05,104669.74,5233.49,99436.25,61038.4,38397.85,In-Store,Credit Card
ORD001832,2025-04-26,CUST0084,P0042,S021,E047,2,52368.89,0.1,104737.78,10473.78,94264.0,72581.36,21682.64,Corporate,Cash
ORD001833,2025-08-27,CUST0085,P0046,S024,E005,4,45746.59,0.05,182986.36,9149.32,173837.04,87413.36,86423.68,Online,Bank Transfer
ORD001834,2025-12-01,CUST0432,P0065,S024,E005,3,87845.15,0.05,263535.45,13176.77,250358.68,192990.39,57368.29,Online,Credit Card
ORD001835,2026-03-17,CUST0037,P0032,S010,E002,5,75451.35,0.1,377256.75,37725.68,339531.07,275168.25,64362.82,In-Store,UPI
ORD001836,2025-05-28,CUST0456,P0037,S019,E009,1,100301.55,0.0,100301.55,0.0,100301.55,61038.4,39263.15,In-Store,UPI
ORD001837,2025-01-09,CUST0123,P0015,S015,E057,4,53555.67,0.1,214222.68,21422.27,192800.41,118112.16,74688.25,In-Store,Credit Card
ORD001838,2025-10-15,CUST0448,P0039,S021,E047,3,7070.92,0.05,21212.76,1060.64,20152.12,12282.75,7869.37,In-Store,Bank Transfer
ORD001839,2026-01-23,CUST0111,P0005,S002,E023,5,63538.37,0.05,317691.85,15884.59,301807.26,160365.0,141442.26,In-Store,Credit Card
ORD001840,2025-02-19,CUST0174,P0032,S021,E047,4,73210.05,0.1,292840.2,29284.02,263556.18,220134.6,43421.58,Online,UPI
ORD001841,2026-06-01,CUST0440,P0067,S013,E056,3,63030.5,0.05,189091.5,9454.58,179636.92,129209.64,50427.28,In-Store,Bank Transfer
ORD001842,2026-09-30,CUST0327,P0005,S002,E023,5,63580.02,0.0,317900.1,0.0,317900.1,160365.0,157535.1,In-Store,UPI
ORD001843,2026-08-10,CUST0203,P0040,S002,E036,10,112026.99,0.1,1120269.9,112026.99,1008242.91,765435.8,242807.11,Online,Cash
ORD001844,2026-11-08,CUST0071,P0041,S020,E053,1,19045.89,0.0,19045.89,0.0,19045.89,13369.35,5676.54,In-Store,Bank Transfer
ORD001845,2025-10-05,CUST0245,P0028,S020,E053,2,19328.53,0.05,38657.06,1932.85,36724.21,17782.68,18941.53,In-Store,UPI
ORD001846,2025-10-27,CUST0123,P0067,S017,E006,2,62965.94,0.0,125931.88,0.0,125931.88,86139.76,39792.12,In-Store,UPI
ORD001847,2026-08-12,CUST0087,P0015,S017,E006,1,51744.66,0.0,51744.66,0.0,51744.66,29528.04,22216.62,In-Store,Bank Transfer
ORD001848,2026-10-11,CUST0392,P0045,S023,E022,10,97022.09,0.0,970220.8999999999,0.0,970220.9,589828.9,380392.0,In-Store,Cash
ORD001849,2026-09-10,CUST0182,P0006,S015,E039,2,83850.26,0.1,167700.52,16770.05,150930.47,108461.14,42469.33,Online,UPI
ORD001850,2026-08-30,CUST0012,P0021,S008,E060,2,41667.93,0.0,83335.86,0.0,83335.86,39332.56,44003.3,In-Store,Credit Card
ORD001851,2025-05-15,CUST0318,P0059,S021,E047,1,72986.65,0.0,72986.65,0.0,72986.65,48450.19,24536.46,Online,Cash
ORD001852,2026-08-03,CUST0151,P0068,S020,E053,4,43970.87,0.05,175883.48,8794.17,167089.31,129426.16,37663.15,In-Store,Bank Transfer
ORD001853,2025-05-27,CUST0251,P0046,S002,E018,2,48257.96,0.2,96515.92,19303.18,77212.74,43706.68,33506.06,In-Store,UPI
ORD001854,2026-05-05,CUST0487,P0033,S011,E055,1,11212.98,0.1,11212.98,1121.3,10091.68,7183.05,2908.63,Online,Cash
ORD001855,2026-04-23,CUST0016,P0059,S017,E006,5,69791.73,0.0,348958.65,0.0,348958.65,242250.95,106707.7,In-Store,Cash
ORD001856,2025-06-08,CUST0101,P0017,S011,E058,2,62738.86,0.05,125477.72,6273.89,119203.83,80855.86,38347.97,In-Store,UPI
ORD001857,2026-01-19,CUST0323,P0047,S005,E017,1,85208.39,0.0,85208.39,0.0,85208.39,67426.13,17782.26,Online,Credit Card
ORD001858,2025-06-12,CUST0493,P0052,S021,E027,3,4400.81,0.0,13202.43,0.0,13202.43,10400.85,2801.58,Corporate,Bank Transfer
ORD001859,2026-03-17,CUST0114,P0075,S009,E012,2,97661.82,0.0,195323.64,0.0,195323.64,138085.8,57237.84,In-Store,Cash
ORD001860,2025-07-08,CUST0092,P0002,S011,E055,3,17442.22,0.1,52326.66,5232.67,47093.99,24686.79,22407.2,In-Store,Cash
ORD001861,2026-02-19,CUST0405,P0057,S018,E025,1,45320.81,0.1,45320.81,4532.08,40788.73,31368.84,9419.89,Online,Credit Card
ORD001862,2025-12-05,CUST0045,P0078,S004,E029,1,75227.57,0.1,75227.57,7522.76,67704.81,50097.94,17606.87,In-Store,Cash
ORD001863,2026-08-30,CUST0367,P0075,S022,E028,2,104855.26,0.0,209710.52,0.0,209710.52,138085.8,71624.72,In-Store,UPI
ORD001864,2025-06-30,CUST0285,P0009,S011,E058,4,42330.38,0.15,169321.52,25398.23,143923.29,118882.4,25040.89,In-Store,Cash
ORD001865,2025-10-15,CUST0277,P0024,S012,E040,2,55835.79,0.1,111671.58,11167.16,100504.42,76386.92,24117.5,Online,Credit Card
ORD001866,2025-07-06,CUST0281,P0061,S012,E033,2,7245.3,0.1,14490.6,1449.06,13041.54,6549.9,6491.64,Corporate,Credit Card
ORD001867,2025-05-18,CUST0328,P0080,S002,E036,1,36946.65,0.15,36946.65,5542.0,31404.65,17305.42,14099.23,Online,Bank Transfer
ORD001868,2025-05-10,CUST0174,P0068,S022,E032,4,42514.61,0.05,170058.44,8502.92,161555.52,129426.16,32129.36,Corporate,Credit Card
ORD001869,2025-07-13,CUST0325,P0062,S017,E006,1,102940.26,0.05,102940.26,5147.01,97793.25,79294.19,18499.06,In-Store,Cash
ORD001870,2025-11-12,CUST0220,P0043,S021,E027,4,26170.83,0.1,104683.32,10468.33,94214.99,73988.12,20226.87,Online,Cash
ORD001871,2025-05-24,CUST0242,P0031,S001,E021,3,44125.35,0.2,132376.05,26475.21,105900.84,85182.69,20718.15,Online,Credit Card
ORD001872,2025-01-16,CUST0239,P0024,S021,E008,2,54025.51,0.1,108051.02,10805.1,97245.92,76386.92,20859.0,In-Store,Credit Card
ORD001873,2025-10-29,CUST0398,P0020,S009,E016,1,64879.35,0.15,64879.35,9731.9,55147.45,36663.27,18484.18,In-Store,UPI
ORD001874,2026-02-27,CUST0497,P0016,S012,E054,1,45414.26,0.05,45414.26,2270.71,43143.55,20470.35,22673.2,Online,Cash
ORD001875,2025-09-02,CUST0027,P0071,S022,E020,10,95237.1,0.0,952371.0,0.0,952371.0,556875.5,395495.5,In-Store,Cash
ORD001876,2025-04-17,CUST0316,P0028,S012,E054,3,19209.95,0.0,57629.85000000001,0.0,57629.85,26674.02,30955.83,Corporate,Credit Card
ORD001877,2025-03-29,CUST0022,P0014,S005,E017,1,54720.44,0.2,54720.44,10944.09,43776.35,35704.2,8072.15,Online,Cash
ORD001878,2025-05-09,CUST0377,P0080,S007,E050,1,34666.09,0.1,34666.09,3466.61,31199.48,17305.42,13894.06,Online,Cash
ORD001879,2025-12-07,CUST0192,P0045,S017,E006,2,91498.9,0.1,182997.8,18299.78,164698.02,117965.78,46732.24,In-Store,Bank Transfer
ORD001880,2025-01-04,CUST0403,P0013,S019,E009,2,52836.41,0.05,105672.82,5283.64,100389.18,80480.06,19909.12,Online,UPI
ORD001881,2025-11-23,CUST0243,P0050,S024,E041,3,15071.7,0.15,45215.10000000001,6782.26,38432.84,35095.26,3337.58,In-Store,Bank Transfer
ORD001882,2026-02-14,CUST0434,P0035,S025,E001,5,67815.46,0.1,339077.3,33907.73,305169.57,165846.15,139323.42,In-Store,UPI
ORD001883,2025-11-02,CUST0003,P0067,S020,E053,3,62075.05,0.1,186225.15,18622.52,167602.63,129209.64,38392.99,In-Store,Cash
ORD001884,2026-08-30,CUST0466,P0077,S013,E056,5,3122.57,0.0,15612.85,0.0,15612.85,8641.2,6971.65,In-Store,Bank Transfer
ORD001885,2026-12-22,CUST0077,P0032,S007,E050,3,72789.82,0.0,218369.46,0.0,218369.46,165100.95,53268.51,In-Store,Cash
ORD001886,2025-08-13,CUST0244,P0001,S023,E059,1,68526.08,0.0,68526.08,0.0,68526.08,32085.11,36440.97,In-Store,Cash
ORD001887,2025-12-14,CUST0241,P0048,S023,E044,1,116071.45,0.1,116071.45,11607.14,104464.31,91394.2,13070.11,In-Store,UPI
ORD001888,2025-11-17,CUST0190,P0052,S017,E006,4,4371.24,0.1,17484.96,1748.5,15736.46,13867.8,1868.66,In-Store,UPI
ORD001889,2026-07-13,CUST0415,P0041,S002,E023,1,20126.25,0.05,20126.25,1006.31,19119.94,13369.35,5750.59,In-Store,UPI
ORD001890,2025-06-30,CUST0014,P0036,S021,E047,3,65848.1,0.05,197544.3,9877.22,187667.08,97829.85,89837.23,In-Store,Cash
ORD001891,2026-09-10,CUST0239,P0017,S015,E039,2,64509.25,0.0,129018.5,0.0,129018.5,80855.86,48162.64,In-Store,Cash
ORD001892,2026-12-12,CUST0062,P0070,S004,E037,3,117995.57,0.0,353986.71,0.0,353986.71,185432.43,168554.28,In-Store,Credit Card
ORD001893,2026-01-21,CUST0005,P0063,S011,E058,4,37991.56,0.2,151966.24,30393.25,121572.99,81067.16,40505.83,In-Store,UPI
ORD001894,2026-09-10,CUST0393,P0009,S023,E044,2,42115.49,0.1,84230.98,8423.1,75807.88,59441.2,16366.68,Corporate,Cash
ORD001895,2025-04-18,CUST0047,P0010,S024,E005,4,8156.5,0.1,32626.0,3262.6,29363.4,19413.44,9949.96,Online,Cash
ORD001896,2026-06-15,CUST0356,P0008,S001,E021,1,108203.88,0.05,108203.88,5410.19,102793.69,81922.23,20871.46,In-Store,Cash
ORD001897,2026-02-14,CUST0494,P0064,S023,E059,3,64282.38,0.0,192847.14,0.0,192847.14,125103.66,67743.48,In-Store,Credit Card
ORD001898,2025-10-23,CUST0259,P0026,S025,E042,1,65455.59,0.0,65455.59,0.0,65455.59,31949.87,33505.72,In-Store,Cash
ORD001899,2025-06-20,CUST0051,P0039,S021,E047,5,6875.56,0.0,34377.8,0.0,34377.8,20471.25,13906.55,Corporate,Cash
ORD001900,2025-11-27,CUST0221,P0027,S020,E053,4,4688.03,0.0,18752.12,0.0,18752.12,8875.56,9876.56,In-Store,Cash
ORD001901,2026-05-08,CUST0074,P0031,S005,E035,2,47155.44,0.2,94310.88,18862.18,75448.7,56788.46,18660.24,In-Store,Credit Card
ORD001902,2025-07-14,CUST0130,P0059,S006,E026,3,71481.83,0.1,214445.49,21444.55,193000.94,145350.57,47650.37,Online,UPI
ORD001903,2025-01-12,CUST0242,P0056,S010,E034,2,45035.76,0.1,90071.52,9007.15,81064.37,59490.4,21573.97,Corporate,Cash
ORD001904,2025-07-14,CUST0156,P0055,S017,E006,2,63777.8,0.1,127555.6,12755.56,114800.04,82849.7,31950.34,Online,Credit Card
ORD001905,2026-05-05,CUST0012,P0039,S008,E060,2,6886.42,0.15,13772.84,2065.93,11706.91,8188.5,3518.41,Online,Bank Transfer
ORD001906,2025-07-01,CUST0278,P0065,S023,E052,3,91919.56,0.1,275758.68,27575.87,248182.81,192990.39,55192.42,Online,Credit Card
ORD001907,2026-10-18,CUST0339,P0051,S020,E053,5,95390.52,0.0,476952.6,0.0,476952.6,262174.4,214778.2,Online,Cash
ORD001908,2025-11-12,CUST0096,P0016,S020,E053,1,46537.98,0.05,46537.98,2326.9,44211.08,20470.35,23740.73,In-Store,UPI
ORD001909,2026-11-25,CUST0439,P0003,S008,E060,1,104654.52,0.1,104654.52,10465.45,94189.07,75501.2,18687.87,Corporate,UPI
ORD001910,2025-01-30,CUST0428,P0059,S003,E038,3,75839.85,0.1,227519.55,22751.96,204767.59,145350.57,59417.02,Online,UPI
ORD001911,2026-08-19,CUST0172,P0037,S005,E035,2,98197.18,0.0,196394.36,0.0,196394.36,122076.8,74317.56,Online,Cash
ORD001912,2026-11-09,CUST0253,P0039,S019,E009,2,7295.51,0.1,14591.02,1459.1,13131.92,8188.5,4943.42,Online,Credit Card
ORD001913,2025-04-06,CUST0458,P0061,S019,E009,10,6934.03,0.0,69340.3,0.0,69340.3,32749.5,36590.8,In-Store,UPI
ORD001914,2026-01-16,CUST0286,P0054,S014,E014,3,73687.22,0.0,221061.66,0.0,221061.66,125155.77,95905.89,In-Store,UPI
ORD001915,2026-03-20,CUST0487,P0027,S024,E005,4,5060.42,0.05,20241.68,1012.08,19229.6,8875.56,10354.04,Online,Credit Card
ORD001916,2025-10-25,CUST0271,P0045,S020,E053,3,91024.5,0.1,273073.5,27307.35,245766.15,176948.67,68817.48,Online,Bank Transfer
ORD001917,2025-12-27,CUST0088,P0072,S003,E038,1,5318.91,0.15,5318.91,797.84,4521.07,3156.83,1364.24,In-Store,Cash
ORD001918,2026-01-09,CUST0449,P0079,S006,E026,1,841.39,0.15,841.39,126.21,715.18,431.07,284.11,In-Store,Cash
ORD001919,2026-07-08,CUST0197,P0049,S011,E055,2,43128.55,0.1,86257.1,8625.71,77631.39,52715.22,24916.17,Online,Bank Transfer
ORD001920,2025-10-30,CUST0049,P0056,S018,E025,3,48208.59,0.05,144625.77,7231.29,137394.48,89235.6,48158.88,In-Store,Credit Card
ORD001921,2026-02-25,CUST0248,P0044,S003,E038,3,104229.41,0.0,312688.23,0.0,312688.23,215537.67,97150.56,Online,Cash
ORD001922,2025-09-03,CUST0358,P0070,S025,E031,1,114424.54,0.05,114424.54,5721.23,108703.31,61810.81,46892.5,In-Store,Credit Card
ORD001923,2026-12-21,CUST0214,P0026,S015,E048,2,65550.87,0.1,131101.74,13110.17,117991.57,63899.74,54091.83,In-Store,Cash
ORD001924,2025-08-25,CUST0190,P0049,S003,E038,1,43699.06,0.0,43699.06,0.0,43699.06,26357.61,17341.45,Online,Credit Card
ORD001925,2026-06-18,CUST0473,P0030,S006,E026,3,107016.03,0.1,321048.09,32104.81,288943.28,158796.72,130146.56,In-Store,Bank Transfer
ORD001926,2025-07-04,CUST0024,P0072,S005,E035,2,5176.23,0.0,10352.46,0.0,10352.46,6313.66,4038.8,In-Store,UPI
ORD001927,2026-04-13,CUST0114,P0011,S012,E040,1,53491.69,0.1,53491.69,5349.17,48142.52,36174.07,11968.45,Corporate,UPI
ORD001928,2025-12-29,CUST0011,P0076,S009,E012,4,60424.11,0.0,241696.44,0.0,241696.44,112497.0,129199.44,Online,Cash
ORD001929,2025-10-10,CUST0026,P0050,S020,E053,2,16260.04,0.1,32520.08,3252.01,29268.07,23396.84,5871.23,In-Store,UPI
ORD001930,2026-07-07,CUST0420,P0067,S003,E038,1,60369.34,0.05,60369.34,3018.47,57350.87,43069.88,14280.99,Online,Credit Card
ORD001931,2025-12-02,CUST0362,P0034,S013,E056,4,46707.82,0.1,186831.28,18683.13,168148.15,110517.4,57630.75,Online,Credit Card
ORD001932,2025-06-11,CUST0024,P0050,S001,E021,1,16151.62,0.0,16151.62,0.0,16151.62,11698.42,4453.2,In-Store,Cash
ORD001933,2025-06-09,CUST0113,P0026,S016,E013,3,63940.98,0.05,191822.94,9591.15,182231.79,95849.61,86382.18,In-Store,UPI
ORD001934,2026-04-19,CUST0326,P0060,S020,E053,2,118787.94,0.1,237575.88,23757.59,213818.29,119321.54,94496.75,In-Store,Credit Card
ORD001935,2026-08-24,CUST0194,P0041,S003,E038,3,19674.86,0.15,59024.58,8853.69,50170.89,40108.05,10062.84,In-Store,Credit Card
ORD001936,2025-11-18,CUST0315,P0065,S013,E004,4,89353.22,0.0,357412.88,0.0,357412.88,257320.52,100092.36,In-Store,Bank Transfer
ORD001937,2025-01-12,CUST0266,P0032,S011,E055,2,74783.16,0.0,149566.32,0.0,149566.32,110067.3,39499.02,Corporate,Cash
ORD001938,2026-02-28,CUST0012,P0029,S023,E044,4,17892.25,0.15,71569.0,10735.35,60833.65,44793.92,16039.73,In-Store,UPI
ORD001939,2025-03-14,CUST0310,P0069,S024,E041,1,26064.97,0.1,26064.97,2606.5,23458.47,20322.39,3136.08,In-Store,UPI
ORD001940,2026-08-11,CUST0158,P0021,S009,E016,1,42447.99,0.15,42447.99,6367.2,36080.79,19666.28,16414.51,In-Store,Credit Card
ORD001941,2025-07-20,CUST0293,P0021,S003,E038,2,42763.5,0.0,85527.0,0.0,85527.0,39332.56,46194.44,Corporate,Bank Transfer
ORD001942,2026-06-06,CUST0006,P0077,S022,E011,3,3136.85,0.05,9410.55,470.53,8940.02,5184.72,3755.3,In-Store,Cash
ORD001943,2026-05-20,CUST0314,P0077,S019,E009,1,3155.65,0.0,3155.65,0.0,3155.65,1728.24,1427.41,In-Store,UPI
ORD001944,2026-11-19,CUST0278,P0059,S011,E030,1,68845.34,0.0,68845.34,0.0,68845.34,48450.19,20395.15,In-Store,Cash
ORD001945,2025-02-08,CUST0265,P0058,S003,E038,4,111888.51,0.15,447554.04,67133.11,380420.93,282459.88,97961.05,In-Store,Cash
ORD001946,2025-03-01,CUST0471,P0035,S007,E050,1,67466.52,0.0,67466.52,0.0,67466.52,33169.23,34297.29,In-Store,Credit Card
ORD001947,2026-08-01,CUST0149,P0071,S024,E005,4,103056.82,0.05,412227.28,20611.36,391615.92,222750.2,168865.72,Online,Bank Transfer
ORD001948,2025-11-17,CUST0046,P0021,S022,E028,4,42644.42,0.1,170577.68,17057.77,153519.91,78665.12,74854.79,In-Store,Cash
ORD001949,2026-03-11,CUST0113,P0018,S023,E044,4,80898.77,0.2,323595.08,64719.02,258876.06,145778.96,113097.1,Corporate,Bank Transfer
ORD001950,2026-09-28,CUST0098,P0036,S006,E043,5,65289.29,0.05,326446.45,16322.32,310124.13,163049.75,147074.38,Corporate,Cash
ORD001951,2026-11-07,CUST0195,P0080,S009,E016,1,34922.63,0.0,34922.63,0.0,34922.63,17305.42,17617.21,Corporate,UPI
ORD001952,2026-02-12,CUST0330,P0009,S008,E060,4,41653.04,0.0,166612.16,0.0,166612.16,118882.4,47729.76,In-Store,UPI
ORD001953,2026-01-21,CUST0468,P0079,S014,E014,3,863.39,0.0,2590.17,0.0,2590.17,1293.21,1296.96,Online,Bank Transfer
ORD001954,2026-11-02,CUST0489,P0058,S018,E025,2,117571.11,0.1,235142.22,23514.22,211628.0,141229.94,70398.06,Online,UPI
ORD001955,2026-07-23,CUST0419,P0006,S023,E059,1,85045.72,0.05,85045.72,4252.29,80793.43,54230.57,26562.86,In-Store,Cash
ORD001956,2025-03-19,CUST0315,P0005,S023,E059,3,66908.85,0.0,200726.55,0.0,200726.55,96219.0,104507.55,Corporate,UPI
ORD001957,2025-07-13,CUST0270,P0055,S022,E020,2,60176.35,0.0,120352.7,0.0,120352.7,82849.7,37503.0,In-Store,Bank Transfer
ORD001958,2025-10-12,CUST0120,P0052,S004,E029,2,4336.15,0.05,8672.3,433.62,8238.68,6933.9,1304.78,In-Store,Credit Card
ORD001959,2026-06-11,CUST0163,P0066,S008,E024,2,82133.58,0.05,164267.16,8213.36,156053.8,118905.82,37147.98,Corporate,Credit Card
ORD001960,2026-06-08,CUST0334,P0049,S018,E025,4,40509.63,0.0,162038.52,0.0,162038.52,105430.44,56608.08,Corporate,Credit Card
ORD001961,2026-09-05,CUST0337,P0008,S017,E006,3,106538.57,0.15,319615.71,47942.36,271673.35,245766.69,25906.66,Online,Bank Transfer
ORD001962,2025-06-05,CUST0108,P0028,S023,E059,1,19050.23,0.15,19050.23,2857.53,16192.7,8891.34,7301.36,In-Store,Bank Transfer
ORD001963,2025-12-06,CUST0324,P0035,S003,E038,5,63575.83,0.05,317879.15,15893.96,301985.19,165846.15,136139.04,In-Store,UPI
ORD001964,2025-05-05,CUST0071,P0046,S018,E025,5,47296.99,0.05,236484.95,11824.25,224660.7,109266.7,115394.0,In-Store,Cash
ORD001965,2025-10-07,CUST0443,P0075,S001,E021,2,105485.48,0.0,210970.96,0.0,210970.96,138085.8,72885.16,Online,Credit Card
ORD001966,2026-09-14,CUST0175,P0055,S002,E049,10,59775.99,0.2,597759.9,119551.98,478207.92,414248.5,63959.42,Online,Cash
ORD001967,2026-10-20,CUST0002,P0064,S003,E038,1,62927.07,0.0,62927.07,0.0,62927.07,41701.22,21225.85,Online,Cash
ORD001968,2026-12-29,CUST0044,P0072,S015,E045,4,5507.24,0.0,22028.96,0.0,22028.96,12627.32,9401.64,Corporate,Cash
ORD001969,2026-11-05,CUST0032,P0020,S013,E004,5,62721.54,0.1,313607.7,31360.77,282246.93,183316.35,98930.58,In-Store,Bank Transfer
ORD001970,2025-05-08,CUST0478,P0017,S012,E040,4,63057.04,0.0,252228.16,0.0,252228.16,161711.72,90516.44,Online,Bank Transfer
ORD001971,2025-11-10,CUST0279,P0080,S008,E024,2,37680.01,0.15,75360.02,11304.0,64056.02,34610.84,29445.18,In-Store,Cash
ORD001972,2025-11-28,CUST0397,P0069,S025,E042,2,24682.24,0.0,49364.48,0.0,49364.48,40644.78,8719.7,In-Store,Credit Card
ORD001973,2025-05-30,CUST0191,P0025,S025,E007,3,116202.34,0.15,348607.02,52291.05,296315.97,185469.09,110846.88,In-Store,Credit Card
ORD001974,2026-03-30,CUST0420,P0077,S002,E018,2,3202.7,0.0,6405.4,0.0,6405.4,3456.48,2948.92,In-Store,Credit Card
ORD001975,2025-02-05,CUST0205,P0029,S017,E006,2,17193.91,0.0,34387.82,0.0,34387.82,22396.96,11990.86,In-Store,Credit Card
ORD001976,2026-11-16,CUST0435,P0076,S025,E042,5,58266.87,0.1,291334.35,29133.44,262200.91,140621.25,121579.66,Corporate,UPI
ORD001977,2026-02-24,CUST0159,P0035,S010,E002,3,65323.88,0.05,195971.64,9798.58,186173.06,99507.69,86665.37,In-Store,Bank Transfer
ORD001978,2025-01-22,CUST0111,P0008,S015,E039,2,105777.04,0.05,211554.08,10577.7,200976.38,163844.46,37131.92,In-Store,Credit Card
ORD001979,2025-07-25,CUST0263,P0023,S021,E027,1,62693.68,0.0,62693.68,0.0,62693.68,48488.44,14205.24,Online,UPI
ORD001980,2026-10-01,CUST0093,P0062,S015,E039,1,97594.78,0.2,97594.78,19518.96,78075.82,79294.19,-1218.37,Corporate,Bank Transfer
ORD001981,2025-12-22,CUST0244,P0016,S010,E034,1,42531.52,0.0,42531.52,0.0,42531.52,20470.35,22061.17,In-Store,Cash
ORD001982,2026-03-16,CUST0147,P0058,S016,E013,3,121027.79,0.05,363083.37,18154.17,344929.2,211844.91,133084.29,Corporate,Bank Transfer
ORD001983,2026-12-30,CUST0017,P0037,S011,E058,3,97230.29,0.2,291690.87,58338.17,233352.7,183115.2,50237.5,Online,UPI
ORD001984,2025-04-06,CUST0119,P0008,S011,E030,3,111344.5,0.0,334033.5,0.0,334033.5,245766.69,88266.81,In-Store,Cash
ORD001985,2025-06-13,CUST0407,P0005,S005,E017,3,67255.06,0.0,201765.18,0.0,201765.18,96219.0,105546.18,Online,Cash
ORD001986,2025-05-28,CUST0194,P0047,S011,E030,4,81217.13,0.0,324868.52,0.0,324868.52,269704.52,55164.0,Corporate,UPI
ORD001987,2026-06-14,CUST0002,P0073,S021,E008,1,85447.88,0.1,85447.88,8544.79,76903.09,44448.03,32455.06,In-Store,Credit Card
ORD001988,2025-10-21,CUST0309,P0063,S007,E050,2,37164.1,0.0,74328.2,0.0,74328.2,40533.58,33794.62,Online,Bank Transfer
ORD001989,2025-07-14,CUST0359,P0025,S015,E057,2,113144.76,0.0,226289.52,0.0,226289.52,123646.06,102643.46,Online,Cash
ORD001990,2026-10-25,CUST0146,P0075,S018,E025,1,100383.0,0.1,100383.0,10038.3,90344.7,69042.9,21301.8,In-Store,Bank Transfer
ORD001991,2026-04-25,CUST0086,P0067,S017,E006,4,65972.69,0.0,263890.76,0.0,263890.76,172279.52,91611.24,In-Store,Cash
ORD001992,2025-05-03,CUST0430,P0014,S015,E045,5,54733.01,0.0,273665.05,0.0,273665.05,178521.0,95144.05,Online,UPI
ORD001993,2026-02-04,CUST0048,P0057,S010,E002,5,41407.22,0.0,207036.1,0.0,207036.1,156844.2,50191.9,Corporate,Cash
ORD001994,2026-11-30,CUST0438,P0053,S008,E060,2,54960.79,0.05,109921.58,5496.08,104425.5,90074.7,14350.8,In-Store,Bank Transfer
ORD001995,2026-03-28,CUST0250,P0043,S008,E060,4,24469.61,0.0,97878.44,0.0,97878.44,73988.12,23890.32,Corporate,UPI
ORD001996,2026-10-23,CUST0290,P0025,S019,E009,3,113259.36,0.1,339778.08,33977.81,305800.27,185469.09,120331.18,In-Store,Credit Card
ORD001997,2025-04-14,CUST0238,P0046,S013,E004,5,48603.54,0.05,243017.7,12150.89,230866.81,109266.7,121600.11,In-Store,Credit Card
ORD001998,2026-04-07,CUST0197,P0058,S016,E013,2,113117.01,0.15,226234.02,33935.1,192298.92,141229.94,51068.98,In-Store,Bank Transfer
ORD001999,2026-12-19,CUST0317,P0064,S013,E056,1,59186.08,0.1,59186.08,5918.61,53267.47,41701.22,11566.25,In-Store,Bank Transfer
ORD002000,2026-12-11,CUST0192,P0075,S005,E017,10,102330.39,0.05,1023303.9,51165.2,972138.7,690429.0,281709.7,Online,Cash
ORD002001,2026-01-31,CUST0153,P0005,S006,E026,4,61649.06,0.1,246596.24,24659.62,221936.62,128292.0,93644.62,Online,Cash
ORD002002,2025-12-03,CUST0151,P0065,S010,E002,1,87690.54,0.1,87690.54,8769.05,78921.49,64330.13,14591.36,In-Store,Cash
ORD002003,2026-08-22,CUST0424,P0037,S004,E037,2,99028.96,0.0,198057.92,0.0,198057.92,122076.8,75981.12,In-Store,Bank Transfer
ORD002004,2025-05-22,CUST0309,P0033,S011,E055,1,10831.2,0.05,10831.2,541.56,10289.64,7183.05,3106.59,In-Store,UPI
ORD002005,2025-11-13,CUST0148,P0073,S003,E038,2,93007.37,0.0,186014.74,0.0,186014.74,88896.06,97118.68,In-Store,Cash
ORD002006,2026-12-12,CUST0217,P0059,S025,E007,5,69060.17,0.0,345300.85,0.0,345300.85,242250.95,103049.9,Online,UPI
ORD002007,2026-07-12,CUST0353,P0050,S014,E014,1,16211.96,0.0,16211.96,0.0,16211.96,11698.42,4513.54,In-Store,UPI
ORD002008,2026-06-11,CUST0138,P0006,S015,E045,2,86300.81,0.2,172601.62,34520.32,138081.3,108461.14,29620.16,In-Store,Cash
ORD002009,2026-07-10,CUST0208,P0007,S013,E004,2,59118.8,0.05,118237.6,5911.88,112325.72,77084.26,35241.46,In-Store,Bank Transfer
ORD002010,2026-02-05,CUST0086,P0052,S025,E042,3,4087.37,0.05,12262.11,613.11,11649.0,10400.85,1248.15,Corporate,Bank Transfer
ORD002011,2026-11-12,CUST0151,P0024,S011,E030,2,52735.66,0.05,105471.32,5273.57,100197.75,76386.92,23810.83,In-Store,Credit Card
ORD002012,2025-11-06,CUST0016,P0059,S025,E031,3,75215.42,0.05,225646.26,11282.31,214363.95,145350.57,69013.38,In-Store,Cash
ORD002013,2026-05-10,CUST0137,P0074,S011,E030,10,94620.01,0.05,946200.1,47310.0,898890.1,739934.3,158955.8,Online,UPI
ORD002014,2026-07-10,CUST0175,P0033,S015,E039,1,10291.66,0.05,10291.66,514.58,9777.08,7183.05,2594.03,Online,UPI
ORD002015,2026-09-02,CUST0001,P0036,S008,E060,1,66827.22,0.0,66827.22,0.0,66827.22,32609.95,34217.27,In-Store,UPI
ORD002016,2025-04-19,CUST0205,P0055,S018,E025,2,63157.05,0.05,126314.1,6315.71,119998.39,82849.7,37148.69,Online,Cash
ORD002017,2026-01-07,CUST0255,P0034,S004,E029,2,44694.82,0.0,89389.64,0.0,89389.64,55258.7,34130.94,Online,UPI
ORD002018,2026-09-08,CUST0026,P0008,S019,E009,5,109411.38,0.1,547056.9,54705.69,492351.21,409611.15,82740.06,In-Store,UPI
ORD002019,2025-07-25,CUST0497,P0024,S020,E053,1,53289.18,0.1,53289.18,5328.92,47960.26,38193.46,9766.8,Online,Bank Transfer
ORD002020,2025-02-12,CUST0214,P0009,S003,E038,1,42049.0,0.0,42049.0,0.0,42049.0,29720.6,12328.4,In-Store,Bank Transfer
ORD002021,2025-09-02,CUST0221,P0078,S010,E010,5,79345.62,0.05,396728.1,19836.4,376891.7,250489.7,126402.0,In-Store,Credit Card
ORD002022,2025-10-14,CUST0235,P0013,S007,E050,5,56012.93,0.15,280064.65,42009.7,238054.95,201200.15,36854.8,In-Store,Credit Card
ORD002023,2025-12-21,CUST0176,P0055,S013,E004,2,62477.55,0.05,124955.1,6247.76,118707.34,82849.7,35857.64,Corporate,Credit Card
ORD002024,2026-04-21,CUST0430,P0047,S017,E006,3,81418.9,0.1,244256.7,24425.67,219831.03,202278.39,17552.64,Corporate,Cash
ORD002025,2025-03-24,CUST0240,P0005,S001,E021,1,63510.17,0.05,63510.17,3175.51,60334.66,32073.0,28261.66,Online,Credit Card
ORD002026,2025-04-20,CUST0029,P0080,S001,E021,1,37571.21,0.05,37571.21,1878.56,35692.65,17305.42,18387.23,In-Store,Credit Card
ORD002027,2025-07-09,CUST0172,P0019,S013,E004,1,42445.08,0.05,42445.08,2122.25,40322.83,21217.74,19105.09,In-Store,Credit Card
ORD002028,2025-09-08,CUST0155,P0045,S019,E009,2,91109.51,0.1,182219.02,18221.9,163997.12,117965.78,46031.34,In-Store,Credit Card
ORD002029,2026-12-25,CUST0219,P0014,S008,E060,3,53081.59,0.1,159244.77,15924.48,143320.29,107112.6,36207.69,In-Store,Credit Card
ORD002030,2025-10-18,CUST0087,P0004,S007,E050,2,87927.17,0.2,175854.34,35170.87,140683.47,115643.58,25039.89,In-Store,Cash
ORD002031,2026-10-07,CUST0246,P0031,S008,E060,3,43504.97,0.05,130514.91,6525.75,123989.16,85182.69,38806.47,Corporate,Credit Card
ORD002032,2025-07-20,CUST0025,P0011,S021,E047,1,52978.21,0.15,52978.21,7946.73,45031.48,36174.07,8857.41,In-Store,Credit Card
ORD002033,2025-11-22,CUST0049,P0036,S015,E048,5,65107.33,0.05,325536.65,16276.83,309259.82,163049.75,146210.07,Corporate,Cash
ORD002034,2026-05-26,CUST0146,P0052,S018,E025,1,4199.9,0.05,4199.9,210.0,3989.9,3466.95,522.95,Online,Bank Transfer
ORD002035,2026-02-13,CUST0299,P0063,S011,E055,5,36448.9,0.0,182244.5,0.0,182244.5,101333.95,80910.55,In-Store,UPI
ORD002036,2026-08-30,CUST0048,P0016,S003,E038,3,44002.87,0.0,132008.61,0.0,132008.61,61411.05,70597.56,Corporate,Credit Card
ORD002037,2026-05-23,CUST0234,P0075,S006,E026,1,98705.47,0.0,98705.47,0.0,98705.47,69042.9,29662.57,Online,UPI
ORD002038,2026-08-24,CUST0492,P0040,S010,E034,2,116612.2,0.1,233224.4,23322.44,209901.96,153087.16,56814.8,In-Store,Credit Card
ORD002039,2025-03-13,CUST0199,P0029,S009,E019,3,18020.57,0.0,54061.71,0.0,54061.71,33595.44,20466.27,Online,Cash
ORD002040,2025-09-04,CUST0268,P0027,S006,E043,4,5010.24,0.15,20040.96,3006.14,17034.82,8875.56,8159.26,In-Store,Cash
ORD002041,2026-10-03,CUST0041,P0017,S018,E025,2,61852.38,0.1,123704.76,12370.48,111334.28,80855.86,30478.42,In-Store,Cash
ORD002042,2026-12-25,CUST0499,P0044,S008,E024,1,108123.8,0.0,108123.8,0.0,108123.8,71845.89,36277.91,In-Store,Credit Card
ORD002043,2026-08-31,CUST0397,P0050,S006,E043,1,15081.44,0.05,15081.44,754.07,14327.37,11698.42,2628.95,In-Store,Credit Card
ORD002044,2026-08-10,CUST0155,P0011,S001,E021,1,52807.53,0.05,52807.53,2640.38,50167.15,36174.07,13993.08,In-Store,Credit Card
ORD002045,2026-07-20,CUST0133,P0051,S013,E004,3,99121.78,0.05,297365.34,14868.27,282497.07,157304.64,125192.43,In-Store,Credit Card
ORD002046,2025-12-10,CUST0134,P0026,S001,E021,2,64517.85,0.1,129035.7,12903.57,116132.13,63899.74,52232.39,In-Store,Cash
ORD002047,2025-02-23,CUST0401,P0048,S006,E026,5,110455.73,0.1,552278.65,55227.87,497050.78,456971.0,40079.78,Online,Bank Transfer
ORD002048,2026-12-31,CUST0204,P0056,S021,E003,2,46516.01,0.15,93032.02,13954.8,79077.22,59490.4,19586.82,In-Store,Cash
ORD002049,2026-06-12,CUST0123,P0024,S020,E053,2,55399.54,0.05,110799.08,5539.95,105259.13,76386.92,28872.21,In-Store,UPI
ORD002050,2026-09-03,CUST0171,P0047,S011,E058,1,85535.42,0.15,85535.42,12830.31,72705.11,67426.13,5278.98,In-Store,UPI
ORD002051,2026-06-16,CUST0487,P0078,S004,E037,10,76177.72,0.1,761777.2,76177.72,685599.48,500979.4,184620.08,Online,UPI
ORD002052,2026-07-12,CUST0340,P0039,S021,E008,10,7117.78,0.05,71177.8,3558.89,67618.91,40942.5,26676.41,In-Store,UPI
ORD002053,2025-07-12,CUST0428,P0079,S025,E042,1,875.36,0.1,875.36,87.54,787.82,431.07,356.75,Online,UPI
ORD002054,2025-02-27,CUST0185,P0051,S004,E037,2,92849.55,0.0,185699.1,0.0,185699.1,104869.76,80829.34,In-Store,UPI
ORD002055,2026-03-13,CUST0195,P0042,S010,E002,1,51558.71,0.1,51558.71,5155.87,46402.84,36290.68,10112.16,Online,Bank Transfer
ORD002056,2025-04-21,CUST0489,P0033,S004,E029,10,10655.16,0.0,106551.6,0.0,106551.6,71830.5,34721.1,In-Store,Bank Transfer
ORD002057,2025-05-09,CUST0377,P0037,S025,E007,1,96800.29,0.0,96800.29,0.0,96800.29,61038.4,35761.89,Online,Cash
ORD002058,2026-12-07,CUST0442,P0069,S007,E050,1,24541.83,0.1,24541.83,2454.18,22087.65,20322.39,1765.26,In-Store,Credit Card
ORD002059,2025-11-22,CUST0142,P0021,S023,E022,1,39170.55,0.1,39170.55,3917.06,35253.49,19666.28,15587.21,In-Store,Bank Transfer
ORD002060,2025-01-08,CUST0432,P0034,S024,E041,1,48674.06,0.1,48674.06,4867.41,43806.65,27629.35,16177.3,In-Store,UPI
ORD002061,2025-01-29,CUST0119,P0034,S023,E059,3,45257.96,0.1,135773.88,13577.39,122196.49,82888.05,39308.44,Online,Bank Transfer
ORD002062,2025-04-22,CUST0434,P0019,S016,E013,5,42038.58,0.05,210192.9,10509.65,199683.25,106088.7,93594.55,Online,Credit Card
ORD002063,2026-11-04,CUST0059,P0054,S008,E060,2,69436.0,0.0,138872.0,0.0,138872.0,83437.18,55434.82,Corporate,Bank Transfer
ORD002064,2025-05-11,CUST0286,P0028,S002,E023,1,19800.14,0.0,19800.14,0.0,19800.14,8891.34,10908.8,In-Store,Credit Card
ORD002065,2025-07-07,CUST0031,P0018,S017,E006,1,76743.72,0.0,76743.72,0.0,76743.72,36444.74,40298.98,Online,Bank Transfer
ORD002066,2026-11-06,CUST0249,P0029,S010,E034,3,17644.59,0.05,52933.77,2646.69,50287.08,33595.44,16691.64,In-Store,Cash
ORD002067,2026-12-10,CUST0330,P0056,S019,E009,1,48414.94,0.05,48414.94,2420.75,45994.19,29745.2,16248.99,Online,Credit Card
ORD002068,2026-04-20,CUST0408,P0049,S021,E003,2,43022.5,0.1,86045.0,8604.5,77440.5,52715.22,24725.28,In-Store,Cash
ORD002069,2025-12-30,CUST0028,P0043,S006,E026,2,26075.45,0.1,52150.9,5215.09,46935.81,36994.06,9941.75,In-Store,Cash
ORD002070,2025-07-23,CUST0183,P0060,S012,E033,2,119972.28,0.1,239944.56,23994.46,215950.1,119321.54,96628.56,In-Store,Cash
ORD002071,2025-07-31,CUST0172,P0075,S012,E040,1,96775.72,0.05,96775.72,4838.79,91936.93,69042.9,22894.03,In-Store,Bank Transfer
ORD002072,2026-09-13,CUST0418,P0057,S022,E020,3,43122.6,0.05,129367.8,6468.39,122899.41,94106.52,28792.89,Online,Credit Card
ORD002073,2025-10-03,CUST0273,P0004,S002,E018,3,85412.88,0.05,256238.64,12811.93,243426.71,173465.37,69961.34,Corporate,Bank Transfer
ORD002074,2025-03-14,CUST0493,P0047,S018,E025,2,85577.09,0.1,171154.18,17115.42,154038.76,134852.26,19186.5,Online,UPI
ORD002075,2026-11-10,CUST0120,P0045,S009,E016,10,98133.26,0.1,981332.6,98133.26,883199.34,589828.9,293370.44,Corporate,UPI
ORD002076,2025-08-31,CUST0016,P0013,S006,E043,10,54454.35,0.15,544543.5,81681.52,462861.98,402400.3,60461.68,Corporate,Bank Transfer
ORD002077,2025-04-12,CUST0323,P0030,S021,E008,5,111488.99,0.05,557444.9500000001,27872.25,529572.7,264661.2,264911.5,Corporate,UPI
ORD002078,2026-11-16,CUST0010,P0078,S024,E041,2,73299.19,0.2,146598.38,29319.68,117278.7,100195.88,17082.82,In-Store,Credit Card
ORD002079,2025-06-20,CUST0036,P0074,S020,E053,2,102078.64,0.1,204157.28,20415.73,183741.55,147986.86,35754.69,Corporate,UPI
ORD002080,2026-10-15,CUST0306,P0032,S003,E038,2,75434.85,0.15,150869.7,22630.46,128239.24,110067.3,18171.94,Online,Credit Card
ORD002081,2025-07-07,CUST0186,P0022,S019,E009,4,73427.02,0.05,293708.08,14685.4,279022.68,140295.36,138727.32,In-Store,Cash
ORD002082,2026-03-17,CUST0194,P0030,S002,E023,2,108901.29,0.2,217802.58,43560.52,174242.06,105864.48,68377.58,In-Store,Cash
ORD002083,2025-03-27,CUST0281,P0062,S006,E043,4,100205.94,0.0,400823.76,0.0,400823.76,317176.76,83647.0,Online,Credit Card
ORD002084,2026-04-21,CUST0233,P0023,S008,E024,2,64597.6,0.1,129195.2,12919.52,116275.68,96976.88,19298.8,In-Store,Bank Transfer
ORD002085,2025-02-21,CUST0256,P0011,S025,E001,2,53573.6,0.0,107147.2,0.0,107147.2,72348.14,34799.06,Corporate,Cash
ORD002086,2025-04-21,CUST0314,P0060,S024,E005,2,114873.5,0.0,229747.0,0.0,229747.0,119321.54,110425.46,Corporate,Cash
ORD002087,2025-02-12,CUST0161,P0064,S002,E023,2,61551.37,0.15,123102.74,18465.41,104637.33,83402.44,21234.89,In-Store,UPI
ORD002088,2025-07-30,CUST0491,P0051,S002,E049,2,92585.88,0.0,185171.76,0.0,185171.76,104869.76,80302.0,Online,Cash
ORD002089,2025-07-19,CUST0380,P0002,S004,E037,1,15975.86,0.05,15975.86,798.79,15177.07,8228.93,6948.14,Corporate,Credit Card
ORD002090,2026-09-19,CUST0050,P0064,S022,E032,1,58861.45,0.0,58861.45,0.0,58861.45,41701.22,17160.23,In-Store,Credit Card
ORD002091,2025-01-26,CUST0122,P0004,S015,E048,3,85467.37,0.1,256402.11,25640.21,230761.9,173465.37,57296.53,In-Store,Bank Transfer
ORD002092,2025-10-26,CUST0030,P0018,S019,E009,1,76139.44,0.1,76139.44,7613.94,68525.5,36444.74,32080.76,In-Store,Bank Transfer
ORD002093,2025-03-18,CUST0333,P0042,S009,E016,1,51348.04,0.05,51348.04,2567.4,48780.64,36290.68,12489.96,In-Store,UPI
ORD002094,2025-05-17,CUST0381,P0029,S014,E014,1,18424.54,0.15,18424.54,2763.68,15660.86,11198.48,4462.38,In-Store,Credit Card
ORD002095,2025-01-20,CUST0195,P0039,S008,E060,1,7252.7,0.0,7252.7,0.0,7252.7,4094.25,3158.45,In-Store,Credit Card
ORD002096,2026-03-16,CUST0050,P0049,S012,E046,2,44394.89,0.0,88789.78,0.0,88789.78,52715.22,36074.56,Corporate,UPI
ORD002097,2025-07-30,CUST0393,P0061,S012,E046,10,6935.77,0.15,69357.70000000001,10403.66,58954.04,32749.5,26204.54,Online,Cash
ORD002098,2026-07-05,CUST0123,P0080,S015,E048,1,37799.04,0.1,37799.04,3779.9,34019.14,17305.42,16713.72,In-Store,Cash
ORD002099,2026-03-11,CUST0051,P0064,S020,E053,2,61352.09,0.05,122704.18,6135.21,116568.97,83402.44,33166.53,In-Store,UPI
ORD002100,2025-07-26,CUST0220,P0024,S012,E054,5,54448.84,0.2,272244.2,54448.84,217795.36,190967.3,26828.06,In-Store,Credit Card
ORD002101,2026-03-15,CUST0495,P0080,S011,E055,2,35405.01,0.05,70810.02,3540.5,67269.52,34610.84,32658.68,In-Store,Bank Transfer
ORD002102,2026-10-28,CUST0413,P0010,S010,E002,2,8571.03,0.0,17142.06,0.0,17142.06,9706.72,7435.34,Online,UPI
ORD002103,2025-02-11,CUST0456,P0034,S016,E013,3,48654.0,0.0,145962.0,0.0,145962.0,82888.05,63073.95,Online,Credit Card
ORD002104,2026-02-15,CUST0277,P0030,S009,E012,1,112632.15,0.1,112632.15,11263.22,101368.93,52932.24,48436.69,Corporate,Credit Card
ORD002105,2026-06-07,CUST0269,P0055,S007,E050,2,61755.34,0.1,123510.68,12351.07,111159.61,82849.7,28309.91,Online,UPI
ORD002106,2026-09-02,CUST0149,P0018,S022,E028,1,80754.21,0.1,80754.21,8075.42,72678.79,36444.74,36234.05,In-Store,Bank Transfer
ORD002107,2026-03-03,CUST0429,P0061,S009,E012,5,7468.4,0.0,37342.0,0.0,37342.0,16374.75,20967.25,Online,UPI
ORD002108,2025-10-02,CUST0307,P0003,S005,E035,3,108070.51,0.1,324211.53,32421.15,291790.38,226503.6,65286.78,In-Store,UPI
ORD002109,2026-03-24,CUST0377,P0038,S013,E056,4,99600.1,0.0,398400.4,0.0,398400.4,281852.32,116548.08,In-Store,UPI
ORD002110,2026-01-04,CUST0435,P0019,S025,E007,2,39800.13,0.2,79600.26,15920.05,63680.21,42435.48,21244.73,Online,Cash
ORD002111,2025-08-08,CUST0340,P0072,S007,E050,1,5294.55,0.05,5294.55,264.73,5029.82,3156.83,1872.99,Online,Credit Card
ORD002112,2026-07-31,CUST0272,P0025,S003,E038,3,118651.89,0.05,355955.67,17797.78,338157.89,185469.09,152688.8,In-Store,UPI
ORD002113,2025-08-20,CUST0211,P0058,S020,E053,3,116660.44,0.0,349981.32,0.0,349981.32,211844.91,138136.41,In-Store,Cash
ORD002114,2025-11-24,CUST0049,P0014,S017,E006,2,54445.63,0.1,108891.26,10889.13,98002.13,71408.4,26593.73,In-Store,UPI
ORD002115,2026-03-19,CUST0407,P0020,S018,E025,5,63401.81,0.0,317009.05,0.0,317009.05,183316.35,133692.7,Corporate,Cash
ORD002116,2025-02-21,CUST0328,P0043,S022,E011,3,24061.18,0.15,72183.54000000001,10827.53,61356.01,55491.09,5864.92,In-Store,Bank Transfer
ORD002117,2026-01-11,CUST0448,P0069,S001,E021,2,26320.61,0.05,52641.22,2632.06,50009.16,40644.78,9364.38,Corporate,UPI
ORD002118,2025-09-20,CUST0185,P0033,S007,E050,2,11224.15,0.05,22448.3,1122.42,21325.88,14366.1,6959.78,In-Store,UPI
ORD002119,2025-09-24,CUST0403,P0054,S013,E056,3,73873.56,0.0,221620.68,0.0,221620.68,125155.77,96464.91,Online,UPI
ORD002120,2025-12-25,CUST0225,P0038,S025,E007,2,103050.34,0.1,206100.68,20610.07,185490.61,140926.16,44564.45,In-Store,Bank Transfer
ORD002121,2025-11-13,CUST0327,P0074,S013,E004,2,98374.53,0.1,196749.06,19674.91,177074.15,147986.86,29087.29,In-Store,Credit Card
ORD002122,2025-11-20,CUST0338,P0010,S025,E007,2,8241.83,0.1,16483.66,1648.37,14835.29,9706.72,5128.57,In-Store,Cash
ORD002123,2026-10-28,CUST0230,P0070,S006,E043,3,123443.06,0.1,370329.18,37032.92,333296.26,185432.43,147863.83,In-Store,Cash
ORD002124,2026-10-14,CUST0494,P0037,S011,E058,4,96025.38,0.1,384101.52,38410.15,345691.37,244153.6,101537.77,In-Store,Credit Card
ORD002125,2026-07-17,CUST0175,P0076,S022,E032,4,58893.79,0.05,235575.16,11778.76,223796.4,112497.0,111299.4,Online,Bank Transfer
ORD002126,2026-09-21,CUST0403,P0026,S003,E038,2,64388.4,0.1,128776.8,12877.68,115899.12,63899.74,51999.38,Online,Credit Card
ORD002127,2026-02-25,CUST0206,P0010,S025,E001,1,8284.16,0.0,8284.16,0.0,8284.16,4853.36,3430.8,Corporate,Bank Transfer
ORD002128,2025-02-15,CUST0368,P0042,S023,E052,2,53327.95,0.1,106655.9,10665.59,95990.31,72581.36,23408.95,Online,Credit Card
ORD002129,2026-08-23,CUST0351,P0006,S007,E050,2,79747.08,0.0,159494.16,0.0,159494.16,108461.14,51033.02,In-Store,Credit Card
ORD002130,2026-12-21,CUST0196,P0039,S009,E015,1,6936.74,0.0,6936.74,0.0,6936.74,4094.25,2842.49,In-Store,Bank Transfer
ORD002131,2025-09-26,CUST0196,P0075,S008,E024,2,103235.05,0.0,206470.1,0.0,206470.1,138085.8,68384.3,Corporate,Bank Transfer
ORD002132,2026-08-24,CUST0256,P0068,S010,E034,1,42566.48,0.1,42566.48,4256.65,38309.83,32356.54,5953.29,In-Store,Bank Transfer
ORD002133,2026-01-16,CUST0453,P0072,S020,E053,4,5388.57,0.0,21554.28,0.0,21554.28,12627.32,8926.96,In-Store,Cash
ORD002134,2025-04-28,CUST0197,P0018,S003,E038,1,76349.37,0.05,76349.37,3817.47,72531.9,36444.74,36087.16,Online,Bank Transfer
ORD002135,2026-07-20,CUST0169,P0012,S023,E022,1,67849.05,0.05,67849.05,3392.45,64456.6,50183.01,14273.59,Online,UPI
ORD002136,2025-04-26,CUST0007,P0069,S013,E004,3,24445.46,0.05,73336.38,3666.82,69669.56,60967.17,8702.39,In-Store,Credit Card
ORD002137,2026-09-22,CUST0315,P0030,S023,E022,1,111947.7,0.05,111947.7,5597.38,106350.32,52932.24,53418.08,In-Store,UPI
ORD002138,2025-09-17,CUST0280,P0031,S015,E045,2,43818.68,0.05,87637.36,4381.87,83255.49,56788.46,26467.03,In-Store,Cash
ORD002139,2025-03-16,CUST0489,P0028,S020,E053,2,20246.29,0.0,40492.58,0.0,40492.58,17782.68,22709.9,In-Store,Bank Transfer
ORD002140,2026-04-25,CUST0036,P0040,S005,E017,4,116388.27,0.0,465553.08,0.0,465553.08,306174.32,159378.76,In-Store,Bank Transfer
ORD002141,2025-11-01,CUST0377,P0056,S002,E018,3,45628.66,0.05,136885.98,6844.3,130041.68,89235.6,40806.08,In-Store,UPI
ORD002142,2025-01-07,CUST0196,P0079,S008,E024,2,838.63,0.0,1677.26,0.0,1677.26,862.14,815.12,In-Store,Credit Card
ORD002143,2026-01-01,CUST0160,P0016,S021,E003,10,43405.71,0.1,434057.1,43405.71,390651.39,204703.5,185947.89,Online,UPI
ORD002144,2026-09-26,CUST0153,P0035,S016,E013,1,67123.85,0.0,67123.85,0.0,67123.85,33169.23,33954.62,In-Store,Bank Transfer
ORD002145,2026-06-07,CUST0413,P0018,S003,E038,1,78645.39,0.1,78645.39,7864.54,70780.85,36444.74,34336.11,Online,Credit Card
ORD002146,2025-12-14,CUST0486,P0033,S011,E055,5,10797.37,0.05,53986.85000000001,2699.34,51287.51,35915.25,15372.26,In-Store,Bank Transfer
ORD002147,2026-03-14,CUST0046,P0057,S010,E034,2,45632.76,0.1,91265.52,9126.55,82138.97,62737.68,19401.29,Corporate,UPI
ORD002148,2025-08-03,CUST0045,P0035,S021,E003,1,64709.54,0.1,64709.54,6470.95,58238.59,33169.23,25069.36,Online,Cash
ORD002149,2026-03-05,CUST0414,P0047,S022,E020,1,85900.94,0.05,85900.94,4295.05,81605.89,67426.13,14179.76,Online,Bank Transfer
ORD002150,2026-05-13,CUST0368,P0001,S003,E038,4,73108.31,0.0,292433.24,0.0,292433.24,128340.44,164092.8,Online,Credit Card
ORD002151,2026-06-24,CUST0207,P0008,S009,E015,4,105831.6,0.0,423326.4,0.0,423326.4,327688.92,95637.48,In-Store,UPI
ORD002152,2026-01-02,CUST0371,P0047,S016,E013,4,85805.97,0.0,343223.88,0.0,343223.88,269704.52,73519.36,Online,Credit Card
ORD002153,2025-11-09,CUST0315,P0065,S024,E041,10,91978.16,0.1,919781.6000000001,91978.16,827803.44,643301.3,184502.14,In-Store,Cash
ORD002154,2026-06-22,CUST0304,P0006,S009,E019,2,81308.93,0.0,162617.86,0.0,162617.86,108461.14,54156.72,Online,Credit Card
ORD002155,2025-02-23,CUST0339,P0045,S019,E009,2,95083.86,0.05,190167.72,9508.39,180659.33,117965.78,62693.55,Corporate,Cash
ORD002156,2026-06-25,CUST0233,P0080,S010,E010,2,34380.88,0.0,68761.76,0.0,68761.76,34610.84,34150.92,In-Store,UPI
ORD002157,2026-04-12,CUST0147,P0009,S025,E031,3,41053.01,0.1,123159.03,12315.9,110843.13,89161.8,21681.33,In-Store,Cash
ORD002158,2025-06-13,CUST0083,P0074,S011,E055,1,97196.43,0.0,97196.43,0.0,97196.43,73993.43,23203.0,Online,Cash
ORD002159,2025-11-30,CUST0065,P0076,S012,E040,10,57169.93,0.2,571699.3,114339.86,457359.44,281242.5,176116.94,In-Store,UPI
ORD002160,2026-07-01,CUST0111,P0007,S001,E021,4,56333.55,0.05,225334.2,11266.71,214067.49,154168.52,59898.97,In-Store,Credit Card
ORD002161,2025-12-14,CUST0195,P0004,S003,E038,2,86615.04,0.0,173230.08,0.0,173230.08,115643.58,57586.5,Corporate,UPI
ORD002162,2025-09-30,CUST0072,P0034,S014,E014,4,46456.08,0.05,185824.32,9291.22,176533.1,110517.4,66015.7,Online,Credit Card
ORD002163,2026-12-21,CUST0472,P0080,S014,E014,2,35466.51,0.05,70933.02,3546.65,67386.37,34610.84,32775.53,In-Store,Bank Transfer
ORD002164,2026-02-18,CUST0452,P0043,S009,E012,3,24407.57,0.0,73222.70999999999,0.0,73222.71,55491.09,17731.62,Corporate,Cash
ORD002165,2026-05-15,CUST0209,P0051,S013,E056,1,92358.22,0.0,92358.22,0.0,92358.22,52434.88,39923.34,Online,Cash
ORD002166,2025-04-03,CUST0224,P0057,S016,E013,10,45112.56,0.0,451125.6,0.0,451125.6,313688.4,137437.2,In-Store,Cash
ORD002167,2026-11-16,CUST0326,P0020,S025,E042,4,62837.74,0.2,251350.96,50270.19,201080.77,146653.08,54427.69,In-Store,Bank Transfer
ORD002168,2025-03-20,CUST0372,P0040,S015,E039,10,113845.33,0.0,1138453.3,0.0,1138453.3,765435.8,373017.5,Online,UPI
ORD002169,2026-09-14,CUST0046,P0003,S005,E035,3,102487.86,0.05,307463.58,15373.18,292090.4,226503.6,65586.8,In-Store,Cash
ORD002170,2025-08-05,CUST0459,P0070,S011,E058,10,123159.4,0.05,1231594.0,61579.7,1170014.3,618108.1,551906.2,In-Store,UPI
ORD002171,2025-12-24,CUST0402,P0039,S012,E046,2,7033.61,0.1,14067.22,1406.72,12660.5,8188.5,4472.0,In-Store,UPI
ORD002172,2026-09-10,CUST0189,P0032,S008,E060,1,69655.92,0.0,69655.92,0.0,69655.92,55033.65,14622.27,In-Store,UPI
ORD002173,2026-05-22,CUST0402,P0052,S007,E050,3,4355.88,0.05,13067.64,653.38,12414.26,10400.85,2013.41,Online,Bank Transfer
ORD002174,2026-07-13,CUST0428,P0054,S006,E043,5,68774.56,0.0,343872.8,0.0,343872.8,208592.95,135279.85,Corporate,UPI
ORD002175,2025-06-30,CUST0472,P0014,S001,E021,1,52216.76,0.2,52216.76,10443.35,41773.41,35704.2,6069.21,Corporate,Cash
ORD002176,2026-07-30,CUST0077,P0062,S020,E053,3,103152.45,0.1,309457.35,30945.74,278511.61,237882.57,40629.04,In-Store,Cash
ORD002177,2025-09-03,CUST0346,P0046,S010,E002,5,48591.61,0.15,242958.05,36443.71,206514.34,109266.7,97247.64,Online,Credit Card
ORD002178,2025-09-01,CUST0439,P0061,S010,E010,2,6995.6,0.1,13991.2,1399.12,12592.08,6549.9,6042.18,In-Store,Credit Card
ORD002179,2026-05-21,CUST0497,P0062,S025,E001,2,101339.4,0.15,202678.8,30401.82,172276.98,158588.38,13688.6,Online,Credit Card
ORD002180,2026-02-26,CUST0325,P0038,S006,E043,3,97070.84,0.0,291212.52,0.0,291212.52,211389.24,79823.28,Online,UPI
ORD002181,2025-11-16,CUST0349,P0054,S002,E018,2,69533.06,0.1,139066.12,13906.61,125159.51,83437.18,41722.33,In-Store,Cash
ORD002182,2025-03-28,CUST0321,P0074,S016,E013,2,97636.49,0.2,195272.98,39054.6,156218.38,147986.86,8231.52,In-Store,Bank Transfer
ORD002183,2025-08-05,CUST0274,P0055,S008,E060,4,61935.83,0.0,247743.32,0.0,247743.32,165699.4,82043.92,In-Store,Bank Transfer
ORD002184,2026-05-05,CUST0386,P0074,S005,E035,2,97499.41,0.15,194998.82,29249.82,165749.0,147986.86,17762.14,Corporate,UPI
ORD002185,2026-06-03,CUST0059,P0074,S004,E037,3,99105.89,0.2,297317.67,59463.53,237854.14,221980.29,15873.85,In-Store,UPI
ORD002186,2025-10-05,CUST0314,P0031,S012,E046,1,45002.62,0.1,45002.62,4500.26,40502.36,28394.23,12108.13,In-Store,UPI
ORD002187,2026-12-23,CUST0215,P0048,S014,E014,1,113632.42,0.1,113632.42,11363.24,102269.18,91394.2,10874.98,Online,Credit Card
ORD002188,2025-06-18,CUST0466,P0021,S016,E013,5,41590.88,0.0,207954.4,0.0,207954.4,98331.4,109623.0,Corporate,Bank Transfer
ORD002189,2025-11-26,CUST0050,P0013,S006,E043,2,55376.24,0.1,110752.48,11075.25,99677.23,80480.06,19197.17,Online,Credit Card
ORD002190,2026-10-12,CUST0324,P0062,S017,E006,3,101566.77,0.1,304700.31,30470.03,274230.28,237882.57,36347.71,Online,Credit Card
ORD002191,2026-03-17,CUST0344,P0039,S021,E051,1,7238.29,0.05,7238.29,361.91,6876.38,4094.25,2782.13,In-Store,UPI
ORD002192,2026-01-26,CUST0246,P0022,S021,E047,10,69982.87,0.05,699828.7,34991.44,664837.26,350738.4,314098.86,Online,Credit Card
ORD002193,2026-05-11,CUST0037,P0076,S018,E025,4,59736.45,0.15,238945.8,35841.87,203103.93,112497.0,90606.93,In-Store,Bank Transfer
ORD002194,2026-01-16,CUST0433,P0035,S004,E029,2,65436.32,0.0,130872.64,0.0,130872.64,66338.46,64534.18,In-Store,Bank Transfer
ORD002195,2025-11-02,CUST0471,P0009,S003,E038,2,40560.6,0.15,81121.2,12168.18,68953.02,59441.2,9511.82,In-Store,UPI
ORD002196,2026-11-04,CUST0466,P0001,S003,E038,1,69116.49,0.1,69116.49,6911.65,62204.84,32085.11,30119.73,Corporate,Credit Card
ORD002197,2026-05-28,CUST0259,P0018,S010,E034,1,75435.77,0.0,75435.77,0.0,75435.77,36444.74,38991.03,In-Store,Cash
ORD002198,2025-07-07,CUST0421,P0036,S003,E038,1,63495.06,0.15,63495.06,9524.26,53970.8,32609.95,21360.85,Online,Credit Card
ORD002199,2026-05-31,CUST0365,P0061,S024,E005,5,7019.79,0.1,35098.95,3509.9,31589.05,16374.75,15214.3,Online,Cash
ORD002200,2026-10-06,CUST0060,P0047,S008,E024,3,84538.56,0.05,253615.68,12680.78,240934.9,202278.39,38656.51,Online,Cash
ORD002201,2026-03-03,CUST0206,P0080,S015,E045,3,36389.36,0.1,109168.08,10916.81,98251.27,51916.26,46335.01,In-Store,Cash
ORD002202,2026-05-17,CUST0239,P0068,S021,E051,10,42265.98,0.1,422659.8,42265.98,380393.82,323565.4,56828.42,In-Store,Cash
ORD002203,2026-12-31,CUST0293,P0030,S025,E031,2,111982.22,0.0,223964.44,0.0,223964.44,105864.48,118099.96,Corporate,Credit Card
ORD002204,2025-09-17,CUST0455,P0042,S007,E050,3,53459.77,0.1,160379.31,16037.93,144341.38,108872.04,35469.34,Corporate,Bank Transfer
ORD002205,2026-05-28,CUST0176,P0005,S021,E051,2,66504.32,0.15,133008.64,19951.3,113057.34,64146.0,48911.34,In-Store,Cash
ORD002206,2025-03-12,CUST0006,P0023,S001,E021,2,66188.42,0.05,132376.84,6618.84,125758.0,96976.88,28781.12,Online,UPI
ORD002207,2026-04-23,CUST0276,P0008,S013,E004,1,110807.05,0.1,110807.05,11080.71,99726.34,81922.23,17804.11,In-Store,UPI
ORD002208,2025-06-27,CUST0372,P0036,S021,E051,4,66618.66,0.0,266474.64,0.0,266474.64,130439.8,136034.84,In-Store,Credit Card
ORD002209,2026-04-02,CUST0145,P0013,S023,E052,1,52034.46,0.05,52034.46,2601.72,49432.74,40240.03,9192.71,Online,UPI
ORD002210,2025-07-08,CUST0472,P0048,S012,E033,2,118012.0,0.0,236024.0,0.0,236024.0,182788.4,53235.6,Online,Cash
ORD002211,2025-10-18,CUST0341,P0054,S007,E050,2,68635.57,0.0,137271.14,0.0,137271.14,83437.18,53833.96,Online,Bank Transfer
ORD002212,2026-06-04,CUST0379,P0031,S003,E038,2,47077.44,0.0,94154.88,0.0,94154.88,56788.46,37366.42,Online,UPI
ORD002213,2025-10-19,CUST0302,P0021,S021,E008,2,39648.21,0.05,79296.42,3964.82,75331.6,39332.56,35999.04,In-Store,Cash
ORD002214,2026-09-27,CUST0135,P0070,S002,E049,1,121365.67,0.1,121365.67,12136.57,109229.1,61810.81,47418.29,In-Store,Bank Transfer
ORD002215,2025-10-10,CUST0170,P0022,S018,E025,1,71019.63,0.0,71019.63,0.0,71019.63,35073.84,35945.79,Corporate,Cash
ORD002216,2026-06-28,CUST0118,P0013,S005,E017,2,52183.7,0.2,104367.4,20873.48,83493.92,80480.06,3013.86,Online,Cash
ORD002217,2026-01-12,CUST0396,P0034,S002,E049,3,46102.5,0.0,138307.5,0.0,138307.5,82888.05,55419.45,Online,UPI
ORD002218,2026-10-20,CUST0005,P0015,S002,E018,3,50180.54,0.0,150541.62,0.0,150541.62,88584.12,61957.5,In-Store,Credit Card
ORD002219,2025-06-05,CUST0399,P0034,S010,E034,2,46986.61,0.05,93973.22,4698.66,89274.56,55258.7,34015.86,In-Store,Credit Card
ORD002220,2026-05-23,CUST0014,P0058,S007,E050,3,115752.23,0.0,347256.69,0.0,347256.69,211844.91,135411.78,Online,Cash
ORD002221,2026-02-17,CUST0279,P0033,S024,E041,1,11184.43,0.0,11184.43,0.0,11184.43,7183.05,4001.38,Corporate,Credit Card
ORD002222,2026-06-12,CUST0060,P0061,S025,E042,3,7077.72,0.0,21233.16,0.0,21233.16,9824.85,11408.31,In-Store,Bank Transfer
ORD002223,2025-12-21,CUST0286,P0078,S024,E005,1,77304.82,0.15,77304.82,11595.72,65709.1,50097.94,15611.16,In-Store,Bank Transfer
ORD002224,2026-07-13,CUST0100,P0008,S023,E059,5,111042.06,0.0,555210.3,0.0,555210.3,409611.15,145599.15,In-Store,UPI
ORD002225,2025-07-06,CUST0193,P0022,S012,E040,2,72261.48,0.05,144522.96,7226.15,137296.81,70147.68,67149.13,In-Store,Credit Card
ORD002226,2025-01-31,CUST0001,P0056,S020,E053,2,46058.98,0.05,92117.96,4605.9,87512.06,59490.4,28021.66,Online,UPI
ORD002227,2025-09-17,CUST0068,P0077,S010,E010,5,2997.03,0.05,14985.15,749.26,14235.89,8641.2,5594.69,In-Store,Bank Transfer
ORD002228,2026-02-25,CUST0013,P0006,S002,E023,2,87427.66,0.1,174855.32,17485.53,157369.79,108461.14,48908.65,In-Store,Credit Card
ORD002229,2026-06-13,CUST0232,P0036,S010,E034,1,61782.36,0.15,61782.36,9267.35,52515.01,32609.95,19905.06,In-Store,UPI
ORD002230,2026-07-05,CUST0334,P0030,S012,E054,10,104871.03,0.1,1048710.3,104871.03,943839.27,529322.4,414516.87,In-Store,Credit Card
ORD002231,2025-10-31,CUST0377,P0002,S017,E006,5,16750.18,0.15,83750.9,12562.63,71188.27,41144.65,30043.62,Online,UPI
ORD002232,2025-02-08,CUST0489,P0068,S014,E014,5,43161.74,0.0,215808.7,0.0,215808.7,161782.7,54026.0,In-Store,Credit Card
ORD002233,2026-05-04,CUST0442,P0037,S024,E041,1,104397.98,0.15,104397.98,15659.7,88738.28,61038.4,27699.88,In-Store,Credit Card
ORD002234,2026-10-06,CUST0012,P0062,S012,E040,3,102190.43,0.1,306571.29,30657.13,275914.16,237882.57,38031.59,In-Store,UPI
ORD002235,2026-06-26,CUST0082,P0046,S016,E013,2,48759.05,0.2,97518.1,19503.62,78014.48,43706.68,34307.8,In-Store,Credit Card
ORD002236,2026-11-01,CUST0123,P0005,S004,E037,1,66347.24,0.0,66347.24,0.0,66347.24,32073.0,34274.24,In-Store,Credit Card
ORD002237,2025-10-05,CUST0021,P0033,S015,E045,4,10196.03,0.05,40784.12,2039.21,38744.91,28732.2,10012.71,In-Store,Cash
ORD002238,2025-07-22,CUST0406,P0033,S003,E038,1,10577.8,0.0,10577.8,0.0,10577.8,7183.05,3394.75,In-Store,Credit Card
ORD002239,2025-03-07,CUST0364,P0024,S008,E024,2,53622.82,0.05,107245.64,5362.28,101883.36,76386.92,25496.44,In-Store,UPI
ORD002240,2025-04-18,CUST0032,P0005,S021,E008,2,62058.07,0.0,124116.14,0.0,124116.14,64146.0,59970.14,Online,UPI
ORD002241,2025-09-25,CUST0123,P0033,S007,E050,5,10717.93,0.0,53589.65,0.0,53589.65,35915.25,17674.4,Online,Bank Transfer
ORD002242,2025-08-10,CUST0190,P0063,S007,E050,10,37250.75,0.15,372507.5,55876.12,316631.38,202667.9,113963.48,Corporate,Credit Card
ORD002243,2026-06-14,CUST0399,P0022,S006,E026,2,69929.06,0.1,139858.12,13985.81,125872.31,70147.68,55724.63,Online,UPI
ORD002244,2025-03-31,CUST0183,P0072,S012,E033,2,5388.81,0.0,10777.62,0.0,10777.62,6313.66,4463.96,Online,Credit Card
ORD002245,2026-11-24,CUST0252,P0027,S018,E025,1,4997.29,0.0,4997.29,0.0,4997.29,2218.89,2778.4,Online,Cash
ORD002246,2025-09-12,CUST0050,P0037,S018,E025,2,100850.28,0.05,201700.56,10085.03,191615.53,122076.8,69538.73,In-Store,Cash
ORD002247,2026-03-31,CUST0005,P0017,S020,E053,3,63645.78,0.0,190937.34,0.0,190937.34,121283.79,69653.55,In-Store,Credit Card
ORD002248,2025-09-10,CUST0273,P0058,S023,E022,1,114638.3,0.15,114638.3,17195.74,97442.56,70614.97,26827.59,In-Store,UPI
ORD002249,2025-09-14,CUST0398,P0079,S007,E050,3,884.36,0.15,2653.08,397.96,2255.12,1293.21,961.91,In-Store,UPI
ORD002250,2026-01-18,CUST0490,P0075,S014,E014,3,105940.9,0.05,317822.7,15891.13,301931.57,207128.7,94802.87,In-Store,UPI
ORD002251,2026-03-18,CUST0097,P0059,S016,E013,2,70246.72,0.15,140493.44,21074.02,119419.42,96900.38,22519.04,In-Store,UPI
ORD002252,2026-08-22,CUST0207,P0040,S006,E043,1,111184.76,0.1,111184.76,11118.48,100066.28,76543.58,23522.7,Corporate,Bank Transfer
ORD002253,2025-03-31,CUST0237,P0011,S025,E042,3,51615.59,0.15,154846.77,23227.02,131619.75,108522.21,23097.54,In-Store,Credit Card
ORD002254,2026-01-25,CUST0203,P0010,S018,E025,2,8124.41,0.1,16248.82,1624.88,14623.94,9706.72,4917.22,Corporate,Cash
ORD002255,2026-08-05,CUST0071,P0033,S023,E044,1,11158.98,0.15,11158.98,1673.85,9485.13,7183.05,2302.08,Corporate,Bank Transfer
ORD002256,2025-02-13,CUST0011,P0039,S010,E010,1,7178.1,0.05,7178.1,358.9,6819.2,4094.25,2724.95,In-Store,Bank Transfer
ORD002257,2026-12-13,CUST0028,P0020,S018,E025,3,59923.22,0.1,179769.66,17976.97,161792.69,109989.81,51802.88,In-Store,Bank Transfer
ORD002258,2026-10-26,CUST0225,P0015,S019,E009,1,51467.99,0.05,51467.99,2573.4,48894.59,29528.04,19366.55,Online,Cash
ORD002259,2026-08-21,CUST0242,P0002,S003,E038,4,17341.63,0.0,69366.52,0.0,69366.52,32915.72,36450.8,Online,UPI
ORD002260,2025-01-19,CUST0054,P0052,S014,E014,1,4228.62,0.05,4228.62,211.43,4017.19,3466.95,550.24,In-Store,Bank Transfer
ORD002261,2025-04-11,CUST0158,P0029,S023,E044,3,18630.74,0.0,55892.22,0.0,55892.22,33595.44,22296.78,In-Store,Bank Transfer
ORD002262,2026-08-30,CUST0457,P0024,S006,E026,3,57264.78,0.05,171794.34,8589.72,163204.62,114580.38,48624.24,Corporate,Cash
ORD002263,2025-12-23,CUST0028,P0007,S011,E055,1,57352.94,0.05,57352.94,2867.65,54485.29,38542.13,15943.16,In-Store,Cash
ORD002264,2026-06-26,CUST0116,P0078,S007,E050,5,78091.76,0.05,390458.8,19522.94,370935.86,250489.7,120446.16,Online,Bank Transfer
ORD002265,2025-02-02,CUST0118,P0044,S022,E011,4,100554.26,0.1,402217.04,40221.7,361995.34,287383.56,74611.78,In-Store,Bank Transfer
ORD002266,2025-08-17,CUST0015,P0026,S006,E026,2,60754.91,0.1,121509.82,12150.98,109358.84,63899.74,45459.1,In-Store,Credit Card
ORD002267,2026-06-08,CUST0233,P0028,S025,E042,4,18473.58,0.1,73894.32,7389.43,66504.89,35565.36,30939.53,In-Store,Bank Transfer
ORD002268,2026-09-22,CUST0260,P0022,S024,E005,3,68184.21,0.1,204552.63,20455.26,184097.37,105221.52,78875.85,In-Store,UPI
ORD002269,2025-06-04,CUST0181,P0072,S016,E013,10,5669.29,0.1,56692.9,5669.29,51023.61,31568.3,19455.31,In-Store,UPI
ORD002270,2026-02-27,CUST0464,P0080,S019,E009,2,37148.49,0.2,74296.98,14859.4,59437.58,34610.84,24826.74,In-Store,Cash
ORD002271,2025-09-03,CUST0027,P0019,S012,E040,2,42346.64,0.1,84693.28,8469.33,76223.95,42435.48,33788.47,Online,UPI
ORD002272,2026-02-09,CUST0398,P0080,S013,E004,4,36356.15,0.1,145424.6,14542.46,130882.14,69221.68,61660.46,In-Store,Credit Card
ORD002273,2026-06-25,CUST0151,P0011,S018,E025,2,52245.78,0.1,104491.56,10449.16,94042.4,72348.14,21694.26,Online,Bank Transfer
ORD002274,2025-06-10,CUST0308,P0047,S006,E026,2,83428.38,0.1,166856.76,16685.68,150171.08,134852.26,15318.82,In-Store,Cash
ORD002275,2026-12-03,CUST0326,P0019,S008,E024,4,41605.95,0.1,166423.8,16642.38,149781.42,84870.96,64910.46,In-Store,Bank Transfer
ORD002276,2025-04-27,CUST0427,P0014,S018,E025,10,55903.98,0.0,559039.8,0.0,559039.8,357042.0,201997.8,In-Store,Credit Card
ORD002277,2025-09-28,CUST0334,P0021,S010,E002,2,40156.85,0.1,80313.7,8031.37,72282.33,39332.56,32949.77,Online,Cash
ORD002278,2026-11-23,CUST0101,P0017,S024,E005,2,65602.71,0.05,131205.42,6560.27,124645.15,80855.86,43789.29,Online,UPI
ORD002279,2026-05-02,CUST0214,P0003,S022,E028,2,104230.0,0.1,208460.0,20846.0,187614.0,151002.4,36611.6,In-Store,UPI
ORD002280,2025-06-21,CUST0473,P0049,S020,E053,1,44155.19,0.05,44155.19,2207.76,41947.43,26357.61,15589.82,In-Store,Cash
ORD002281,2025-10-01,CUST0187,P0073,S016,E013,5,86423.76,0.05,432118.8,21605.94,410512.86,222240.15,188272.71,In-Store,Cash
ORD002282,2025-09-16,CUST0087,P0007,S006,E043,2,57494.45,0.15,114988.9,17248.34,97740.56,77084.26,20656.3,In-Store,Credit Card
ORD002283,2025-05-15,CUST0022,P0028,S007,E050,5,18862.14,0.1,94310.7,9431.07,84879.63,44456.7,40422.93,In-Store,Cash
ORD002284,2026-11-14,CUST0248,P0021,S009,E016,1,40165.73,0.05,40165.73,2008.29,38157.44,19666.28,18491.16,In-Store,UPI
ORD002285,2026-12-23,CUST0033,P0040,S020,E053,1,112152.46,0.05,112152.46,5607.62,106544.84,76543.58,30001.26,In-Store,Bank Transfer
ORD002286,2026-02-26,CUST0298,P0032,S010,E002,2,70034.15,0.0,140068.3,0.0,140068.3,110067.3,30001.0,In-Store,UPI
ORD002287,2026-02-25,CUST0086,P0076,S013,E056,2,57347.84,0.15,114695.68,17204.35,97491.33,56248.5,41242.83,Online,UPI
ORD002288,2025-07-05,CUST0193,P0044,S002,E049,5,101573.46,0.1,507867.3,50786.73,457080.57,359229.45,97851.12,Online,Cash
ORD002289,2025-12-30,CUST0409,P0011,S008,E060,3,52384.69,0.05,157154.07,7857.7,149296.37,108522.21,40774.16,In-Store,Credit Card
ORD002290,2026-08-30,CUST0288,P0071,S017,E006,1,104172.06,0.05,104172.06,5208.6,98963.46,55687.55,43275.91,Online,UPI
ORD002291,2026-01-13,CUST0390,P0040,S010,E010,1,111222.69,0.0,111222.69,0.0,111222.69,76543.58,34679.11,Corporate,UPI
ORD002292,2026-06-07,CUST0065,P0037,S004,E029,3,96835.5,0.05,290506.5,14525.32,275981.18,183115.2,92865.98,In-Store,Bank Transfer
ORD002293,2026-08-03,CUST0110,P0002,S021,E051,1,17347.81,0.0,17347.81,0.0,17347.81,8228.93,9118.88,In-Store,UPI
ORD002294,2026-12-23,CUST0417,P0012,S019,E009,2,64872.26,0.15,129744.52,19461.68,110282.84,100366.02,9916.82,Online,Cash
ORD002295,2025-07-15,CUST0228,P0008,S012,E046,3,111205.87,0.05,333617.61,16680.88,316936.73,245766.69,71170.04,In-Store,Credit Card
ORD002296,2025-04-08,CUST0227,P0049,S014,E014,2,44186.55,0.05,88373.1,4418.66,83954.44,52715.22,31239.22,Online,Credit Card
ORD002297,2026-08-28,CUST0319,P0012,S021,E003,2,66253.27,0.1,132506.54,13250.65,119255.89,100366.02,18889.87,In-Store,Cash
ORD002298,2025-01-22,CUST0231,P0062,S001,E021,2,99320.19,0.1,198640.38,19864.04,178776.34,158588.38,20187.96,Corporate,UPI
ORD002299,2026-03-26,CUST0197,P0061,S017,E006,1,7078.42,0.0,7078.42,0.0,7078.42,3274.95,3803.47,In-Store,Credit Card
ORD002300,2025-06-21,CUST0387,P0006,S014,E014,4,86893.51,0.0,347574.04,0.0,347574.04,216922.28,130651.76,In-Store,Cash
ORD002301,2026-01-18,CUST0467,P0063,S005,E017,3,37993.25,0.1,113979.75,11397.98,102581.77,60800.37,41781.4,In-Store,Bank Transfer
ORD002302,2025-05-14,CUST0493,P0033,S021,E047,2,11042.68,0.1,22085.36,2208.54,19876.82,14366.1,5510.72,In-Store,Cash
ORD002303,2026-03-02,CUST0258,P0001,S009,E012,1,69109.52,0.05,69109.52,3455.48,65654.04,32085.11,33568.93,In-Store,UPI
ORD002304,2025-01-25,CUST0057,P0017,S021,E027,3,62284.57,0.0,186853.71,0.0,186853.71,121283.79,65569.92,In-Store,Credit Card
ORD002305,2026-05-18,CUST0208,P0038,S010,E002,1,95014.18,0.05,95014.18,4750.71,90263.47,70463.08,19800.39,In-Store,Cash
ORD002306,2025-07-04,CUST0426,P0028,S003,E038,2,18577.84,0.0,37155.68,0.0,37155.68,17782.68,19373.0,In-Store,Bank Transfer
ORD002307,2025-03-26,CUST0132,P0029,S007,E050,2,17491.02,0.05,34982.04,1749.1,33232.94,22396.96,10835.98,In-Store,Bank Transfer
ORD002308,2026-07-21,CUST0060,P0052,S004,E037,1,4276.61,0.15,4276.61,641.49,3635.12,3466.95,168.17,Online,Bank Transfer
ORD002309,2025-05-24,CUST0002,P0026,S022,E020,2,63235.49,0.05,126470.98,6323.55,120147.43,63899.74,56247.69,In-Store,UPI
ORD002310,2026-11-10,CUST0223,P0072,S018,E025,2,5223.31,0.0,10446.62,0.0,10446.62,6313.66,4132.96,In-Store,Cash
ORD002311,2026-02-16,CUST0104,P0028,S011,E058,3,19152.08,0.05,57456.24000000001,2872.81,54583.43,26674.02,27909.41,Corporate,Cash
ORD002312,2025-08-12,CUST0243,P0041,S024,E005,1,20814.05,0.0,20814.05,0.0,20814.05,13369.35,7444.7,In-Store,Credit Card
ORD002313,2025-08-08,CUST0165,P0079,S009,E015,4,918.44,0.15,3673.76,551.06,3122.7,1724.28,1398.42,In-Store,Credit Card
ORD002314,2025-06-28,CUST0127,P0056,S003,E038,1,47108.66,0.1,47108.66,4710.87,42397.79,29745.2,12652.59,Online,UPI
ORD002315,2026-09-23,CUST0423,P0059,S021,E003,2,75904.2,0.1,151808.4,15180.84,136627.56,96900.38,39727.18,In-Store,Cash
ORD002316,2026-03-09,CUST0147,P0035,S013,E056,2,67668.26,0.05,135336.52,6766.83,128569.69,66338.46,62231.23,In-Store,Bank Transfer
ORD002317,2025-09-22,CUST0467,P0006,S010,E034,3,80182.31,0.05,240546.93,12027.35,228519.58,162691.71,65827.87,Online,Cash
ORD002318,2026-03-05,CUST0447,P0042,S005,E017,2,55458.36,0.1,110916.72,11091.67,99825.05,72581.36,27243.69,Online,Bank Transfer
ORD002319,2026-10-24,CUST0104,P0076,S009,E012,2,60402.6,0.15,120805.2,18120.78,102684.42,56248.5,46435.92,Online,Bank Transfer
ORD002320,2026-02-20,CUST0180,P0069,S009,E012,1,26503.85,0.0,26503.85,0.0,26503.85,20322.39,6181.46,Corporate,Cash
ORD002321,2026-03-29,CUST0132,P0024,S004,E029,1,54315.46,0.05,54315.46,2715.77,51599.69,38193.46,13406.23,In-Store,Cash
ORD002322,2026-12-28,CUST0370,P0068,S017,E006,3,44976.93,0.0,134930.79,0.0,134930.79,97069.62,37861.17,In-Store,UPI
ORD002323,2025-07-16,CUST0160,P0051,S022,E028,2,99727.19,0.05,199454.38,9972.72,189481.66,104869.76,84611.9,Online,Bank Transfer
ORD002324,2026-07-08,CUST0448,P0034,S002,E036,3,48988.91,0.1,146966.73,14696.67,132270.06,82888.05,49382.01,In-Store,Cash
ORD002325,2025-02-22,CUST0012,P0008,S002,E018,1,109387.81,0.0,109387.81,0.0,109387.81,81922.23,27465.58,Online,UPI
ORD002326,2026-04-25,CUST0260,P0002,S024,E005,3,16808.92,0.15,50426.75999999999,7564.01,42862.75,24686.79,18175.96,In-Store,Cash
ORD002327,2026-03-19,CUST0143,P0059,S013,E056,4,73880.64,0.0,295522.56,0.0,295522.56,193800.76,101721.8,Online,Cash
ORD002328,2025-11-26,CUST0450,P0056,S002,E049,4,46751.57,0.1,187006.28,18700.63,168305.65,118980.8,49324.85,Online,Bank Transfer
ORD002329,2025-09-08,CUST0486,P0032,S009,E016,4,74771.3,0.1,299085.2,29908.52,269176.68,220134.6,49042.08,In-Store,UPI
ORD002330,2025-05-03,CUST0208,P0015,S003,E038,1,49335.54,0.0,49335.54,0.0,49335.54,29528.04,19807.5,Online,Bank Transfer
ORD002331,2026-01-22,CUST0291,P0028,S002,E023,2,18620.79,0.0,37241.58,0.0,37241.58,17782.68,19458.9,In-Store,Credit Card
ORD002332,2025-12-05,CUST0188,P0070,S012,E033,4,116978.83,0.05,467915.32,23395.77,444519.55,247243.24,197276.31,In-Store,Credit Card
ORD002333,2025-12-14,CUST0113,P0053,S010,E002,3,56548.63,0.15,169645.89,25446.88,144199.01,135112.05,9086.96,In-Store,Bank Transfer
ORD002334,2025-01-29,CUST0349,P0065,S005,E035,4,84817.44,0.05,339269.76,16963.49,322306.27,257320.52,64985.75,Online,UPI
ORD002335,2025-02-04,CUST0039,P0005,S024,E005,4,67318.13,0.1,269272.52,26927.25,242345.27,128292.0,114053.27,In-Store,Cash
ORD002336,2026-06-02,CUST0491,P0028,S015,E045,1,18421.76,0.0,18421.76,0.0,18421.76,8891.34,9530.42,In-Store,Credit Card
ORD002337,2026-01-31,CUST0290,P0047,S001,E021,3,86396.03,0.0,259188.09,0.0,259188.09,202278.39,56909.7,In-Store,Credit Card
ORD002338,2026-09-15,CUST0320,P0014,S009,E016,3,55407.14,0.15,166221.42,24933.21,141288.21,107112.6,34175.61,Corporate,Bank Transfer
ORD002339,2025-10-21,CUST0391,P0019,S013,E056,2,41261.71,0.15,82523.42,12378.51,70144.91,42435.48,27709.43,Corporate,Credit Card
ORD002340,2026-08-12,CUST0310,P0002,S016,E013,2,16811.95,0.05,33623.9,1681.2,31942.7,16457.86,15484.84,In-Store,UPI
ORD002341,2025-12-15,CUST0058,P0041,S012,E046,1,19107.53,0.0,19107.53,0.0,19107.53,13369.35,5738.18,In-Store,UPI
ORD002342,2025-05-27,CUST0104,P0063,S009,E012,2,38667.95,0.05,77335.9,3866.8,73469.1,40533.58,32935.52,In-Store,Credit Card
ORD002343,2025-03-08,CUST0388,P0057,S012,E033,4,42592.12,0.1,170368.48,17036.85,153331.63,125475.36,27856.27,In-Store,Cash
ORD002344,2026-06-04,CUST0240,P0065,S023,E022,3,91866.78,0.0,275600.34,0.0,275600.34,192990.39,82609.95,Online,Credit Card
ORD002345,2025-05-02,CUST0030,P0067,S023,E052,4,64964.09,0.1,259856.36,25985.64,233870.72,172279.52,61591.2,In-Store,Credit Card
ORD002346,2025-12-06,CUST0157,P0038,S018,E025,1,95183.15,0.0,95183.15,0.0,95183.15,70463.08,24720.07,In-Store,Cash
ORD002347,2025-06-24,CUST0438,P0059,S003,E038,1,70453.81,0.05,70453.81,3522.69,66931.12,48450.19,18480.93,Online,Cash
ORD002348,2026-11-22,CUST0265,P0043,S016,E013,2,24317.59,0.0,48635.18,0.0,48635.18,36994.06,11641.12,Online,UPI
ORD002349,2026-08-20,CUST0100,P0057,S015,E039,3,43918.29,0.1,131754.87,13175.49,118579.38,94106.52,24472.86,Online,UPI
ORD002350,2026-03-27,CUST0012,P0043,S009,E016,3,25770.26,0.05,77310.78,3865.54,73445.24,55491.09,17954.15,In-Store,UPI
ORD002351,2026-07-11,CUST0030,P0049,S022,E028,3,42035.49,0.0,126106.47,0.0,126106.47,79072.83,47033.64,In-Store,UPI
ORD002352,2025-05-16,CUST0150,P0018,S010,E010,2,79146.52,0.0,158293.04,0.0,158293.04,72889.48,85403.56,In-Store,UPI
ORD002353,2025-01-16,CUST0082,P0058,S004,E037,2,115599.37,0.1,231198.74,23119.87,208078.87,141229.94,66848.93,Online,Bank Transfer
ORD002354,2025-11-29,CUST0205,P0048,S011,E030,1,113581.47,0.2,113581.47,22716.29,90865.18,91394.2,-529.02,In-Store,UPI
ORD002355,2025-07-14,CUST0468,P0075,S008,E024,2,104907.6,0.15,209815.2,31472.28,178342.92,138085.8,40257.12,In-Store,Credit Card
ORD002356,2026-05-11,CUST0036,P0036,S003,E038,5,64115.84,0.0,320579.2,0.0,320579.2,163049.75,157529.45,In-Store,Bank Transfer
ORD002357,2025-01-09,CUST0267,P0055,S010,E034,2,62128.76,0.1,124257.52,12425.75,111831.77,82849.7,28982.07,Online,Credit Card
ORD002358,2025-11-30,CUST0306,P0011,S001,E021,3,52733.27,0.1,158199.81,15819.98,142379.83,108522.21,33857.62,In-Store,Cash
ORD002359,2025-11-29,CUST0111,P0040,S018,E025,2,112041.52,0.05,224083.04,11204.15,212878.89,153087.16,59791.73,Online,Bank Transfer
ORD002360,2025-11-23,CUST0128,P0080,S022,E032,4,36207.45,0.1,144829.8,14482.98,130346.82,69221.68,61125.14,In-Store,Credit Card
ORD002361,2025-01-15,CUST0364,P0018,S012,E040,10,76181.79,0.15,761817.8999999999,114272.68,647545.22,364447.4,283097.82,Online,Credit Card
ORD002362,2026-09-06,CUST0337,P0079,S021,E008,2,846.85,0.0,1693.7,0.0,1693.7,862.14,831.56,In-Store,Cash
ORD002363,2025-08-14,CUST0174,P0051,S010,E010,1,95018.55,0.0,95018.55,0.0,95018.55,52434.88,42583.67,Online,Cash
ORD002364,2026-03-01,CUST0485,P0055,S014,E014,5,62705.59,0.1,313527.95,31352.8,282175.15,207124.25,75050.9,In-Store,Credit Card
ORD002365,2026-02-12,CUST0033,P0019,S015,E045,1,43640.33,0.1,43640.33,4364.03,39276.3,21217.74,18058.56,Online,Cash
ORD002366,2025-04-23,CUST0165,P0026,S004,E029,1,65026.89,0.1,65026.89,6502.69,58524.2,31949.87,26574.33,Corporate,Bank Transfer
ORD002367,2026-03-04,CUST0065,P0019,S014,E014,4,39890.57,0.1,159562.28,15956.23,143606.05,84870.96,58735.09,In-Store,Bank Transfer
ORD002368,2025-01-01,CUST0378,P0079,S023,E052,1,851.49,0.15,851.49,127.72,723.77,431.07,292.7,Corporate,Cash
ORD002369,2025-09-23,CUST0162,P0046,S025,E031,2,46999.23,0.0,93998.46,0.0,93998.46,43706.68,50291.78,In-Store,Credit Card
ORD002370,2026-05-06,CUST0442,P0057,S012,E046,2,41987.92,0.0,83975.84,0.0,83975.84,62737.68,21238.16,Online,Credit Card
ORD002371,2025-07-27,CUST0084,P0039,S024,E005,4,7272.49,0.1,29089.96,2909.0,26180.96,16377.0,9803.96,Corporate,Cash
ORD002372,2026-09-14,CUST0145,P0013,S024,E005,2,54721.05,0.1,109442.1,10944.21,98497.89,80480.06,18017.83,In-Store,UPI
ORD002373,2026-12-13,CUST0083,P0013,S006,E043,4,55639.83,0.2,222559.32,44511.86,178047.46,160960.12,17087.34,In-Store,Bank Transfer
ORD002374,2026-01-04,CUST0401,P0016,S014,E014,1,44746.26,0.0,44746.26,0.0,44746.26,20470.35,24275.91,Corporate,Cash
ORD002375,2025-11-02,CUST0487,P0048,S007,E050,1,116848.8,0.0,116848.8,0.0,116848.8,91394.2,25454.6,In-Store,UPI
ORD002376,2025-01-12,CUST0456,P0015,S014,E014,1,51589.2,0.05,51589.2,2579.46,49009.74,29528.04,19481.7,Online,Cash
ORD002377,2025-12-11,CUST0061,P0013,S012,E040,3,54206.81,0.05,162620.43,8131.02,154489.41,120720.09,33769.32,In-Store,Credit Card
ORD002378,2026-04-10,CUST0227,P0012,S008,E024,2,63857.09,0.05,127714.18,6385.71,121328.47,100366.02,20962.45,Online,Bank Transfer
ORD002379,2026-12-01,CUST0319,P0013,S025,E031,5,53322.21,0.0,266611.05,0.0,266611.05,201200.15,65410.9,In-Store,Cash
ORD002380,2026-10-28,CUST0196,P0021,S010,E010,2,41568.28,0.1,83136.56,8313.66,74822.9,39332.56,35490.34,Corporate,Cash
ORD002381,2026-05-09,CUST0320,P0015,S011,E030,2,49902.92,0.05,99805.84,4990.29,94815.55,59056.08,35759.47,In-Store,UPI
ORD002382,2026-01-03,CUST0341,P0033,S013,E056,3,10902.96,0.0,32708.88,0.0,32708.88,21549.15,11159.73,Corporate,Bank Transfer
ORD002383,2026-02-24,CUST0146,P0011,S019,E009,2,49160.38,0.0,98320.76,0.0,98320.76,72348.14,25972.62,In-Store,Bank Transfer
ORD002384,2025-06-20,CUST0186,P0051,S011,E030,1,93285.32,0.0,93285.32,0.0,93285.32,52434.88,40850.44,In-Store,UPI
ORD002385,2025-05-14,CUST0356,P0021,S024,E041,1,39389.68,0.0,39389.68,0.0,39389.68,19666.28,19723.4,Online,Bank Transfer
ORD002386,2026-03-03,CUST0164,P0045,S022,E028,2,97961.69,0.05,195923.38,9796.17,186127.21,117965.78,68161.43,In-Store,Credit Card
ORD002387,2025-01-25,CUST0434,P0078,S023,E044,1,77978.61,0.0,77978.61,0.0,77978.61,50097.94,27880.67,In-Store,Credit Card
ORD002388,2026-06-14,CUST0290,P0060,S024,E005,3,120148.09,0.0,360444.27,0.0,360444.27,178982.31,181461.96,Online,UPI
ORD002389,2025-07-09,CUST0035,P0012,S014,E014,5,63853.03,0.0,319265.15,0.0,319265.15,250915.05,68350.1,Corporate,UPI
ORD002390,2025-05-21,CUST0478,P0017,S010,E034,2,65141.11,0.0,130282.22,0.0,130282.22,80855.86,49426.36,In-Store,Bank Transfer
ORD002391,2026-07-09,CUST0116,P0044,S005,E035,3,108144.44,0.1,324433.32,32443.33,291989.99,215537.67,76452.32,Online,UPI
ORD002392,2026-10-20,CUST0028,P0047,S018,E025,1,87996.77,0.1,87996.77,8799.68,79197.09,67426.13,11770.96,In-Store,Cash
ORD002393,2025-11-11,CUST0411,P0079,S014,E014,1,878.33,0.2,878.33,175.67,702.66,431.07,271.59,Corporate,Bank Transfer
ORD002394,2026-03-20,CUST0330,P0051,S005,E017,2,95280.94,0.05,190561.88,9528.09,181033.79,104869.76,76164.03,Online,Cash
ORD002395,2025-11-15,CUST0386,P0055,S021,E047,2,64758.84,0.05,129517.68,6475.88,123041.8,82849.7,40192.1,In-Store,Credit Card
ORD002396,2026-03-17,CUST0461,P0031,S011,E058,1,43948.83,0.0,43948.83,0.0,43948.83,28394.23,15554.6,In-Store,Credit Card
ORD002397,2025-04-02,CUST0380,P0024,S008,E024,2,55655.74,0.05,111311.48,5565.57,105745.91,76386.92,29358.99,In-Store,Bank Transfer
ORD002398,2025-06-28,CUST0076,P0048,S024,E041,10,112081.8,0.0,1120818.0,0.0,1120818.0,913942.0,206876.0,Online,UPI
ORD002399,2025-02-25,CUST0160,P0004,S025,E042,3,90612.92,0.05,271838.76,13591.94,258246.82,173465.37,84781.45,In-Store,Cash
ORD002400,2025-06-04,CUST0152,P0054,S005,E035,2,73083.57,0.15,146167.14,21925.07,124242.07,83437.18,40804.89,Corporate,Bank Transfer
ORD002401,2026-11-03,CUST0348,P0046,S015,E045,2,48110.2,0.2,96220.4,19244.08,76976.32,43706.68,33269.64,Corporate,Cash
ORD002402,2025-04-21,CUST0053,P0015,S025,E031,1,50568.63,0.05,50568.63,2528.43,48040.2,29528.04,18512.16,In-Store,Credit Card
ORD002403,2025-05-17,CUST0252,P0019,S014,E014,4,42870.67,0.05,171482.68,8574.13,162908.55,84870.96,78037.59,Online,Cash
ORD002404,2025-08-20,CUST0250,P0019,S017,E006,3,42582.96,0.1,127748.88,12774.89,114973.99,63653.22,51320.77,In-Store,UPI
ORD002405,2026-04-13,CUST0290,P0072,S008,E060,1,5559.79,0.15,5559.79,833.97,4725.82,3156.83,1568.99,In-Store,Bank Transfer
ORD002406,2026-04-26,CUST0392,P0012,S020,E053,4,63161.26,0.1,252645.04,25264.5,227380.54,200732.04,26648.5,In-Store,UPI
ORD002407,2025-03-09,CUST0158,P0040,S022,E028,1,120503.01,0.1,120503.01,12050.3,108452.71,76543.58,31909.13,In-Store,UPI
ORD002408,2025-09-06,CUST0393,P0006,S016,E013,3,86259.99,0.0,258779.97,0.0,258779.97,162691.71,96088.26,In-Store,Cash
ORD002409,2025-11-19,CUST0020,P0019,S007,E050,3,43623.27,0.05,130869.81,6543.49,124326.32,63653.22,60673.1,In-Store,UPI
ORD002410,2026-06-02,CUST0300,P0061,S023,E052,2,7406.52,0.1,14813.04,1481.3,13331.74,6549.9,6781.84,In-Store,Cash
ORD002411,2026-03-08,CUST0315,P0071,S011,E030,2,95542.65,0.0,191085.3,0.0,191085.3,111375.1,79710.2,Corporate,UPI
ORD002412,2026-05-02,CUST0235,P0042,S016,E013,4,53619.28,0.05,214477.12,10723.86,203753.26,145162.72,58590.54,Corporate,Cash
ORD002413,2026-08-29,CUST0292,P0056,S017,E006,2,48264.53,0.1,96529.06,9652.91,86876.15,59490.4,27385.75,Online,Cash
ORD002414,2026-03-05,CUST0452,P0036,S012,E046,2,65829.13,0.2,131658.26,26331.65,105326.61,65219.9,40106.71,In-Store,UPI
ORD002415,2025-09-26,CUST0074,P0022,S008,E060,2,71053.33,0.0,142106.66,0.0,142106.66,70147.68,71958.98,Online,Credit Card
ORD002416,2026-12-10,CUST0336,P0046,S006,E043,5,46055.0,0.05,230275.0,11513.75,218761.25,109266.7,109494.55,Corporate,Bank Transfer
ORD002417,2026-06-21,CUST0352,P0026,S025,E007,4,66712.26,0.0,266849.04,0.0,266849.04,127799.48,139049.56,Corporate,Cash
ORD002418,2025-05-28,CUST0082,P0053,S004,E037,1,55284.83,0.0,55284.83,0.0,55284.83,45037.35,10247.48,Online,Credit Card
ORD002419,2025-04-28,CUST0213,P0023,S025,E007,1,64237.94,0.0,64237.94,0.0,64237.94,48488.44,15749.5,Online,Credit Card
ORD002420,2026-01-02,CUST0174,P0050,S004,E037,10,16308.39,0.05,163083.9,8154.2,154929.7,116984.2,37945.5,Corporate,UPI
ORD002421,2025-03-07,CUST0061,P0080,S022,E028,1,37713.41,0.15,37713.41,5657.01,32056.4,17305.42,14750.98,In-Store,Bank Transfer
ORD002422,2026-01-05,CUST0026,P0073,S003,E038,5,90107.8,0.0,450539.0,0.0,450539.0,222240.15,228298.85,Online,Cash
ORD002423,2025-06-24,CUST0336,P0058,S004,E029,2,123313.37,0.0,246626.74,0.0,246626.74,141229.94,105396.8,In-Store,Cash
ORD002424,2026-08-11,CUST0261,P0004,S018,E025,3,90052.66,0.1,270157.98,27015.8,243142.18,173465.37,69676.81,In-Store,UPI
ORD002425,2026-05-10,CUST0031,P0045,S005,E035,3,94083.06,0.05,282249.18,14112.46,268136.72,176948.67,91188.05,In-Store,Cash
ORD002426,2025-04-24,CUST0120,P0039,S006,E026,1,6715.73,0.15,6715.73,1007.36,5708.37,4094.25,1614.12,In-Store,Credit Card
ORD002427,2025-04-21,CUST0317,P0072,S012,E046,10,5620.48,0.1,56204.8,5620.48,50584.32,31568.3,19016.02,In-Store,Credit Card
ORD002428,2026-03-15,CUST0074,P0055,S010,E002,1,63246.33,0.05,63246.33,3162.32,60084.01,41424.85,18659.16,In-Store,UPI
ORD002429,2026-12-16,CUST0197,P0040,S007,E050,4,119079.43,0.0,476317.72,0.0,476317.72,306174.32,170143.4,In-Store,Bank Transfer
ORD002430,2025-05-27,CUST0035,P0070,S018,E025,2,114600.62,0.0,229201.24,0.0,229201.24,123621.62,105579.62,In-Store,Cash
ORD002431,2025-02-04,CUST0392,P0025,S007,E050,1,116103.83,0.2,116103.83,23220.77,92883.06,61823.03,31060.03,Online,Bank Transfer
ORD002432,2025-11-05,CUST0380,P0033,S021,E051,2,11046.33,0.1,22092.66,2209.27,19883.39,14366.1,5517.29,Online,UPI
ORD002433,2026-06-22,CUST0261,P0027,S023,E059,1,4788.82,0.0,4788.82,0.0,4788.82,2218.89,2569.93,Corporate,UPI
ORD002434,2025-01-14,CUST0032,P0047,S010,E002,5,84407.59,0.05,422037.95,21101.9,400936.05,337130.65,63805.4,In-Store,UPI
ORD002435,2026-01-09,CUST0426,P0052,S020,E053,10,4089.62,0.0,40896.2,0.0,40896.2,34669.5,6226.7,Online,UPI
ORD002436,2026-07-11,CUST0484,P0065,S014,E014,2,87117.24,0.05,174234.48,8711.72,165522.76,128660.26,36862.5,In-Store,Credit Card
ORD002437,2026-03-04,CUST0167,P0014,S003,E038,4,54252.78,0.1,217011.12,21701.11,195310.01,142816.8,52493.21,Corporate,Credit Card
ORD002438,2026-12-29,CUST0389,P0002,S012,E040,1,16849.86,0.05,16849.86,842.49,16007.37,8228.93,7778.44,Corporate,Cash
ORD002439,2025-08-21,CUST0107,P0073,S003,E038,1,86234.35,0.1,86234.35,8623.44,77610.91,44448.03,33162.88,Corporate,Bank Transfer
ORD002440,2026-12-06,CUST0201,P0007,S013,E004,1,58538.71,0.0,58538.71,0.0,58538.71,38542.13,19996.58,Online,UPI
ORD002441,2026-07-17,CUST0324,P0064,S025,E001,3,59163.31,0.1,177489.93,17748.99,159740.94,125103.66,34637.28,In-Store,Bank Transfer
ORD002442,2026-12-27,CUST0374,P0080,S015,E048,3,34410.48,0.05,103231.44,5161.57,98069.87,51916.26,46153.61,In-Store,Bank Transfer
ORD002443,2026-10-25,CUST0132,P0020,S006,E026,4,63082.07,0.1,252328.28,25232.83,227095.45,146653.08,80442.37,In-Store,Cash
ORD002444,2026-03-16,CUST0475,P0001,S002,E023,3,69728.96,0.1,209186.88,20918.69,188268.19,96255.33,92012.86,In-Store,UPI
ORD002445,2026-05-17,CUST0057,P0068,S017,E006,2,43731.22,0.1,87462.44,8746.24,78716.2,64713.08,14003.12,In-Store,Cash
ORD002446,2025-10-02,CUST0170,P0039,S010,E034,4,7270.43,0.0,29081.72,0.0,29081.72,16377.0,12704.72,In-Store,UPI
ORD002447,2025-03-17,CUST0258,P0023,S009,E015,4,65814.53,0.1,263258.12,26325.81,236932.31,193953.76,42978.55,In-Store,Bank Transfer
ORD002448,2026-03-15,CUST0128,P0026,S019,E009,1,64472.4,0.05,64472.4,3223.62,61248.78,31949.87,29298.91,Online,Credit Card
ORD002449,2026-11-30,CUST0465,P0073,S019,E009,4,92599.5,0.1,370398.0,37039.8,333358.2,177792.12,155566.08,Online,Bank Transfer
ORD002450,2025-10-16,CUST0492,P0009,S023,E022,1,42014.65,0.0,42014.65,0.0,42014.65,29720.6,12294.05,Corporate,Credit Card
ORD002451,2026-06-24,CUST0429,P0076,S025,E031,3,61365.99,0.1,184097.97,18409.8,165688.17,84372.75,81315.42,In-Store,Cash
ORD002452,2026-11-23,CUST0155,P0033,S022,E011,1,11086.41,0.0,11086.41,0.0,11086.41,7183.05,3903.36,In-Store,Credit Card
ORD002453,2025-09-10,CUST0388,P0052,S013,E056,3,4090.14,0.0,12270.42,0.0,12270.42,10400.85,1869.57,Online,UPI
ORD002454,2025-05-06,CUST0476,P0075,S009,E015,4,106606.63,0.0,426426.52,0.0,426426.52,276171.6,150254.92,Corporate,UPI
ORD002455,2025-06-26,CUST0321,P0071,S021,E003,3,98253.06,0.1,294759.18,29475.92,265283.26,167062.65,98220.61,In-Store,UPI
ORD002456,2025-02-06,CUST0003,P0033,S018,E025,10,10915.3,0.1,109153.0,10915.3,98237.7,71830.5,26407.2,Online,Bank Transfer
ORD002457,2026-02-14,CUST0401,P0043,S007,E050,2,26139.72,0.0,52279.44,0.0,52279.44,36994.06,15285.38,In-Store,Bank Transfer
ORD002458,2026-09-03,CUST0118,P0073,S023,E052,3,89488.17,0.0,268464.51,0.0,268464.51,133344.09,135120.42,In-Store,UPI
ORD002459,2026-09-02,CUST0393,P0078,S002,E018,3,77870.54,0.05,233611.62,11680.58,221931.04,150293.82,71637.22,Corporate,Bank Transfer
ORD002460,2025-05-07,CUST0062,P0003,S018,E025,5,102095.06,0.1,510475.3,51047.53,459427.77,377506.0,81921.77,Corporate,Credit Card
ORD002461,2026-04-28,CUST0019,P0061,S011,E055,3,7154.83,0.1,21464.49,2146.45,19318.04,9824.85,9493.19,Corporate,Bank Transfer
ORD002462,2025-06-17,CUST0461,P0052,S012,E040,4,4241.48,0.05,16965.92,848.3,16117.62,13867.8,2249.82,In-Store,UPI
ORD002463,2026-08-15,CUST0025,P0037,S001,E021,4,101587.8,0.0,406351.2,0.0,406351.2,244153.6,162197.6,In-Store,Credit Card
ORD002464,2025-10-21,CUST0100,P0002,S014,E014,4,17204.07,0.05,68816.28,3440.81,65375.47,32915.72,32459.75,Online,UPI
ORD002465,2026-09-30,CUST0305,P0022,S025,E001,4,74938.57,0.0,299754.28,0.0,299754.28,140295.36,159458.92,Online,UPI
ORD002466,2025-12-09,CUST0345,P0074,S015,E048,2,100133.22,0.0,200266.44,0.0,200266.44,147986.86,52279.58,In-Store,UPI
ORD002467,2025-11-06,CUST0482,P0022,S006,E043,10,74281.9,0.05,742819.0,37140.95,705678.05,350738.4,354939.65,Online,UPI
ORD002468,2026-10-24,CUST0318,P0017,S004,E037,2,63291.15,0.05,126582.3,6329.12,120253.18,80855.86,39397.32,In-Store,Cash
ORD002469,2026-06-12,CUST0244,P0072,S003,E038,4,5467.83,0.1,21871.32,2187.13,19684.19,12627.32,7056.87,In-Store,Bank Transfer
ORD002470,2026-06-24,CUST0481,P0058,S010,E010,1,121691.72,0.05,121691.72,6084.59,115607.13,70614.97,44992.16,In-Store,Bank Transfer
ORD002471,2026-02-23,CUST0208,P0033,S022,E011,1,10689.98,0.2,10689.98,2138.0,8551.98,7183.05,1368.93,Online,Bank Transfer
ORD002472,2026-03-20,CUST0214,P0024,S004,E037,2,55564.49,0.0,111128.98,0.0,111128.98,76386.92,34742.06,In-Store,Credit Card
ORD002473,2026-11-16,CUST0408,P0056,S022,E020,3,44360.29,0.1,133080.87,13308.09,119772.78,89235.6,30537.18,In-Store,UPI
ORD002474,2026-07-12,CUST0250,P0077,S002,E036,5,3178.87,0.1,15894.35,1589.44,14304.91,8641.2,5663.71,Online,UPI
ORD002475,2025-08-24,CUST0098,P0067,S023,E059,1,66365.18,0.2,66365.18,13273.04,53092.14,43069.88,10022.26,Online,Bank Transfer
ORD002476,2026-03-15,CUST0346,P0042,S005,E035,5,53943.66,0.05,269718.3,13485.92,256232.38,181453.4,74778.98,Online,UPI
ORD002477,2025-08-02,CUST0462,P0020,S021,E027,1,64997.5,0.0,64997.5,0.0,64997.5,36663.27,28334.23,In-Store,Credit Card
ORD002478,2025-03-26,CUST0125,P0043,S016,E013,1,23820.74,0.1,23820.74,2382.07,21438.67,18497.03,2941.64,Online,UPI
ORD002479,2025-03-26,CUST0280,P0046,S005,E017,2,47178.54,0.1,94357.08,9435.71,84921.37,43706.68,41214.69,Corporate,Bank Transfer
ORD002480,2026-05-04,CUST0491,P0036,S001,E021,5,61894.44,0.0,309472.2,0.0,309472.2,163049.75,146422.45,Corporate,Bank Transfer
ORD002481,2025-03-06,CUST0081,P0068,S020,E053,4,43614.8,0.05,174459.2,8722.96,165736.24,129426.16,36310.08,In-Store,Bank Transfer
ORD002482,2026-10-08,CUST0222,P0071,S024,E005,4,101814.82,0.0,407259.28,0.0,407259.28,222750.2,184509.08,In-Store,UPI
ORD002483,2026-10-25,CUST0262,P0004,S004,E037,1,91819.81,0.1,91819.81,9181.98,82637.83,57821.79,24816.04,In-Store,UPI
ORD002484,2026-09-19,CUST0445,P0021,S001,E021,2,42678.17,0.05,85356.34,4267.82,81088.52,39332.56,41755.96,Corporate,Credit Card
ORD002485,2025-03-05,CUST0457,P0019,S023,E059,3,40956.92,0.1,122870.76,12287.08,110583.68,63653.22,46930.46,Online,Bank Transfer
ORD002486,2025-12-09,CUST0451,P0048,S021,E008,4,119732.89,0.0,478931.56,0.0,478931.56,365576.8,113354.76,Online,Bank Transfer
ORD002487,2025-12-18,CUST0471,P0055,S002,E049,10,60728.7,0.1,607287.0,60728.7,546558.3,414248.5,132309.8,In-Store,UPI
ORD002488,2025-06-07,CUST0280,P0062,S008,E024,2,102743.06,0.05,205486.12,10274.31,195211.81,158588.38,36623.43,Corporate,Bank Transfer
ORD002489,2026-08-12,CUST0185,P0051,S022,E032,4,96152.75,0.0,384611.0,0.0,384611.0,209739.52,174871.48,In-Store,UPI
ORD002490,2026-05-06,CUST0165,P0034,S022,E011,4,48065.96,0.1,192263.84,19226.38,173037.46,110517.4,62520.06,Online,Credit Card
ORD002491,2026-10-20,CUST0025,P0035,S014,E014,3,66514.58,0.05,199543.74,9977.19,189566.55,99507.69,90058.86,In-Store,Cash
ORD002492,2026-04-08,CUST0455,P0073,S009,E015,4,92471.82,0.1,369887.28,36988.73,332898.55,177792.12,155106.43,In-Store,Credit Card
ORD002493,2025-08-13,CUST0352,P0046,S001,E021,1,45416.56,0.0,45416.56,0.0,45416.56,21853.34,23563.22,Online,Bank Transfer
ORD002494,2025-11-09,CUST0240,P0064,S020,E053,3,63649.97,0.0,190949.91,0.0,190949.91,125103.66,65846.25,Corporate,Bank Transfer
ORD002495,2026-09-07,CUST0343,P0010,S007,E050,3,8115.82,0.1,24347.46,2434.75,21912.71,14560.08,7352.63,In-Store,Bank Transfer
ORD002496,2026-04-11,CUST0441,P0027,S015,E048,2,4717.71,0.05,9435.42,471.77,8963.65,4437.78,4525.87,In-Store,Cash
ORD002497,2025-03-29,CUST0020,P0070,S003,E038,5,121925.4,0.0,609627.0,0.0,609627.0,309054.05,300572.95,Online,Bank Transfer
ORD002498,2025-10-30,CUST0163,P0027,S015,E057,4,4838.33,0.0,19353.32,0.0,19353.32,8875.56,10477.76,In-Store,Bank Transfer
ORD002499,2026-11-11,CUST0112,P0032,S001,E021,3,75468.26,0.1,226404.78,22640.48,203764.3,165100.95,38663.35,In-Store,UPI
ORD002500,2026-03-11,CUST0313,P0007,S003,E038,5,59702.19,0.1,298510.95,29851.1,268659.85,192710.65,75949.2,Corporate,Bank Transfer
